,ShipName,group_id,mmsi,higher_types,radius,start_time,end_time,lon,lat,first_course,avg_speed,turn_val,accel_val,status
0,AGS- 신천지,0,352001086,others,5000,2022-12-01 00:00:14+00:00,2022-12-01 14:10:12+00:00,128.7938,35.07728333,140.0,0.008717948717948718,0.0,0.0,정박/대기
1,AGS- 신천지,1,352001086,others,5000,2022-12-01 14:15:31+00:00,2022-12-01 14:15:31+00:00,128.79185,35.07655,248.0,2.6,62.0,1.9000000000000001,우선회(62.0°) 가속 저속 운항
2,AGS- 신천지,2,352001086,others,5000,2022-12-01 14:18:13+00:00,2022-12-01 14:18:13+00:00,128.7911833,35.07631667,246.0,3.3,-2.0,0.6999999999999997,저속 운항
3,AGS- 신천지,3,352001086,others,5000,2022-12-01 14:20:01+00:00,2022-12-01 14:24:12+00:00,128.78675,35.07165,205.0,7.2,-41.0,3.9000000000000004,좌선회(41.0°) 가속 이동/통과
4,AGS- 신천지,4,352001086,others,5000,2022-12-01 14:25:11+00:00,2022-12-01 14:25:11+00:00,128.7812833,35.05841667,195.0,11.2,-10.0,3.999999999999999,가속 이동/통과
5,AGS- 신천지,5,352001086,others,5000,2022-12-01 14:30:31+00:00,2022-12-01 16:30:14+00:00,128.77855,35.0419,176.0,12.015151515151516,-19.0,0.20000000000000107,이동/통과
6,AGS- 신천지,6,352001086,others,5000,2022-12-01 16:30:32+00:00,2022-12-01 16:30:32+00:00,128.8097833,34.66426667,235.0,11.9,25.0,-0.29999999999999893,우선회(25.0°) 이동/통과
7,AGS- 신천지,7,352001086,others,5000,2022-12-01 16:35:22+00:00,2022-12-01 20:00:12+00:00,128.7936167,34.65513333,235.0,11.288679245283017,0.0,0.09999999999999964,이동/통과
8,AGS- 신천지,8,352001086,others,5000,2022-12-01 20:05:01+00:00,2022-12-01 20:05:01+00:00,128.067,34.4584,315.0,9.3,25.0,-0.1999999999999993,우선회(25.0°) 이동/통과
9,AGS- 신천지,9,352001086,others,5000,2022-12-01 20:06:14+00:00,2022-12-01 21:00:11+00:00,128.0639167,34.46085,315.0,7.728571428571429,0.0,0.0,이동/통과
10,AGS- 신천지,10,352001086,others,5000,2022-12-01 21:02:20+00:00,2022-12-01 21:02:20+00:00,127.9809,34.56001667,325.0,8.4,-2.0,2.3000000000000007,가속 이동/통과
11,AGS- 신천지,11,352001086,others,5000,2022-12-01 21:06:10+00:00,2022-12-01 21:18:14+00:00,127.9783833,34.56308333,326.0,9.22,1.0,0.40000000000000036,이동/통과
12,AGS- 신천지,12,352001086,others,5000,2022-12-01 21:20:31+00:00,2022-12-01 21:20:31+00:00,127.9531833,34.60033333,350.0,9.3,25.0,-0.09999999999999964,우선회(25.0°) 이동/통과
13,AGS- 신천지,13,352001086,others,5000,2022-12-01 21:27:31+00:00,2022-12-01 21:55:21+00:00,127.9492833,34.6185,349.0,8.85,-1.0,0.09999999999999964,이동/통과
14,AGS- 신천지,14,352001086,others,5000,2022-12-01 22:00:21+00:00,2022-12-01 22:00:21+00:00,127.9088167,34.68703333,309.0,8.7,0.0,2.499999999999999,가속 이동/통과
15,AGS- 신천지,15,352001086,others,5000,2022-12-01 22:05:11+00:00,2022-12-01 22:46:52+00:00,127.8976833,34.69461667,307.0,6.479166666666667,-2.0,-0.5999999999999996,이동/통과
16,AGS- 신천지,16,352001086,others,5000,2022-12-01 22:48:14+00:00,2022-12-01 22:52:49+00:00,127.8288833,34.74366667,340.0,11.45,10.0,3.1000000000000005,가속 이동/통과
17,AGS- 신천지,17,352001086,others,5000,2022-12-01 22:54:14+00:00,2022-12-01 23:12:12+00:00,127.81895,34.76821667,340.0,14.016666666666666,0.0,0.0,이동/통과
18,AGS- 신천지,18,352001086,others,5000,2022-12-01 23:15:29+00:00,2022-12-01 23:15:29+00:00,127.7966,34.84928333,328.0,12.4,-21.0,-2.0999999999999996,좌선회(21.0°) 감속 이동/통과
19,AGS- 신천지,19,352001086,others,5000,2022-12-01 23:20:09+00:00,2022-12-01 23:30:18+00:00,127.7848167,34.86128333,321.0,12.225,-7.0,-0.3000000000000007,이동/통과
20,AGS- 신천지,20,352001086,others,5000,2022-12-01 23:35:29+00:00,2022-12-01 23:36:13+00:00,127.7434167,34.90038333,295.0,11.7,-26.0,-0.5,좌선회(26.0°) 이동/통과
21,AGS- 신천지,21,352001086,others,5000,2022-12-01 23:40:09+00:00,2022-12-01 23:45:18+00:00,127.7252833,34.9044,282.0,11.899999999999999,-13.0,0.5,이동/통과
22,AGS- 신천지,22,352001086,others,5000,2022-12-01 23:50:08+00:00,2022-12-01 23:50:08+00:00,127.6878833,34.90873333,248.0,9.5,-35.0,-2.0999999999999996,좌선회(35.0°) 감속 이동/통과
23,AGS- 신천지,23,352001086,others,5000,2022-12-01 23:56:18+00:00,2022-12-02 00:02:07+00:00,127.6726333,34.90081667,235.0,6.85,-13.0,-1.7000000000000002,이동/통과
24,AGS- 신천지,24,352001086,others,5000,2022-12-02 00:05:08+00:00,2022-12-02 00:05:08+00:00,127.6565333,34.89255,245.0,4.9,7.0,-1.0,저속 운항
25,AGS- 신천지,25,352001086,others,5000,2022-12-02 00:10:08+00:00,2022-12-02 12:00:23+00:00,127.6540333,34.8917,327.0,0.006606811142940175,82.0,-4.4,정박/대기
26,AGS- 신천지,26,352001086,others,5000,2022-12-02 12:05:03+00:00,2022-12-02 12:06:14+00:00,127.6561667,34.89165,114.0,2.4,-36.0,1.7999999999999998,좌선회(36.0°) 가속 저속 운항
27,AGS- 신천지,27,352001086,others,5000,2022-12-02 12:10:03+00:00,2022-12-02 12:10:07+00:00,127.6559333,34.89116667,310.0,0.45,-164.0,-1.9,정박/대기
28,AGS- 신천지,28,352001086,others,5000,2022-12-02 12:12:11+00:00,2022-12-02 12:12:11+00:00,127.6573833,34.89216667,47.0,1.7,83.0,1.2999999999999998,우선회(83.0°) 저속 운항
29,AGS- 신천지,29,352001086,others,5000,2022-12-02 12:15:13+00:00,2022-12-02 12:20:42+00:00,127.66145,34.89416667,56.0,9.45,9.0,5.7,가속 이동/통과
30,AGS- 신천지,30,352001086,others,5000,2022-12-02 12:25:43+00:00,2022-12-02 12:25:43+00:00,127.6962,34.90763333,92.0,11.8,36.0,0.3000000000000007,우선회(36.0°) 이동/통과
31,AGS- 신천지,31,352001086,others,5000,2022-12-02 12:30:13+00:00,2022-12-02 12:36:12+00:00,127.71675,34.90393333,104.0,12.1,12.0,0.29999999999999893,이동/통과
32,AGS- 신천지,32,352001086,others,5000,2022-12-02 12:40:04+00:00,2022-12-02 12:40:04+00:00,127.7503833,34.89196667,143.0,12.1,39.0,0.0,우선회(39.0°) 이동/통과
33,AGS- 신천지,33,352001086,others,5000,2022-12-02 12:45:24+00:00,2022-12-02 12:50:14+00:00,127.76085,34.87646667,140.0,11.95,-3.0,-0.29999999999999893,이동/통과
34,AGS- 신천지,34,352001086,others,5000,2022-12-02 12:54:14+00:00,2022-12-02 12:54:14+00:00,127.7839167,34.85873333,149.0,14.5,20.0,2.4000000000000004,우선회(20.0°) 가속 이동/통과
35,AGS- 신천지,35,352001086,others,5000,2022-12-02 12:55:19+00:00,2022-12-02 13:12:11+00:00,127.7894667,34.85045,154.0,14.86,5.0,1.1999999999999993,이동/통과
36,AGS- 신천지,36,352001086,others,5000,2022-12-02 13:16:19+00:00,2022-12-02 13:16:25+00:00,127.81205,34.76885,166.0,11.05,-2.0,-3.5,감속 이동/통과
37,AGS- 신천지,37,352001086,others,5000,2022-12-02 13:16:29+00:00,2022-12-02 13:18:11+00:00,127.8122,34.76835,166.0,10.875,0.0,0.0,이동/통과
38,AGS- 신천지,38,352001086,others,5000,2022-12-02 13:20:09+00:00,2022-12-02 13:20:09+00:00,127.81545,34.75963333,161.0,7.7,-5.0,-3.1000000000000005,감속 이동/통과
39,AGS- 신천지,39,352001086,others,5000,2022-12-02 13:20:29+00:00,2022-12-02 13:20:29+00:00,127.8157,34.759,161.0,7.5,0.0,-0.20000000000000018,이동/통과
40,AGS- 신천지,40,352001086,others,5000,2022-12-02 13:24:10+00:00,2022-12-02 13:25:09+00:00,127.8194833,34.74868333,162.0,11.4,1.0,2.9000000000000004,가속 이동/통과
41,AGS- 신천지,41,352001086,others,5000,2022-12-02 13:30:13+00:00,2022-12-02 13:36:11+00:00,127.8223667,34.73903333,166.0,12.524999999999999,0.0,0.5999999999999996,이동/통과
42,AGS- 신천지,42,352001086,others,5000,2022-12-02 13:42:12+00:00,2022-12-02 13:42:12+00:00,127.8630667,34.70045,116.0,12.0,-30.0,-0.1999999999999993,좌선회(30.0°) 이동/통과
43,AGS- 신천지,43,352001086,others,5000,2022-12-02 13:42:29+00:00,2022-12-02 13:54:14+00:00,127.8605167,34.70156667,118.0,12.525,2.0,0.5,이동/통과
44,AGS- 신천지,44,352001086,others,5000,2022-12-02 13:56:53+00:00,2022-12-02 14:00:13+00:00,127.9132167,34.67681667,140.0,12.3,22.0,-0.1999999999999993,우선회(22.0°) 이동/통과
45,AGS- 신천지,45,352001086,others,5000,2022-12-02 14:02:49+00:00,2022-12-02 14:02:49+00:00,127.9179,34.6573,172.0,12.3,32.0,0.0,우선회(32.0°) 이동/통과
46,AGS- 신천지,46,352001086,others,5000,2022-12-02 14:05:08+00:00,2022-12-02 15:36:12+00:00,127.9191833,34.6494,172.0,12.229166666666666,0.0,0.0,이동/통과
47,AGS- 신천지,47,352001086,others,5000,2022-12-02 15:36:39+00:00,2022-12-02 15:36:39+00:00,127.9469167,34.34121667,202.0,12.1,24.0,0.0,우선회(24.0°) 이동/통과
48,AGS- 신천지,48,352001086,others,5000,2022-12-02 15:40:40+00:00,2022-12-02 16:45:50+00:00,127.9395667,34.32926667,210.0,12.066666666666666,8.0,0.0,이동/통과
49,AGS- 신천지,49,352001086,others,5000,2022-12-02 17:17:49+00:00,2022-12-02 17:17:49+00:00,127.7687833,34.04201667,190.0,11.8,-21.0,-0.29999999999999893,좌선회(21.0°) 이동/통과
50,AGS- 신천지,50,352001086,others,5000,2022-12-02 17:21:09+00:00,2022-12-02 17:21:09+00:00,127.7663,34.03131667,189.0,11.8,-1.0,0.0,이동/통과
51,AGS- 신천지,51,352001086,others,5000,2022-12-02 22:56:40+00:00,2022-12-02 22:56:40+00:00,126.95015,33.18125,238.0,11.9,49.0,0.09999999999999964,우선회(49.0°) 이동/통과
52,AGS- 신천지,52,352001086,others,5000,2022-12-02 23:01:39+00:00,2022-12-03 04:04:49+00:00,126.9334333,33.17238333,236.0,12.339130434782609,-2.0,0.0,이동/통과
53,AOE-59 화천,0,431016257,auxiliary,5500,2022-12-01 06:06:12+00:00,2022-12-01 08:20:52+00:00,129.95,33.475,0.0,0.4,0.0,0.0,정박/대기
54,AOE-59 화천,1,431016257,auxiliary,5500,2022-12-01 08:32:19+00:00,2022-12-01 08:32:19+00:00,129.9511933,33.482015,322.6,2.6,-98.29999999999995,1.8,좌선회(98.3°) 저속 운항
55,AOE-59 화천,2,431016257,auxiliary,5500,2022-12-01 08:35:17+00:00,2022-12-01 14:50:08+00:00,129.9506583,33.48242833,157.9,0.16980676328502417,-164.70000000000002,-1.5,정박/대기
56,AOE-59 화천,3,431016257,auxiliary,5500,2022-12-01 14:55:11+00:00,2022-12-01 14:55:11+00:00,129.9555667,33.48987167,53.4,8.4,88.39999999999998,7.6000000000000005,우선회(88.4°) 가속 이동/통과
57,AOE-59 화천,4,431016257,auxiliary,5500,2022-12-01 15:07:08+00:00,2022-12-01 15:30:09+00:00,129.986445,33.50569,58.6,10.928571428571429,5.200000000000003,1.5,이동/통과
58,AOE-59 화천,5,431016257,auxiliary,5500,2022-12-01 15:35:09+00:00,2022-12-01 15:35:17+00:00,130.066615,33.55856667,20.7,11.1,-32.099999999999994,-0.7000000000000011,좌선회(32.1°) 이동/통과
59,AOE-59 화천,6,431016257,auxiliary,5500,2022-12-01 15:40:58+00:00,2022-12-01 18:05:59+00:00,130.0745267,33.57588167,21.3,11.323684210526316,0.6000000000000014,0.20000000000000107,이동/통과
60,AOE-59 화천,7,431016257,auxiliary,5500,2022-12-01 18:10:09+00:00,2022-12-01 18:11:17+00:00,130.4725,33.90289667,352.2,11.1,-48.60000000000002,0.09999999999999964,좌선회(48.6°) 이동/통과
61,AOE-59 화천,8,431016257,auxiliary,5500,2022-12-01 18:12:07+00:00,2022-12-01 18:17:18+00:00,130.47,33.90833333,352.0,10.600000000000001,-0.19999999999998863,-1.0999999999999996,이동/통과
62,AOE-59 화천,9,431016257,auxiliary,5500,2022-12-01 18:18:07+00:00,2022-12-01 18:18:07+00:00,130.4716667,33.925,77.0,10.0,80.0,-0.8000000000000007,우선회(80.0°) 이동/통과
63,AOE-59 화천,10,431016257,auxiliary,5500,2022-12-01 18:20:13+00:00,2022-12-01 19:54:01+00:00,130.4807483,33.92646167,83.1,11.7875,6.099999999999994,1.4000000000000004,이동/통과
64,AOE-59 화천,11,431016257,auxiliary,5500,2022-12-01 19:54:07+00:00,2022-12-01 19:54:07+00:00,130.8466667,33.95333333,135.0,12.0,30.0,-0.09999999999999964,우선회(30.0°) 이동/통과
65,AOE-59 화천,12,431016257,auxiliary,5500,2022-12-01 19:55:09+00:00,2022-12-01 20:12:00+00:00,130.8508783,33.951235,139.1,12.266666666666666,4.099999999999994,0.40000000000000036,이동/통과
66,AOE-59 화천,13,431016257,auxiliary,5500,2022-12-01 20:15:08+00:00,2022-12-01 20:17:18+00:00,130.9073733,33.90252667,111.8,12.0,-26.200000000000003,-0.1999999999999993,좌선회(26.2°) 이동/통과
67,AOE-59 화천,14,431016257,auxiliary,5500,2022-12-01 20:17:56+00:00,2022-12-01 20:18:00+00:00,130.9194883,33.90531333,111.8,12.0,0.0,0.0,이동/통과
68,AOE-59 화천,15,431016257,auxiliary,5500,2022-12-01 20:20:07+00:00,2022-12-01 20:20:07+00:00,130.92436,33.907775,59.3,11.6,-52.5,-0.40000000000000036,좌선회(52.5°) 이동/통과
69,AOE-59 화천,16,431016257,auxiliary,5500,2022-12-01 20:23:20+00:00,2022-12-01 20:24:01+00:00,130.9256983,33.90844667,59.0,11.7,-0.29999999999999716,0.09999999999999964,이동/통과
70,AOE-59 화천,17,431016257,auxiliary,5500,2022-12-01 20:25:07+00:00,2022-12-01 20:29:19+00:00,130.9330117,33.92126,19.8,11.300000000000002,-39.2,-0.3999999999999986,좌선회(39.2°) 이동/통과
71,AOE-59 화천,18,431016257,auxiliary,5500,2022-12-01 20:29:58+00:00,2022-12-01 20:30:08+00:00,130.941205,33.94189667,19.8,11.400000000000002,0.0,0.0,이동/통과
72,AOE-59 화천,19,431016257,auxiliary,5500,2022-12-01 20:35:07+00:00,2022-12-01 20:35:21+00:00,130.9494533,33.94988833,41.2,12.0,29.000000000000004,0.5,우선회(29.0°) 이동/통과
73,AOE-59 화천,20,431016257,auxiliary,5500,2022-12-01 20:35:57+00:00,2022-12-01 20:41:18+00:00,130.9598,33.960235,41.0,12.099999999999998,-0.20000000000000284,0.0,이동/통과
74,AOE-59 화천,21,431016257,auxiliary,5500,2022-12-01 20:45:09+00:00,2022-12-01 20:45:09+00:00,130.980535,33.97006,67.3,12.2,30.299999999999997,0.0,우선회(30.3°) 이동/통과
75,AOE-59 화천,22,431016257,auxiliary,5500,2022-12-01 20:47:17+00:00,2022-12-01 20:47:17+00:00,130.981735,33.97046667,68.0,12.2,0.7000000000000028,0.0,이동/통과
76,AOE-59 화천,23,431016257,auxiliary,5500,2022-12-01 20:50:01+00:00,2022-12-01 20:50:01+00:00,130.9992633,33.97497833,90.7,12.0,22.700000000000003,-0.1999999999999993,우선회(22.7°) 이동/통과
77,AOE-59 화천,24,431016257,auxiliary,5500,2022-12-01 20:53:18+00:00,2022-12-01 20:54:00+00:00,131.001735,33.97492333,92.0,11.9,1.2999999999999972,-0.09999999999999964,이동/통과
78,AOE-59 화천,25,431016257,auxiliary,5500,2022-12-01 20:55:08+00:00,2022-12-01 20:55:08+00:00,131.018635,33.97023,117.3,12.1,25.299999999999997,0.1999999999999993,우선회(25.3°) 이동/통과
79,AOE-59 화천,26,431016257,auxiliary,5500,2022-12-01 20:59:18+00:00,2022-12-01 21:00:08+00:00,131.053885,33.94954,117.3,12.25,0.0,0.0,이동/통과
80,AOE-59 화천,27,431016257,auxiliary,5500,2022-12-01 21:05:08+00:00,2022-12-01 21:05:17+00:00,131.0517667,33.95025,113.8,12.4,-21.799999999999997,0.0,좌선회(21.8°) 이동/통과
81,AOE-59 화천,28,431016257,auxiliary,5500,2022-12-01 21:05:57+00:00,2022-12-01 21:35:18+00:00,131.0832933,33.93608167,113.8,12.590909090909092,0.0,0.0,이동/통과
82,AOE-59 화천,29,431016257,auxiliary,5500,2022-12-01 21:40:09+00:00,2022-12-01 21:42:31+00:00,131.1802317,33.89178167,94.6,12.7,-29.5,-0.10000000000000142,좌선회(29.5°) 이동/통과
83,AOE-59 화천,30,431016257,auxiliary,5500,2022-12-01 21:45:02+00:00,2022-12-01 21:45:02+00:00,131.1996817,33.89473833,66.1,11.9,-28.5,-0.7999999999999989,좌선회(28.5°) 이동/통과
84,AOE-59 화천,31,431016257,auxiliary,5500,2022-12-01 21:50:08+00:00,2022-12-01 21:50:08+00:00,131.2135967,33.90616667,29.3,11.5,-36.8,-0.40000000000000036,좌선회(36.8°) 이동/통과
85,AOE-59 화천,32,431016257,auxiliary,5500,2022-12-01 21:53:17+00:00,2022-12-01 21:59:19+00:00,131.222235,33.92071,29.3,11.6,0.0,0.0,이동/통과
86,AOE-59 화천,33,431016257,auxiliary,5500,2022-12-02 22:15:01+00:00,2022-12-02 22:17:34+00:00,131.2222267,33.92633333,215.3,9.9,-164.0,-1.799999999999999,좌선회(164.0°) 이동/통과
87,AOE-59 화천,34,431016257,auxiliary,5500,2022-12-02 22:20:07+00:00,2022-12-02 22:36:08+00:00,131.2124917,33.91440667,217.0,10.65,1.6999999999999886,0.40000000000000036,이동/통과
88,AOE-59 화천,35,431016257,auxiliary,5500,2022-12-02 22:40:01+00:00,2022-12-02 22:40:01+00:00,131.1641283,33.86983667,229.2,11.9,21.19999999999999,0.9000000000000004,우선회(21.2°) 이동/통과
89,AOE-59 화천,36,431016257,auxiliary,5500,2022-12-02 22:41:18+00:00,2022-12-02 23:12:01+00:00,131.1609433,33.86777167,233.0,11.666666666666666,3.8000000000000114,0.0,이동/통과
90,AOE-59 화천,37,431016257,auxiliary,5500,2022-12-02 23:15:08+00:00,2022-12-02 23:15:08+00:00,131.0472717,33.809295,251.7,11.7,20.19999999999999,0.0,우선회(20.2°) 이동/통과
91,AOE-59 화천,38,431016257,auxiliary,5500,2022-12-02 23:15:09+00:00,2022-12-02 23:23:18+00:00,131.0466667,33.80833333,251.0,11.466666666666667,-0.6999999999999886,-0.6999999999999993,이동/통과
92,AOE-59 화천,39,431016257,auxiliary,5500,2022-12-02 23:25:09+00:00,2022-12-02 23:25:09+00:00,131.0167433,33.79399667,215.8,8.5,-33.39999999999998,-3.1999999999999993,좌선회(33.4°) 감속 이동/통과
93,AOE-59 화천,40,431016257,auxiliary,5500,2022-12-02 23:29:21+00:00,2022-12-02 23:29:21+00:00,131.0117367,33.787805,213.0,6.1,-2.8000000000000114,-2.4000000000000004,감속 이동/통과
94,AOE-59 화천,41,431016257,auxiliary,5500,2022-12-02 23:30:01+00:00,2022-12-02 23:30:01+00:00,131.01074,33.786485,211.0,5.2,-2.0,-0.8999999999999995,이동/통과
95,AOE-59 화천,42,431016257,auxiliary,5500,2022-12-02 23:30:07+00:00,2022-12-02 23:30:07+00:00,131.0103533,33.785925,209.9,4.9,-1.0999999999999943,-0.2999999999999998,저속 운항
96,AOE-59 화천,43,431016257,auxiliary,5500,2022-12-02 23:35:01+00:00,2022-12-02 23:35:59+00:00,131.0072617,33.78248333,194.4,0.4000000000000001,-15.5,-4.5,정박/대기
97,AOE-59 화천,44,431016257,auxiliary,5500,2022-12-02 23:40:08+00:00,2022-12-02 23:41:20+00:00,131.0059917,33.78265167,290.4,1.3,95.99999999999997,0.9,우선회(96.0°) 저속 운항
98,AOE-59 화천,45,431016257,auxiliary,5500,2022-12-02 23:45:11+00:00,2022-12-02 23:47:39+00:00,131.005125,33.782955,224.5,0.5666666666666667,-65.89999999999998,-0.8,정박/대기
99,AOE-59 화천,46,431016257,auxiliary,5500,2022-12-02 23:50:08+00:00,2022-12-02 23:53:20+00:00,131.0045533,33.78228667,237.6,1.0,24.599999999999994,0.4,우선회(24.6°) 저속 운항
100,AOE-59 화천,47,431016257,auxiliary,5500,2022-12-02 23:55:09+00:00,2022-12-03 08:00:02+00:00,131.0042833,33.78244333,293.6,0.0203448275862069,56.00000000000003,-1.0,정박/대기
101,AOE-59 화천,48,431016257,auxiliary,5500,2022-12-03 08:05:08+00:00,2022-12-03 08:11:59+00:00,131.0115133,33.78837167,34.5,9.75,14.399999999999999,8.3,가속 이동/통과
102,AOE-59 화천,49,431016257,auxiliary,5500,2022-12-03 08:12:00+00:00,2022-12-03 08:12:00+00:00,131.0258917,33.80361,39.0,11.0,0.0,0.0,이동/통과
103,AOE-59 화천,50,431016257,auxiliary,5500,2022-12-03 08:15:02+00:00,2022-12-03 08:17:58+00:00,131.0362317,33.80627167,74.0,10.8,35.0,-0.1999999999999993,우선회(35.0°) 이동/통과
104,AOE-59 화천,51,431016257,auxiliary,5500,2022-12-03 08:20:09+00:00,2022-12-03 08:23:59+00:00,131.0520683,33.81384167,58.1,10.7,-15.899999999999999,-0.10000000000000142,이동/통과
105,AOE-59 화천,52,431016257,auxiliary,5500,2022-12-03 08:25:02+00:00,2022-12-03 08:29:18+00:00,131.0657433,33.82385,26.4,11.9,-31.700000000000003,1.200000000000001,좌선회(31.7°) 이동/통과
106,AOE-59 화천,53,431016257,auxiliary,5500,2022-12-03 08:30:08+00:00,2022-12-03 08:30:08+00:00,131.0672583,33.84110667,2.6,12.4,-23.799999999999997,0.5,좌선회(23.8°) 이동/통과
107,AOE-59 화천,54,431016257,auxiliary,5500,2022-12-03 08:35:08+00:00,2022-12-03 08:59:27+00:00,131.0679,33.85848,1.3,12.5,-1.3,0.09999999999999964,이동/통과
108,AOE-59 화천,55,431016257,auxiliary,5500,2022-12-03 09:00:08+00:00,2022-12-03 09:00:08+00:00,131.05688,33.94306167,313.9,12.5,-28.100000000000023,0.09999999999999964,좌선회(28.1°) 이동/통과
109,AOE-59 화천,56,431016257,auxiliary,5500,2022-12-03 09:05:08+00:00,2022-12-03 09:17:18+00:00,131.0430733,33.95626833,320.1,12.7,6.2000000000000455,0.0,이동/통과
110,AOE-59 화천,57,431016257,auxiliary,5500,2022-12-03 09:20:08+00:00,2022-12-03 09:23:21+00:00,130.9901767,33.97896333,239.4,13.0,-57.099999999999994,-0.09999999999999964,좌선회(57.1°) 이동/통과
111,AOE-59 화천,58,431016257,auxiliary,5500,2022-12-03 09:25:02+00:00,2022-12-03 09:29:18+00:00,130.9707517,33.96952667,237.9,14.2,-1.5,1.1999999999999993,이동/통과
112,AOE-59 화천,59,431016257,auxiliary,5500,2022-12-03 09:30:02+00:00,2022-12-03 09:30:02+00:00,130.950605,33.9556,221.1,17.5,-16.80000000000001,3.3000000000000007,가속 이동/통과
113,AOE-59 화천,60,431016257,auxiliary,5500,2022-12-03 09:35:00+00:00,2022-12-03 09:35:50+00:00,130.9364917,33.93690833,196.0,15.3,-25.099999999999994,-2.1999999999999993,좌선회(25.1°) 감속 이동/통과
114,AOE-59 화천,61,431016257,auxiliary,5500,2022-12-03 09:40:02+00:00,2022-12-03 09:41:19+00:00,130.9284533,33.91715667,202.9,14.3,6.900000000000006,-1.0,이동/통과
115,AOE-59 화천,62,431016257,auxiliary,5500,2022-12-03 09:45:02+00:00,2022-12-03 09:45:02+00:00,130.910935,33.90842667,287.1,12.6,84.20000000000002,-1.700000000000001,우선회(84.2°) 이동/통과
116,AOE-59 화천,63,431016257,auxiliary,5500,2022-12-03 09:47:20+00:00,2022-12-03 09:48:00+00:00,130.9100067,33.908675,288.0,12.5,0.8999999999999773,-0.09999999999999964,이동/통과
117,AOE-59 화천,64,431016257,auxiliary,5500,2022-12-03 09:50:05+00:00,2022-12-03 09:54:01+00:00,130.893685,33.91822167,318.8,13.6,30.80000000000001,1.0999999999999996,우선회(30.8°) 이동/통과
118,AOE-59 화천,65,431016257,auxiliary,5500,2022-12-03 09:55:03+00:00,2022-12-03 09:55:03+00:00,130.8790617,33.93289167,320.9,11.9,2.099999999999966,-1.6999999999999993,이동/통과
119,AOE-59 화천,66,431016257,auxiliary,5500,2022-12-03 09:59:20+00:00,2022-12-03 10:00:00+00:00,130.8773017,33.93469,321.0,7.949999999999999,0.10000000000002274,-2.3000000000000007,감속 이동/통과
120,AOE-59 화천,67,431016257,auxiliary,5500,2022-12-03 10:05:01+00:00,2022-12-03 10:05:18+00:00,130.8593483,33.95401667,308.0,13.4,-18.30000000000001,7.1000000000000005,가속 이동/통과
121,AOE-59 화천,68,431016257,auxiliary,5500,2022-12-03 10:10:00+00:00,2022-12-03 14:40:20+00:00,130.8396017,33.96196667,289.9,11.964084507042255,-18.100000000000023,-0.3000000000000007,이동/통과
122,AOE-59 화천,69,431016257,auxiliary,5500,2022-12-03 14:51:40+00:00,2022-12-03 14:51:40+00:00,129.875295,33.570705,237.6,9.7,-3.4000000000000057,-2.700000000000001,감속 이동/통과
123,AOE-59 화천,70,431016257,auxiliary,5500,2022-12-03 14:57:31+00:00,2022-12-03 14:57:31+00:00,129.8684583,33.56415667,222.6,3.7,-15.0,-5.999999999999999,감속 저속 운항
124,AOE-59 화천,71,431016257,auxiliary,5500,2022-12-03 15:00:00+00:00,2022-12-03 15:00:00+00:00,129.8664617,33.56244333,225.1,3.4,2.5,-0.30000000000000027,저속 운항
125,AOE-59 화천,72,431016257,auxiliary,5500,2022-12-03 15:06:08+00:00,2022-12-03 21:25:08+00:00,129.865,33.56166667,229.0,0.0844570905285191,3.9000000000000057,-3.4,정박/대기
126,AOE-59 화천,73,431016257,auxiliary,5500,2022-12-03 21:30:04+00:00,2022-12-03 21:30:04+00:00,129.8650383,33.56216,309.3,4.5,159.10000000000002,4.2,우선회(159.1°) 가속 저속 운항
127,AOE-59 화천,74,431016257,auxiliary,5500,2022-12-03 21:30:09+00:00,2022-12-03 21:30:09+00:00,129.8633333,33.56166667,308.0,4.0,-1.3000000000000114,-0.5,저속 운항
128,AOE-59 화천,75,431016257,auxiliary,5500,2022-12-03 21:37:41+00:00,2022-12-03 21:37:41+00:00,129.8461183,33.56493333,251.7,9.1,-56.30000000000001,5.1,좌선회(56.3°) 가속 이동/통과
129,AOE-59 화천,76,431016257,auxiliary,5500,2022-12-03 21:40:11+00:00,2022-12-03 21:40:11+00:00,129.8389567,33.562755,249.2,9.1,-2.5,0.0,이동/통과
130,AOE-59 화천,77,431016257,auxiliary,5500,2022-12-03 21:45:51+00:00,2022-12-03 21:45:51+00:00,129.82153,33.55402,234.9,11.3,-14.299999999999983,2.200000000000001,가속 이동/통과
131,AOE-59 화천,78,431016257,auxiliary,5500,2022-12-03 21:55:10+00:00,2022-12-03 22:05:21+00:00,129.7921667,33.53558333,229.0,12.433333333333332,-5.900000000000006,1.0999999999999996,이동/통과
132,AOE-59 화천,79,431016257,auxiliary,5500,2022-12-04 00:12:10+00:00,2022-12-04 00:12:10+00:00,129.6866667,33.35666667,86.0,0.0,-144.9,-12.5,정박/대기
133,AOE-59 화천,80,431016257,auxiliary,5500,2022-12-04 04:31:51+00:00,2022-12-04 04:31:51+00:00,129.7462117,33.50983667,34.4,10.1,-51.6,10.1,좌선회(51.6°) 가속 이동/통과
134,AOE-59 화천,81,431016257,auxiliary,5500,2022-12-04 04:45:50+00:00,2022-12-04 05:15:00+00:00,129.77253,33.54238,34.3,9.299999999999999,-0.10000000000000142,-0.09999999999999964,이동/통과
135,AOE-59 화천,82,431016257,auxiliary,5500,2022-12-04 05:20:00+00:00,2022-12-04 05:23:19+00:00,129.8349283,33.61416,57.2,8.9,22.300000000000004,0.0,우선회(22.3°) 이동/통과
136,AOE-59 화천,83,431016257,auxiliary,5500,2022-12-04 05:25:06+00:00,2022-12-04 10:59:59+00:00,129.84694,33.620955,55.9,9.954375,-1.3000000000000043,-0.5,이동/통과
137,AOE-59 화천,84,431016257,auxiliary,5500,2022-12-04 11:00:01+00:00,2022-12-04 11:00:01+00:00,130.84578,33.95519,130.3,11.0,30.30000000000001,-0.09999999999999964,우선회(30.3°) 이동/통과
138,AOE-59 화천,85,431016257,auxiliary,5500,2022-12-04 11:05:10+00:00,2022-12-04 11:25:00+00:00,130.8591417,33.94398333,136.4,10.216666666666667,6.099999999999994,-0.09999999999999964,이동/통과
139,AOE-59 화천,86,431016257,auxiliary,5500,2022-12-04 11:29:19+00:00,2022-12-04 11:30:00+00:00,130.9122733,33.90266,58.0,8.7,-61.0,-1.0,좌선회(61.0°) 이동/통과
140,AOE-59 화천,87,431016257,auxiliary,5500,2022-12-04 11:30:01+00:00,2022-12-04 11:30:01+00:00,130.9199433,33.90624,63.3,9.6,5.299999999999997,0.9000000000000004,이동/통과
141,AOE-59 화천,88,431016257,auxiliary,5500,2022-12-04 11:35:00+00:00,2022-12-04 11:35:23+00:00,130.930405,33.915325,26.7,9.3,-36.599999999999994,-0.29999999999999893,좌선회(36.6°) 이동/통과
142,AOE-59 화천,89,431016257,auxiliary,5500,2022-12-04 11:39:11+00:00,2022-12-04 11:53:19+00:00,130.9333333,33.925,16.0,10.028571428571428,-10.7,-0.3000000000000007,이동/통과
143,AOE-59 화천,90,431016257,auxiliary,5500,2022-12-04 11:55:00+00:00,2022-12-04 11:55:00+00:00,130.9634717,33.96391,68.8,9.2,36.8,-2.0,우선회(36.8°) 이동/통과
144,AOE-59 화천,91,431016257,auxiliary,5500,2022-12-04 11:59:20+00:00,2022-12-04 12:05:30+00:00,130.9654233,33.96459333,68.0,10.499999999999998,-0.7999999999999972,0.40000000000000036,이동/통과
145,AOE-59 화천,92,431016257,auxiliary,5500,2022-12-04 12:10:00+00:00,2022-12-04 12:11:19+00:00,131.0151,33.971055,117.0,11.7,45.599999999999994,0.5,우선회(45.6°) 이동/통과
146,AOE-59 화천,93,431016257,auxiliary,5500,2022-12-04 12:15:00+00:00,2022-12-04 12:17:20+00:00,131.0312183,33.96205333,147.5,11.9,30.5,0.20000000000000107,우선회(30.5°) 이동/통과
147,AOE-59 화천,94,431016257,auxiliary,5500,2022-12-04 12:20:00+00:00,2022-12-04 13:00:01+00:00,131.0406617,33.94733,152.5,11.960714285714285,5.0,0.0,이동/통과
148,AOE-59 화천,95,431016257,auxiliary,5500,2022-12-04 13:05:07+00:00,2022-12-04 13:06:00+00:00,131.048385,33.802355,222.7,7.4,23.69999999999999,-4.5,우선회(23.7°) 감속 이동/통과
149,AOE-59 화천,96,431016257,auxiliary,5500,2022-12-04 13:10:00+00:00,2022-12-05 07:59:20+00:00,131.0440933,33.79769667,175.7,0.04423333719206908,-47.0,-6.6000000000000005,정박/대기
150,AOE-59 화천,97,431016257,auxiliary,5500,2022-12-05 08:00:00+00:00,2022-12-05 08:00:00+00:00,131.0427067,33.79790333,294.4,3.9,73.49999999999997,3.9,우선회(73.5°) 가속 저속 운항
151,AOE-59 화천,98,431016257,auxiliary,5500,2022-12-05 08:05:00+00:00,2022-12-05 08:05:24+00:00,131.0322533,33.80046667,274.0,7.7,-20.399999999999977,3.8000000000000003,좌선회(20.4°) 가속 이동/통과
152,AOE-59 화천,99,431016257,auxiliary,5500,2022-12-05 08:10:00+00:00,2022-12-05 08:12:02+00:00,131.0204217,33.79813,223.1,7.6,-50.900000000000006,-0.10000000000000053,좌선회(50.9°) 이동/통과
153,AOE-59 화천,100,431016257,auxiliary,5500,2022-12-05 08:15:10+00:00,2022-12-05 08:17:59+00:00,131.0128983,33.78919167,213.0,6.099999999999999,-10.099999999999994,-1.5,이동/통과
154,AOE-59 화천,101,431016257,auxiliary,5500,2022-12-05 08:20:09+00:00,2022-12-05 08:20:09+00:00,131.0089267,33.784235,209.5,3.0,-3.5,-3.0999999999999996,감속 저속 운항
155,AOE-59 화천,102,431016257,auxiliary,5500,2022-12-05 08:23:19+00:00,2022-12-05 08:25:04+00:00,131.0078533,33.78256833,219.0,2.15,9.5,-0.7000000000000002,저속 운항
156,AOE-59 화천,103,431016257,auxiliary,5500,2022-12-05 08:30:01+00:00,2022-12-05 08:42:00+00:00,131.005445,33.77949333,212.1,0.5166666666666667,-8.400000000000006,-0.5,정박/대기
157,AOE-59 화천,104,431016257,auxiliary,5500,2022-12-05 08:45:03+00:00,2022-12-05 08:48:00+00:00,131.0048267,33.77737333,246.6,1.6,73.29999999999998,1.2000000000000002,우선회(73.3°) 저속 운항
158,AOE-59 화천,105,431016257,auxiliary,5500,2022-12-05 08:50:11+00:00,2022-12-05 23:06:00+00:00,131.003015,33.7782,312.2,0.0825068870523416,65.6,-0.6000000000000001,정박/대기
159,AOE-59 화천,106,431016257,auxiliary,5500,2022-12-05 23:10:00+00:00,2022-12-05 23:10:00+00:00,131.0086917,33.78451667,35.7,8.6,-63.0,8.1,좌선회(63.0°) 가속 이동/통과
160,AOE-59 화천,107,431016257,auxiliary,5500,2022-12-05 23:11:20+00:00,2022-12-05 23:17:59+00:00,131.0095517,33.785495,36.0,8.95,0.29999999999999716,0.20000000000000107,이동/통과
161,AOE-59 화천,108,431016257,auxiliary,5500,2022-12-05 23:20:01+00:00,2022-12-05 23:23:59+00:00,131.03092,33.80100167,87.4,11.0,53.300000000000004,1.9000000000000004,우선회(53.3°) 이동/통과
162,AOE-59 화천,109,431016257,auxiliary,5500,2022-12-05 23:25:01+00:00,2022-12-06 00:06:02+00:00,131.0493583,33.802305,85.9,12.245454545454548,-1.5,0.09999999999999964,이동/통과
163,AOE-59 화천,110,431016257,auxiliary,5500,2022-12-08 06:40:05+00:00,2022-12-08 06:41:26+00:00,131.22537,33.80076833,274.6,11.733333333333334,-179.99999999999997,-0.6999999999999993,좌선회(180.0°) 이동/통과
164,AOE-59 화천,111,431016257,auxiliary,5500,2022-12-08 06:45:04+00:00,2022-12-08 07:30:05+00:00,131.2056933,33.80201333,274.3,11.714285714285714,0.30000000000001137,0.20000000000000107,이동/통과
165,AOE-59 화천,112,431016257,auxiliary,5500,2022-12-08 07:35:05+00:00,2022-12-08 07:35:20+00:00,131.0154817,33.79287167,213.0,11.6,-35.099999999999994,-0.20000000000000107,좌선회(35.1°) 이동/통과
166,AOE-59 화천,113,431016257,auxiliary,5500,2022-12-08 07:40:05+00:00,2022-12-08 07:40:05+00:00,131.0086233,33.783995,213.3,5.0,0.30000000000001137,-6.6,감속 이동/통과
167,AOE-59 화천,114,431016257,auxiliary,5500,2022-12-08 07:45:04+00:00,2022-12-08 07:47:59+00:00,131.0050967,33.77964833,222.5,3.0,9.199999999999989,-2.0,저속 운항
168,AOE-59 화천,115,431016257,auxiliary,5500,2022-12-08 07:50:04+00:00,2022-12-08 07:50:04+00:00,131.0021533,33.77832167,331.0,1.0,108.5,-2.0,우선회(108.5°) 저속 운항
169,AOE-59 화천,116,431016257,auxiliary,5500,2022-12-08 07:55:05+00:00,2022-12-08 23:00:04+00:00,131.0016667,33.77899,306.3,0.051670149442755824,-24.69999999999999,-0.4,정박/대기
170,AOE-59 화천,117,431016257,auxiliary,5500,2022-12-08 23:05:01+00:00,2022-12-08 23:05:01+00:00,131.0058783,33.78048167,55.3,7.8,-139.60000000000002,7.7,좌선회(139.6°) 가속 이동/통과
171,AOE-59 화천,118,431016257,auxiliary,5500,2022-12-08 23:05:23+00:00,2022-12-08 23:05:23+00:00,131.006695,33.78104,55.3,7.8,0.0,0.0,이동/통과
172,AOE-59 화천,119,431016257,auxiliary,5500,2022-12-08 23:10:04+00:00,2022-12-08 23:10:04+00:00,131.013935,33.79042833,32.3,9.1,-23.0,1.2999999999999998,좌선회(23.0°) 이동/통과
173,AOE-59 화천,120,431016257,auxiliary,5500,2022-12-08 23:15:05+00:00,2022-12-08 23:17:21+00:00,131.025605,33.80194,54.5,11.1,22.200000000000003,2.0,우선회(22.2°) 가속 이동/통과
174,AOE-59 화천,121,431016257,auxiliary,5500,2022-12-08 23:18:00+00:00,2022-12-08 23:18:00+00:00,131.0589483,33.80933833,54.5,11.1,0.0,0.0,이동/통과
175,AOE-59 화천,122,431016257,auxiliary,5500,2022-12-08 23:20:05+00:00,2022-12-08 23:20:05+00:00,131.0426367,33.807215,76.7,10.8,22.200000000000003,-0.29999999999999893,우선회(22.2°) 이동/통과
176,AOE-59 화천,123,431016257,auxiliary,5500,2022-12-08 23:23:21+00:00,2022-12-09 00:05:25+00:00,131.0486283,33.80828333,78.0,11.8,1.2999999999999972,0.6999999999999993,이동/통과
177,AOE-59 화천,124,431016257,auxiliary,5500,2022-12-10 20:50:04+00:00,2022-12-10 20:50:04+00:00,131.2277783,33.79783167,273.6,11.6,179.60000000000002,-0.3000000000000007,우선회(179.6°) 이동/통과
178,AOE-59 화천,125,431016257,auxiliary,5500,2022-12-10 20:53:21+00:00,2022-12-10 21:29:59+00:00,131.2154483,33.79862333,275.0,11.59,1.3999999999999773,0.09999999999999964,이동/통과
179,AOE-59 화천,126,431016257,auxiliary,5500,2022-12-10 21:30:00+00:00,2022-12-10 21:30:00+00:00,131.07333,33.80621833,252.5,9.0,-19.30000000000001,-2.5999999999999996,감속 이동/통과
180,AOE-59 화천,127,431016257,auxiliary,5500,2022-12-10 21:35:05+00:00,2022-12-10 21:35:59+00:00,131.0648633,33.799885,228.5,5.3,-24.0,-3.7,좌선회(24.0°) 감속 이동/통과
181,AOE-59 화천,128,431016257,auxiliary,5500,2022-12-10 21:40:04+00:00,2022-12-11 00:48:00+00:00,131.0627267,33.79765833,14.4,0.08293373293373293,145.9,-4.7,정박/대기
182,AOE-59 화천,129,431016257,auxiliary,5500,2022-12-11 00:50:01+00:00,2022-12-11 00:53:22+00:00,131.0627233,33.79683667,317.1,1.4,38.10000000000002,1.4,우선회(38.1°) 저속 운항
183,AOE-59 화천,130,431016257,auxiliary,5500,2022-12-11 00:55:04+00:00,2022-12-11 00:55:04+00:00,131.0548083,33.79982333,284.4,7.0,-32.700000000000045,5.6,좌선회(32.7°) 가속 이동/통과
184,AOE-59 화천,131,431016257,auxiliary,5500,2022-12-11 00:59:25+00:00,2022-12-11 01:00:04+00:00,131.0488483,33.80094667,281.0,7.6,-3.3999999999999773,0.5,이동/통과
185,AOE-59 화천,132,431016257,auxiliary,5500,2022-12-11 01:05:01+00:00,2022-12-11 01:05:26+00:00,131.0276867,33.80252167,271.1,9.9,-7.399999999999977,2.2,가속 이동/통과
186,AOE-59 화천,133,431016257,auxiliary,5500,2022-12-11 01:10:04+00:00,2022-12-11 01:10:04+00:00,131.0166433,33.794035,214.7,8.7,-56.400000000000034,-1.200000000000001,좌선회(56.4°) 이동/통과
187,AOE-59 화천,134,431016257,auxiliary,5500,2022-12-11 01:11:21+00:00,2022-12-11 01:11:22+00:00,131.0163783,33.793705,214.0,8.5,-0.6999999999999886,-0.1999999999999993,이동/통과
188,AOE-59 화천,135,431016257,auxiliary,5500,2022-12-11 01:15:13+00:00,2022-12-11 01:18:02+00:00,131.0107033,33.78661667,229.5,4.2,15.5,-4.3,감속 저속 운항
189,AOE-59 화천,136,431016257,auxiliary,5500,2022-12-11 01:20:05+00:00,2022-12-11 01:24:01+00:00,131.00663,33.78498667,265.9,1.8,36.39999999999998,-2.4000000000000004,우선회(36.4°) 감속 저속 운항
190,AOE-59 화천,137,431016257,auxiliary,5500,2022-12-11 01:25:01+00:00,2022-12-11 23:10:04+00:00,131.004745,33.784275,208.6,0.025108225108225107,-57.29999999999998,-1.2000000000000002,정박/대기
191,AOE-59 화천,138,431016257,auxiliary,5500,2022-12-11 23:15:02+00:00,2022-12-11 23:18:01+00:00,131.0051617,33.78475833,37.5,3.2999999999999994,-52.3,2.9,좌선회(52.3°) 가속 저속 운항
192,AOE-59 화천,139,431016257,auxiliary,5500,2022-12-11 23:20:14+00:00,2022-12-11 23:20:14+00:00,131.0140517,33.79124167,34.9,8.2,-2.6000000000000014,4.8999999999999995,가속 이동/통과
193,AOE-59 화천,140,431016257,auxiliary,5500,2022-12-11 23:23:23+00:00,2022-12-12 00:35:24+00:00,131.0191017,33.79726333,34.9,10.472000000000001,0.0,0.0,이동/통과
194,AOE-59 화천,141,431016257,auxiliary,5500,2022-12-12 06:05:15+00:00,2022-12-12 06:05:15+00:00,131.2226217,33.92434667,192.6,10.8,171.5,-0.8999999999999986,우선회(171.5°) 이동/통과
195,AOE-59 화천,142,431016257,auxiliary,5500,2022-12-12 06:05:27+00:00,2022-12-12 06:05:27+00:00,131.1893633,33.906915,192.6,10.8,0.0,0.0,이동/통과
196,AOE-59 화천,143,431016257,auxiliary,5500,2022-12-12 06:10:01+00:00,2022-12-12 06:10:01+00:00,131.2164467,33.911025,220.8,11.1,28.200000000000017,0.29999999999999893,우선회(28.2°) 이동/통과
197,AOE-59 화천,144,431016257,auxiliary,5500,2022-12-12 06:11:23+00:00,2022-12-12 06:11:23+00:00,131.2143233,33.90943333,234.0,10.7,13.199999999999989,-0.40000000000000036,이동/통과
198,AOE-59 화천,145,431016257,auxiliary,5500,2022-12-12 06:15:04+00:00,2022-12-12 06:15:04+00:00,131.1990283,33.907005,269.9,11.3,35.89999999999998,0.6000000000000014,우선회(35.9°) 이동/통과
199,AOE-59 화천,146,431016257,auxiliary,5500,2022-12-12 06:20:24+00:00,2022-12-12 06:29:25+00:00,131.17822,33.90713333,278.0,11.950000000000001,8.100000000000023,0.5,이동/통과
200,AOE-59 화천,147,431016257,auxiliary,5500,2022-12-12 06:30:04+00:00,2022-12-12 06:30:04+00:00,131.1411667,33.91541667,305.4,12.2,27.099999999999966,0.09999999999999964,우선회(27.1°) 이동/통과
201,AOE-59 화천,148,431016257,auxiliary,5500,2022-12-12 06:35:14+00:00,2022-12-12 07:05:25+00:00,131.1231117,33.92440667,301.1,12.299999999999999,-4.2999999999999545,0.0,이동/통과
202,AOE-59 화천,149,431016257,auxiliary,5500,2022-12-12 07:10:04+00:00,2022-12-12 07:11:24+00:00,130.9975633,33.98038667,273.9,12.6,-21.100000000000023,0.1999999999999993,좌선회(21.1°) 이동/통과
203,AOE-59 화천,150,431016257,auxiliary,5500,2022-12-12 07:15:05+00:00,2022-12-12 07:17:24+00:00,130.9788433,33.97493,231.1,12.1,-42.79999999999998,-0.5,좌선회(42.8°) 이동/통과
204,AOE-59 화천,151,431016257,auxiliary,5500,2022-12-12 07:20:04+00:00,2022-12-12 07:35:15+00:00,130.9618433,33.965135,234.6,12.325000000000001,3.5,0.20000000000000107,이동/통과
205,AOE-59 화천,152,431016257,auxiliary,5500,2022-12-12 07:40:08+00:00,2022-12-12 07:41:23+00:00,130.9193967,33.909205,251.1,11.4,51.599999999999994,-0.5,우선회(51.6°) 이동/통과
206,AOE-59 화천,153,431016257,auxiliary,5500,2022-12-12 07:45:01+00:00,2022-12-12 07:48:01+00:00,130.9022083,33.911835,303.3,11.1,52.20000000000002,-0.3000000000000007,우선회(52.2°) 이동/통과
207,AOE-59 화천,154,431016257,auxiliary,5500,2022-12-12 07:50:11+00:00,2022-12-12 08:05:59+00:00,130.8891183,33.92434,318.2,12.325,14.899999999999977,0.8000000000000007,이동/통과
208,AOE-59 화천,155,431016257,auxiliary,5500,2022-12-12 08:10:04+00:00,2022-12-12 08:11:25+00:00,130.8247133,33.96400833,274.0,12.0,-23.100000000000023,-0.40000000000000036,좌선회(23.1°) 이동/통과
209,AOE-59 화천,156,431016257,auxiliary,5500,2022-12-12 08:15:05+00:00,2022-12-12 09:53:22+00:00,130.8048033,33.96479167,270.8,12.11,-3.1999999999999886,-0.3000000000000007,이동/통과
210,AOE-59 화천,157,431016257,auxiliary,5500,2022-12-12 09:55:15+00:00,2022-12-12 10:00:00+00:00,130.40271,33.92343833,239.2,11.8,-22.19999999999999,0.3000000000000007,좌선회(22.2°) 이동/통과
211,AOE-59 화천,158,431016257,auxiliary,5500,2022-12-12 10:00:05+00:00,2022-12-12 12:50:24+00:00,130.386375,33.91514333,238.7,11.095121951219511,-0.5,0.1999999999999993,이동/통과
212,AOE-59 화천,159,431016257,auxiliary,5500,2022-12-12 12:55:02+00:00,2022-12-12 12:55:02+00:00,129.8417983,33.619565,215.8,10.5,-29.299999999999983,0.5,좌선회(29.3°) 이동/통과
213,AOE-59 화천,160,431016257,auxiliary,5500,2022-12-12 13:00:39+00:00,2022-12-12 13:45:13+00:00,129.82958,33.60705667,216.5,10.059999999999999,0.6999999999999886,-0.5,이동/통과
214,AOE-59 화천,161,431016257,auxiliary,5500,2022-12-12 15:10:15+00:00,2022-12-12 15:10:15+00:00,129.5487867,33.31075167,198.0,12.3,-22.900000000000006,2.8000000000000007,좌선회(22.9°) 가속 이동/통과
215,AOE-59 화천,162,431016257,auxiliary,5500,2022-12-12 15:16:24+00:00,2022-12-12 15:25:15+00:00,129.541315,33.290435,195.9,12.333333333333334,-2.0999999999999943,0.0,이동/통과
216,AOE-59 화천,163,431016257,auxiliary,5500,2022-12-12 15:34:14+00:00,2022-12-12 15:34:14+00:00,129.5329933,33.23030167,163.1,12.6,-32.30000000000001,0.1999999999999993,좌선회(32.3°) 이동/통과
217,AOE-59 화천,164,431016257,auxiliary,5500,2022-12-12 15:35:24+00:00,2022-12-12 15:55:01+00:00,129.5344283,33.22636333,163.0,12.66,-0.09999999999999432,0.09999999999999964,이동/통과
218,AOE-59 화천,165,431016257,auxiliary,5500,2022-12-12 15:59:23+00:00,2022-12-12 15:59:23+00:00,129.5621267,33.14668167,183.0,12.5,20.099999999999994,-0.09999999999999964,우선회(20.1°) 이동/통과
219,AOE-59 화천,166,431016257,auxiliary,5500,2022-12-12 16:00:33+00:00,2022-12-12 19:11:26+00:00,129.561715,33.14155167,183.8,12.626190476190475,0.8000000000000114,0.09999999999999964,이동/통과
220,AOE-59 화천,167,431016257,auxiliary,5500,2022-12-12 19:15:00+00:00,2022-12-12 19:15:00+00:00,129.7764017,32.53734667,73.1,11.7,-45.5,-0.40000000000000036,좌선회(45.5°) 이동/통과
221,AOE-59 화천,168,431016257,auxiliary,5500,2022-12-12 19:20:25+00:00,2022-12-12 19:23:23+00:00,129.7938183,32.54721333,45.7,11.8,-27.39999999999999,0.10000000000000142,좌선회(27.4°) 이동/통과
222,AOE-59 화천,169,431016257,auxiliary,5500,2022-12-12 19:25:14+00:00,2022-12-12 19:25:14+00:00,129.8032317,32.56087667,21.7,11.8,-24.000000000000004,0.0,좌선회(24.0°) 이동/통과
223,AOE-59 화천,170,431016257,auxiliary,5500,2022-12-12 19:30:00+00:00,2022-12-12 19:30:00+00:00,129.8024,32.574985,329.5,7.9,-52.19999999999999,-3.9000000000000004,좌선회(52.2°) 감속 이동/통과
224,AOE-59 화천,171,431016257,auxiliary,5500,2022-12-12 19:35:00+00:00,2022-12-12 19:35:23+00:00,129.79683,32.576645,261.1,1.8,-68.39999999999998,-6.1000000000000005,좌선회(68.4°) 감속 저속 운항
225,AOE-59 화천,172,431016257,auxiliary,5500,2022-12-12 19:40:04+00:00,2022-12-12 19:41:25+00:00,129.7935283,32.57705167,280.4,1.7,19.299999999999955,-0.10000000000000009,저속 운항
226,AOE-59 화천,173,431016257,auxiliary,5500,2022-12-12 19:45:00+00:00,2022-12-12 22:55:05+00:00,129.793155,32.57648333,169.3,0.15689542483660132,-111.09999999999997,-1.1,정박/대기
227,AOE-59 화천,174,431016257,auxiliary,5500,2022-12-12 23:00:05+00:00,2022-12-12 23:00:05+00:00,129.791745,32.577255,333.8,1.7,-13.399999999999977,1.5999999999999999,저속 운항
228,AOE-59 화천,175,431016257,auxiliary,5500,2022-12-12 23:05:15+00:00,2022-12-12 23:05:15+00:00,129.8012267,32.574135,110.9,8.8,137.1,7.1000000000000005,우선회(137.1°) 가속 이동/통과
229,AOE-59 화천,176,431016257,auxiliary,5500,2022-12-12 23:10:24+00:00,2022-12-12 23:16:04+00:00,129.8161717,32.57003833,107.2,9.3,-3.700000000000003,0.5,이동/통과
230,AOE-59 화천,177,431016257,auxiliary,5500,2022-12-12 23:20:04+00:00,2022-12-12 23:20:04+00:00,129.8457833,32.56154833,111.6,11.3,-0.20000000000000284,2.0,가속 이동/통과
231,AOE-59 화천,178,431016257,auxiliary,5500,2022-12-12 23:25:04+00:00,2022-12-12 23:40:04+00:00,129.8630567,32.55568667,112.4,11.899999999999999,0.8000000000000114,-0.10000000000000142,이동/통과
232,AOE-59 화천,179,431016257,auxiliary,5500,2022-12-12 23:45:01+00:00,2022-12-12 23:45:01+00:00,129.9322683,32.53155167,112.9,8.3,0.5,-4.299999999999999,감속 이동/통과
233,AOE-59 화천,180,431016257,auxiliary,5500,2022-12-12 23:50:22+00:00,2022-12-12 23:59:24+00:00,129.945835,32.52697167,111.7,8.2,-1.2000000000000028,0.0,이동/통과
234,AOE-59 화천,181,431016257,auxiliary,5500,2022-12-13 00:00:15+00:00,2022-12-13 00:05:24+00:00,129.9686367,32.51961667,108.4,3.4,-4.5,-3.5999999999999996,감속 저속 운항
235,AOE-59 화천,182,431016257,auxiliary,5500,2022-12-13 00:10:04+00:00,2022-12-13 00:30:24+00:00,129.9766667,32.517605,102.3,1.2833333333333334,-5.5,-0.7999999999999998,저속 운항
236,AOE-59 화천,183,431016257,auxiliary,5500,2022-12-13 00:35:04+00:00,2022-12-13 00:35:04+00:00,129.9871267,32.51589667,114.3,4.7,14.099999999999994,3.5,가속 저속 운항
237,AOE-59 화천,184,431016257,auxiliary,5500,2022-12-13 00:40:05+00:00,2022-12-13 00:45:01+00:00,129.9977067,32.51169,116.9,9.7,2.6000000000000085,3.0,가속 이동/통과
238,AOE-59 화천,185,431016257,auxiliary,5500,2022-12-13 00:50:04+00:00,2022-12-13 00:53:25+00:00,130.0267183,32.49466833,134.2,10.2,5.899999999999977,-1.5,이동/통과
239,AOE-59 화천,186,431016257,auxiliary,5500,2022-12-13 00:55:00+00:00,2022-12-13 00:59:26+00:00,130.032215,32.48725833,166.2,4.6,32.0,-5.6,우선회(32.0°) 감속 저속 운항
240,AOE-59 화천,187,431016257,auxiliary,5500,2022-12-13 01:00:00+00:00,2022-12-13 01:00:00+00:00,130.0326033,32.482195,184.7,3.3,18.5,-1.2999999999999998,저속 운항
241,AOE-59 화천,188,431016257,auxiliary,5500,2022-12-13 01:05:05+00:00,2022-12-13 01:05:05+00:00,130.03437,32.48287667,5.9,1.3,-178.79999999999998,-1.9999999999999998,좌선회(178.8°) 저속 운항
242,AOE-59 화천,189,431016257,auxiliary,5500,2022-12-13 01:09:15+00:00,2022-12-13 05:53:23+00:00,130.0333333,32.48333333,50.0,0.11249999999999999,44.1,-1.3,정박/대기
243,AOE-59 화천,190,431016257,auxiliary,5500,2022-12-13 05:55:01+00:00,2022-12-13 05:59:25+00:00,130.0330167,32.48497833,352.8,5.5,163.70000000000002,5.3,우선회(163.7°) 가속 이동/통과
244,AOE-59 화천,191,431016257,auxiliary,5500,2022-12-13 06:00:04+00:00,2022-12-13 06:00:04+00:00,130.028205,32.49280333,320.1,6.9,-32.69999999999999,1.4000000000000004,좌선회(32.7°) 이동/통과
245,AOE-59 화천,192,431016257,auxiliary,5500,2022-12-13 06:05:04+00:00,2022-12-13 06:05:23+00:00,130.0205633,32.49962167,307.3,6.9,-12.800000000000011,0.0,이동/통과
246,AOE-59 화천,193,431016257,auxiliary,5500,2022-12-13 06:10:01+00:00,2022-12-13 06:11:23+00:00,130.0079333,32.50129833,257.1,8.5,-50.19999999999999,1.5999999999999996,좌선회(50.2°) 이동/통과
247,AOE-59 화천,194,431016257,auxiliary,5500,2022-12-13 06:15:00+00:00,2022-12-13 06:15:00+00:00,129.9947183,32.50336333,277.6,8.7,20.5,0.1999999999999993,우선회(20.5°) 이동/통과
248,AOE-59 화천,195,431016257,auxiliary,5500,2022-12-13 06:17:23+00:00,2022-12-13 08:36:14+00:00,129.98749,32.50437667,277.6,10.476190476190476,0.0,0.0,이동/통과
249,AOE-59 화천,196,431016257,auxiliary,5500,2022-12-13 08:40:58+00:00,2022-12-13 08:40:58+00:00,129.6184917,32.73050167,19.1,9.6,46.5,-0.9000000000000004,우선회(46.5°) 이동/통과
250,AOE-59 화천,197,431016257,auxiliary,5500,2022-12-13 08:45:42+00:00,2022-12-13 08:45:42+00:00,129.61666,32.74258667,330.8,10.4,-48.30000000000001,0.8000000000000007,좌선회(48.3°) 이동/통과
251,AOE-59 화천,198,431016257,auxiliary,5500,2022-12-13 08:50:11+00:00,2022-12-13 10:23:24+00:00,129.6089833,32.75385667,326.2,10.36125,-4.600000000000023,0.0,이동/통과
252,AOE-59 화천,199,431016257,auxiliary,5500,2022-12-13 10:25:00+00:00,2022-12-13 10:29:25+00:00,129.499115,33.00604333,12.8,10.1,24.400000000000034,-0.5999999999999996,우선회(24.4°) 이동/통과
253,AOE-59 화천,200,431016257,auxiliary,5500,2022-12-13 10:30:08+00:00,2022-12-13 11:05:23+00:00,129.5069083,33.01992833,26.6,11.125,13.8,0.7000000000000011,이동/통과
254,AOE-59 화천,201,431016257,auxiliary,5500,2022-12-13 11:10:04+00:00,2022-12-13 11:10:04+00:00,129.56883,33.13140333,352.8,11.1,-25.30000000000001,-0.09999999999999964,좌선회(25.3°) 이동/통과
255,AOE-59 화천,202,431016257,auxiliary,5500,2022-12-13 11:15:05+00:00,2022-12-13 11:55:14+00:00,129.5653567,33.14652333,347.1,11.209090909090909,-5.699999999999989,-0.1999999999999993,이동/통과
256,AOE-59 화천,203,431016257,auxiliary,5500,2022-12-13 12:35:24+00:00,2022-12-13 12:35:24+00:00,129.5756,33.39459833,44.3,12.5,26.199999999999996,0.5999999999999996,우선회(26.2°) 이동/통과
257,AOE-59 화천,204,431016257,auxiliary,5500,2022-12-13 13:22:29+00:00,2022-12-13 16:50:18+00:00,129.707105,33.503415,41.8,12.065000000000001,-2.5,-1.1999999999999993,이동/통과
258,AOE-59 화천,205,431016257,auxiliary,5500,2022-12-13 16:56:01+00:00,2022-12-13 16:56:01+00:00,130.39268,33.93136333,76.1,12.3,29.999999999999993,0.0,우선회(30.0°) 이동/통과
259,AOE-59 화천,206,431016257,auxiliary,5500,2022-12-13 17:00:00+00:00,2022-12-13 19:05:05+00:00,130.4071567,33.93474333,74.0,12.397058823529411,-2.0999999999999943,0.6999999999999993,이동/통과
260,AOE-59 화천,207,431016257,auxiliary,5500,2022-12-13 19:10:03+00:00,2022-12-13 19:12:01+00:00,130.9197183,33.90520333,61.8,13.800000000000002,-66.7,0.20000000000000107,좌선회(66.7°) 이동/통과
261,AOE-59 화천,208,431016257,auxiliary,5500,2022-12-13 19:15:02+00:00,2022-12-13 19:15:02+00:00,130.9334817,33.921,15.8,15.0,-46.0,1.1999999999999993,좌선회(46.0°) 이동/통과
262,AOE-59 화천,209,431016257,auxiliary,5500,2022-12-13 19:17:25+00:00,2022-12-13 19:25:02+00:00,130.9356117,33.92630167,18.0,14.725,2.1999999999999993,0.1999999999999993,이동/통과
263,AOE-59 화천,210,431016257,auxiliary,5500,2022-12-13 19:29:24+00:00,2022-12-13 19:29:24+00:00,130.9678,33.96681667,65.0,17.3,28.9,2.6000000000000014,우선회(28.9°) 가속 이동/통과
264,AOE-59 화천,211,431016257,auxiliary,5500,2022-12-13 19:30:00+00:00,2022-12-13 19:36:13+00:00,130.9774783,33.969585,69.1,14.3,4.099999999999994,-1.700000000000001,이동/통과
265,AOE-59 화천,212,431016257,auxiliary,5500,2022-12-13 19:40:14+00:00,2022-12-13 19:40:14+00:00,131.0225133,33.96931333,126.4,13.0,25.400000000000006,0.0,우선회(25.4°) 이동/통과
266,AOE-59 화천,213,431016257,auxiliary,5500,2022-12-13 19:41:25+00:00,2022-12-13 19:41:25+00:00,131.0253583,33.96743,130.0,13.0,3.5999999999999943,0.0,이동/통과
267,AOE-59 화천,214,431016257,auxiliary,5500,2022-12-13 19:45:08+00:00,2022-12-13 19:47:23+00:00,131.0350667,33.95572833,153.4,12.8,23.400000000000006,-0.1999999999999993,우선회(23.4°) 이동/통과
268,AOE-59 화천,215,431016257,auxiliary,5500,2022-12-13 19:50:04+00:00,2022-12-13 19:59:23+00:00,131.04668,33.941185,149.5,12.55,-3.9000000000000057,-0.20000000000000107,이동/통과
269,AOE-59 화천,216,431016257,auxiliary,5500,2022-12-13 20:00:13+00:00,2022-12-13 20:00:13+00:00,131.05927,33.90823,180.7,12.2,23.599999999999994,-0.3000000000000007,우선회(23.6°) 이동/통과
270,AOE-59 화천,217,431016257,auxiliary,5500,2022-12-13 20:05:11+00:00,2022-12-13 20:17:23+00:00,131.0574583,33.89192167,184.8,11.825,4.100000000000023,-0.5,이동/통과
271,AOE-59 화천,218,431016257,auxiliary,5500,2022-12-13 20:20:02+00:00,2022-12-13 20:24:00+00:00,131.0648317,33.84550833,211.1,5.6,38.099999999999994,-6.200000000000001,우선회(38.1°) 감속 이동/통과
272,AOE-59 화천,219,431016257,auxiliary,5500,2022-12-13 20:25:02+00:00,2022-12-13 20:25:04+00:00,131.0644617,33.844,66.2,2.2,-144.89999999999998,-3.3999999999999995,좌선회(144.9°) 감속 저속 운항
273,AOE-59 화천,220,431016257,auxiliary,5500,2022-12-13 20:30:03+00:00,2022-12-14 05:00:08+00:00,131.066285,33.84451667,152.4,0.13709325396825398,86.80000000000001,-1.3000000000000003,정박/대기
274,AOE-59 화천,221,431016257,auxiliary,5500,2022-12-14 05:05:04+00:00,2022-12-14 05:05:27+00:00,131.0630867,33.83895333,199.4,7.0,-100.6,6.8,좌선회(100.6°) 가속 이동/통과
275,AOE-59 화천,222,431016257,auxiliary,5500,2022-12-14 05:10:05+00:00,2022-12-14 05:11:25+00:00,131.05976,33.82846833,192.9,8.0,-6.5,1.0,이동/통과
276,AOE-59 화천,223,431016257,auxiliary,5500,2022-12-14 05:15:05+00:00,2022-12-14 05:17:23+00:00,131.0520367,33.81887,228.0,9.6,35.099999999999994,1.5999999999999996,우선회(35.1°) 이동/통과
277,AOE-59 화천,224,431016257,auxiliary,5500,2022-12-14 05:20:14+00:00,2022-12-14 05:30:05+00:00,131.0390817,33.810075,235.2,10.55,7.199999999999989,0.09999999999999964,이동/통과
278,AOE-59 화천,225,431016257,auxiliary,5500,2022-12-14 05:35:05+00:00,2022-12-14 05:36:03+00:00,131.0072317,33.78187167,216.7,6.0,3.3999999999999773,-4.4,감속 이동/통과
279,AOE-59 화천,226,431016257,auxiliary,5500,2022-12-14 05:40:01+00:00,2022-12-14 05:45:04+00:00,131.0031917,33.77864833,208.6,0.5,-8.099999999999994,-5.2,정박/대기
280,AOE-59 화천,227,431016257,auxiliary,5500,2022-12-14 05:50:01+00:00,2022-12-14 05:50:01+00:00,131.0015433,33.77891,356.1,1.2,41.200000000000045,1.0,우선회(41.2°) 저속 운항
281,AOE-59 화천,228,431016257,auxiliary,5500,2022-12-14 05:53:25+00:00,2022-12-14 23:11:25+00:00,131.0012417,33.77902,67.0,0.05000000000000001,70.89999999999998,-0.7999999999999999,정박/대기
282,AOE-59 화천,229,431016257,auxiliary,5500,2022-12-14 23:15:05+00:00,2022-12-14 23:17:27+00:00,131.0056417,33.78153333,45.6,7.8,-104.6,7.3999999999999995,좌선회(104.6°) 가속 이동/통과
283,AOE-59 화천,230,431016257,auxiliary,5500,2022-12-14 23:20:05+00:00,2022-12-14 23:23:24+00:00,131.0142883,33.790915,31.1,8.7,-14.5,0.8999999999999995,이동/통과
284,AOE-59 화천,231,431016257,auxiliary,5500,2022-12-14 23:25:04+00:00,2022-12-14 23:30:00+00:00,131.0244083,33.80117167,57.5,10.7,26.4,2.0,우선회(26.4°) 가속 이동/통과
285,AOE-59 화천,232,431016257,auxiliary,5500,2022-12-14 23:30:04+00:00,2022-12-14 23:59:26+00:00,131.0403917,33.808105,56.2,11.7,-1.2999999999999972,0.0,이동/통과
286,ASR-21 청해진,0,538007238,auxiliary,5500,2022-12-01 17:01:18+00:00,2022-12-02 15:49:56+00:00,125.7224717,32.63365667,81.7,12.80692883895131,0.0,0.0,이동/통과
287,AST-688 일천봉,0,256011000,others,5000,2022-12-01 00:00:07+00:00,2022-12-01 04:55:03+00:00,128.5793,33.22352333,11.0,17.163768115942027,0.0,0.0,이동/통과
288,AST-688 일천봉,1,256011000,others,5000,2022-12-01 05:00:03+00:00,2022-12-01 05:00:03+00:00,128.92755,34.62276833,4.2,14.0,0.9000000000000004,-2.1000000000000014,감속 이동/통과
289,AST-688 일천봉,2,256011000,others,5000,2022-12-01 05:05:13+00:00,2022-12-01 05:55:22+00:00,128.9294367,34.64143167,5.8,10.857692307692307,1.5999999999999996,-1.9000000000000004,이동/통과
290,AST-688 일천봉,3,256011000,others,5000,2022-12-01 06:00:02+00:00,2022-12-01 06:01:24+00:00,128.9337517,34.803635,322.4,11.0,-28.600000000000023,0.09999999999999964,좌선회(28.6°) 이동/통과
291,AST-688 일천봉,4,256011000,others,5000,2022-12-01 06:05:12+00:00,2022-12-01 06:53:25+00:00,128.921805,34.81658833,323.0,11.533333333333333,0.6000000000000227,0.5999999999999996,이동/통과
292,AST-688 일천봉,5,256011000,others,5000,2022-12-01 06:55:01+00:00,2022-12-01 06:55:01+00:00,128.8310033,34.95434667,334.9,8.4,4.399999999999977,-3.0,감속 이동/통과
293,AST-688 일천봉,6,256011000,others,5000,2022-12-01 06:55:29+00:00,2022-12-01 06:55:29+00:00,128.8308267,34.954735,339.0,8.2,4.100000000000023,-0.20000000000000107,이동/통과
294,AST-688 일천봉,7,256011000,others,5000,2022-12-01 07:00:33+00:00,2022-12-01 07:00:33+00:00,128.8293067,34.96445667,327.0,5.7,-12.0,-2.499999999999999,감속 이동/통과
295,AST-688 일천봉,8,256011000,others,5000,2022-12-01 07:05:23+00:00,2022-12-01 07:10:23+00:00,128.8211583,34.97297333,320.5,11.3,-6.5,3.999999999999999,가속 이동/통과
296,AST-688 일천봉,9,256011000,others,5000,2022-12-01 07:15:23+00:00,2022-12-01 07:25:12+00:00,128.802765,35.00282333,337.7,12.966666666666667,3.1999999999999886,-0.5,이동/통과
297,AST-688 일천봉,10,256011000,others,5000,2022-12-01 07:30:21+00:00,2022-12-01 07:30:21+00:00,128.78385,35.05186667,1.2,10.3,20.30000000000001,-2.3999999999999986,우선회(20.3°) 감속 이동/통과
298,AST-688 일천봉,11,256011000,others,5000,2022-12-01 07:35:02+00:00,2022-12-01 07:37:34+00:00,128.7876033,35.06373167,22.7,8.7,21.5,-1.6000000000000014,우선회(21.5°) 이동/통과
299,AST-688 일천봉,12,256011000,others,5000,2022-12-01 07:40:02+00:00,2022-12-01 07:40:02+00:00,128.7963833,35.069495,80.9,5.6,58.2,-3.0999999999999996,우선회(58.2°) 감속 이동/통과
300,AST-688 일천봉,13,256011000,others,5000,2022-12-01 07:45:02+00:00,2022-12-01 07:45:02+00:00,128.8058817,35.07047,80.8,5.4,-0.10000000000000853,-0.1999999999999993,이동/통과
301,AST-688 일천봉,14,256011000,others,5000,2022-12-01 07:49:30+00:00,2022-12-01 08:01:32+00:00,128.8125767,35.07118333,83.0,3.475,2.200000000000003,-0.8000000000000007,저속 운항
302,AST-688 일천봉,15,256011000,others,5000,2022-12-01 08:05:01+00:00,2022-12-02 13:06:04+00:00,128.8266083,35.07211,81.9,0.41803966437833723,-6.5,-1.4999999999999998,정박/대기
303,AST-688 일천봉,16,256011000,others,5000,2022-12-02 13:10:07+00:00,2022-12-02 13:12:03+00:00,128.8268367,35.07237167,297.6,2.3,-39.299999999999955,1.4999999999999998,좌선회(39.3°) 저속 운항
304,AST-688 일천봉,17,256011000,others,5000,2022-12-02 13:15:01+00:00,2022-12-02 13:18:05+00:00,128.8249433,35.07460167,27.9,1.0333333333333334,90.29999999999995,-0.9999999999999998,우선회(90.3°) 저속 운항
305,AST-688 일천봉,18,256011000,others,5000,2022-12-02 13:20:06+00:00,2022-12-02 13:24:07+00:00,128.8254033,35.07416667,257.4,1.6000000000000003,171.39999999999998,0.7000000000000001,우선회(171.4°) 저속 운항
306,AST-688 일천봉,19,256011000,others,5000,2022-12-02 13:25:05+00:00,2022-12-02 13:30:07+00:00,128.8186833,35.07398667,270.0,6.9,12.600000000000023,4.199999999999999,가속 이동/통과
307,AST-688 일천봉,20,256011000,others,5000,2022-12-02 13:35:05+00:00,2022-12-02 13:36:04+00:00,128.7925133,35.07108167,242.9,9.8,-24.799999999999983,1.8000000000000007,좌선회(24.8°) 이동/통과
308,AST-688 일천봉,21,256011000,others,5000,2022-12-02 13:36:06+00:00,2022-12-02 13:36:06+00:00,128.7895983,35.06951333,242.9,9.8,0.0,0.0,이동/통과
309,AST-688 일천봉,22,256011000,others,5000,2022-12-02 13:40:05+00:00,2022-12-02 13:42:07+00:00,128.7832783,35.05885333,196.9,11.8,-46.0,2.0,좌선회(46.0°) 가속 이동/통과
310,AST-688 일천봉,23,256011000,others,5000,2022-12-02 13:45:06+00:00,2022-12-02 13:48:03+00:00,128.7785917,35.04195833,183.4,11.6,-13.5,-0.20000000000000107,이동/통과
311,AST-688 일천봉,24,256011000,others,5000,2022-12-02 13:50:17+00:00,2022-12-02 13:50:17+00:00,128.7825983,35.02779167,164.0,9.1,-19.400000000000006,-2.5,감속 이동/통과
312,AST-688 일천봉,25,256011000,others,5000,2022-12-02 13:55:06+00:00,2022-12-02 14:00:16+00:00,128.786525,35.01674333,163.2,8.933333333333332,-0.8000000000000114,-1.0,이동/통과
313,AST-688 일천봉,26,256011000,others,5000,2022-12-02 14:05:26+00:00,2022-12-02 14:06:08+00:00,128.7976067,34.988275,162.6,13.0,0.9000000000000057,2.8000000000000007,가속 이동/통과
314,AST-688 일천봉,27,256011000,others,5000,2022-12-02 14:10:05+00:00,2022-12-02 14:25:04+00:00,128.8030767,34.97183,169.6,13.219999999999999,7.0,0.3000000000000007,이동/통과
315,AST-688 일천봉,28,256011000,others,5000,2022-12-02 14:30:05+00:00,2022-12-02 14:30:12+00:00,128.8383233,34.906045,177.2,12.6,22.399999999999977,-0.5,우선회(22.4°) 이동/통과
316,AST-688 일천봉,29,256011000,others,5000,2022-12-02 14:35:06+00:00,2022-12-02 16:12:24+00:00,128.83885,34.888305,179.1,12.856,1.9000000000000057,0.20000000000000107,이동/통과
317,AST-688 일천봉,30,256011000,others,5000,2022-12-02 16:15:05+00:00,2022-12-02 16:18:23+00:00,128.7814267,34.53667667,208.0,13.4,30.400000000000006,-0.1999999999999993,우선회(30.4°) 이동/통과
318,AST-688 일천봉,31,256011000,others,5000,2022-12-02 16:20:06+00:00,2022-12-02 16:25:05+00:00,128.7699933,34.52070333,210.8,13.1,2.8000000000000114,-0.20000000000000107,이동/통과
319,AST-688 일천봉,32,256011000,others,5000,2022-12-02 16:30:06+00:00,2022-12-02 16:30:21+00:00,128.7374617,34.498365,252.1,13.1,23.299999999999983,0.1999999999999993,우선회(23.3°) 이동/통과
320,AST-688 일천봉,33,256011000,others,5000,2022-12-02 16:35:06+00:00,2022-12-02 16:42:27+00:00,128.7162233,34.49354667,256.1,12.933333333333332,4.000000000000028,0.0,이동/통과
321,AST-688 일천봉,34,256011000,others,5000,2022-12-02 16:45:05+00:00,2022-12-02 16:48:27+00:00,128.6777383,34.48293833,215.4,11.5,-41.599999999999994,-1.0999999999999996,좌선회(41.6°) 이동/통과
322,AST-688 일천봉,35,256011000,others,5000,2022-12-02 16:50:05+00:00,2022-12-02 18:36:36+00:00,128.6674417,34.4685,209.0,12.815999999999999,-6.400000000000006,1.0,이동/통과
323,AST-688 일천봉,36,256011000,others,5000,2022-12-02 18:40:06+00:00,2022-12-02 18:40:06+00:00,128.4418917,34.12694,188.6,12.1,-31.700000000000017,-0.20000000000000107,좌선회(31.7°) 이동/통과
324,AST-688 일천봉,37,256011000,others,5000,2022-12-02 18:42:37+00:00,2022-12-02 18:48:34+00:00,128.4411017,34.12061833,185.0,12.75,-3.5999999999999943,0.40000000000000036,이동/통과
325,AST-688 일천봉,38,256011000,others,5000,2022-12-02 18:50:05+00:00,2022-12-02 18:50:05+00:00,128.4296933,34.09477667,228.0,12.5,41.900000000000006,-0.5,우선회(41.9°) 이동/통과
326,AST-688 일천봉,39,256011000,others,5000,2022-12-02 18:54:36+00:00,2022-12-03 03:53:15+00:00,128.4158183,34.08589333,234.0,12.734615384615385,6.0,0.09999999999999964,이동/통과
327,AST-688 일천봉,40,256011000,others,5000,2022-12-03 04:04:27+00:00,2022-12-03 04:04:27+00:00,126.5905367,32.91194,200.9,12.6,-29.5,-0.3000000000000007,좌선회(29.5°) 이동/통과
328,AST-688 일천봉,41,256011000,others,5000,2022-12-03 04:57:56+00:00,2022-12-03 04:57:56+00:00,126.54763,32.74533333,235.2,13.4,34.29999999999998,0.8000000000000007,우선회(34.3°) 이동/통과
329,AST-688 일천봉,42,256011000,others,5000,2022-12-03 05:04:56+00:00,2022-12-03 05:43:47+00:00,126.522165,32.73077333,238.2,13.028571428571428,3.0,-0.09999999999999964,이동/통과
330,AST-688 일천봉,43,256011000,others,5000,2022-12-03 10:21:16+00:00,2022-12-03 10:21:16+00:00,125.855635,32.493615,262.9,1.2,18.799999999999983,-11.8,감속 저속 운항
331,ATS- 평택,0,215080000,auxiliary,5500,2022-12-01 00:00:25+00:00,2022-12-01 05:40:06+00:00,129.18043,34.82528833,219.0,1.3349206349206348,0.0,0.0,저속 운항
332,ATS- 평택,1,215080000,auxiliary,5500,2022-12-01 05:45:04+00:00,2022-12-01 05:45:04+00:00,129.1568133,34.690935,165.9,0.9,-4.799999999999983,-0.09999999999999998,정박/대기
333,ATS- 평택,2,215080000,auxiliary,5500,2022-12-01 05:50:04+00:00,2022-12-01 05:50:04+00:00,129.157365,34.68940333,173.2,1.2,7.299999999999983,0.29999999999999993,저속 운항
334,ATS- 평택,3,215080000,auxiliary,5500,2022-12-01 05:51:56+00:00,2022-12-01 05:51:56+00:00,129.1571283,34.68863,204.0,1.7,30.80000000000001,0.5,우선회(30.8°) 저속 운항
335,ATS- 평택,4,215080000,auxiliary,5500,2022-12-01 06:00:06+00:00,2022-12-01 06:00:06+00:00,129.151745,34.68871667,333.8,3.4,129.8,1.7,우선회(129.8°) 저속 운항
336,ATS- 평택,5,215080000,auxiliary,5500,2022-12-01 06:05:25+00:00,2022-12-01 06:05:25+00:00,129.1498167,34.69681167,351.2,7.1,17.399999999999977,3.6999999999999997,가속 이동/통과
337,ATS- 평택,6,215080000,auxiliary,5500,2022-12-01 06:05:49+00:00,2022-12-01 06:05:49+00:00,129.1483333,34.69666667,349.0,7.0,-2.1999999999999886,-0.09999999999999964,이동/통과
338,ATS- 평택,7,215080000,auxiliary,5500,2022-12-01 06:11:50+00:00,2022-12-01 06:11:50+00:00,129.1466667,34.71166667,352.0,10.0,3.0,3.0,가속 이동/통과
339,ATS- 평택,8,215080000,auxiliary,5500,2022-12-01 06:14:05+00:00,2022-12-01 06:57:55+00:00,129.1461817,34.71871,351.7,11.046153846153846,-0.30000000000001137,0.9000000000000004,이동/통과
340,ATS- 평택,9,215080000,auxiliary,5500,2022-12-01 07:00:36+00:00,2022-12-01 07:00:36+00:00,129.12168,34.86061,336.0,10.8,-20.0,0.0,좌선회(20.0°) 이동/통과
341,ATS- 평택,10,215080000,auxiliary,5500,2022-12-01 07:05:45+00:00,2022-12-01 07:33:54+00:00,129.1134967,34.875015,335.1,11.125,-0.8999999999999773,0.29999999999999893,이동/통과
342,ATS- 평택,11,215080000,auxiliary,5500,2022-12-01 07:35:25+00:00,2022-12-01 07:35:25+00:00,129.0875817,34.96274167,19.7,9.3,25.69999999999999,-1.6999999999999993,우선회(25.7°) 이동/통과
343,ATS- 평택,12,215080000,auxiliary,5500,2022-12-01 07:39:57+00:00,2022-12-01 08:10:14+00:00,129.09039,34.96798,24.0,6.688888888888889,4.300000000000001,-0.10000000000000142,이동/통과
344,ATS- 평택,13,215080000,auxiliary,5500,2022-12-01 08:15:06+00:00,2022-12-01 08:15:55+00:00,129.0881317,35.02983,327.6,4.2,-4.699999999999989,-1.0999999999999996,저속 운항
345,ATS- 평택,14,215080000,auxiliary,5500,2022-12-01 08:20:15+00:00,2022-12-01 08:21:56+00:00,129.0847333,35.03334167,305.0,2.4,-22.600000000000023,-1.8000000000000003,좌선회(22.6°) 저속 운항
346,ATS- 평택,15,215080000,auxiliary,5500,2022-12-01 08:25:06+00:00,2022-12-01 08:30:05+00:00,129.0811633,35.035005,301.9,2.35,-3.1000000000000227,0.10000000000000009,저속 운항
347,ATS- 평택,16,215080000,auxiliary,5500,2022-12-01 08:30:25+00:00,2022-12-01 08:30:25+00:00,129.0792733,35.03637667,352.9,0.2,43.89999999999998,-2.0,정박/대기
348,ATS- 평택,17,215080000,auxiliary,5500,2022-12-01 08:36:05+00:00,2022-12-01 08:36:06+00:00,129.08098,35.036485,86.0,1.3,93.10000000000002,1.1,우선회(93.1°) 저속 운항
349,ATS- 평택,18,215080000,auxiliary,5500,2022-12-01 08:39:06+00:00,2022-12-01 08:39:06+00:00,129.0823967,35.03656667,85.9,1.3,-0.09999999999999432,0.0,저속 운항
350,ATS- 평택,19,215080000,auxiliary,5500,2022-12-01 08:48:02+00:00,2022-12-01 12:18:05+00:00,129.0837883,35.03665333,301.9,0.3279569892473118,-144.00000000000003,-1.0,정박/대기
351,ATS- 평택,20,215080000,auxiliary,5500,2022-12-01 12:22:14+00:00,2022-12-01 12:22:25+00:00,129.0814533,35.036275,308.8,1.0,5.199999999999989,0.5,저속 운항
352,ATS- 평택,21,215080000,auxiliary,5500,2022-12-01 12:25:05+00:00,2022-12-01 12:28:12+00:00,129.0801517,35.03648667,251.7,1.5,-57.10000000000002,0.5,좌선회(57.1°) 저속 운항
353,ATS- 평택,22,215080000,auxiliary,5500,2022-12-01 12:30:03+00:00,2022-12-01 12:30:03+00:00,129.079835,35.03399833,145.0,3.0,-106.69999999999999,1.5,좌선회(106.7°) 저속 운항
354,ATS- 평택,23,215080000,auxiliary,5500,2022-12-01 12:34:10+00:00,2022-12-01 12:34:11+00:00,129.082975,35.031295,134.0,5.1,-11.0,2.0999999999999996,가속 이동/통과
355,ATS- 평택,24,215080000,auxiliary,5500,2022-12-01 12:35:05+00:00,2022-12-01 12:35:05+00:00,129.0855767,35.02921833,131.6,5.9,-2.4000000000000057,0.8000000000000007,이동/통과
356,ATS- 평택,25,215080000,auxiliary,5500,2022-12-01 12:40:05+00:00,2022-12-01 12:40:10+00:00,129.095505,35.02206167,126.2,8.9,-5.3999999999999915,3.0,가속 이동/통과
357,ATS- 평택,26,215080000,auxiliary,5500,2022-12-01 12:41:48+00:00,2022-12-01 12:47:47+00:00,129.1,35.02,113.0,9.440000000000001,-13.200000000000003,0.09999999999999964,이동/통과
358,ATS- 평택,27,215080000,auxiliary,5500,2022-12-01 12:50:04+00:00,2022-12-01 12:52:12+00:00,129.1270867,35.01464667,76.5,11.3,-21.5,1.3000000000000007,좌선회(21.5°) 이동/통과
359,ATS- 평택,28,215080000,auxiliary,5500,2022-12-01 12:55:04+00:00,2022-12-01 14:15:55+00:00,129.1468967,35.01835333,77.7,13.041666666666666,1.2000000000000028,0.8999999999999986,이동/통과
360,ATS- 평택,29,215080000,auxiliary,5500,2022-12-01 14:40:54+00:00,2022-12-01 14:40:54+00:00,129.5838417,35.14993,17.0,12.0,-49.900000000000006,-1.0,좌선회(49.9°) 이동/통과
361,ATS- 평택,30,215080000,auxiliary,5500,2022-12-01 15:04:12+00:00,2022-12-01 18:30:34+00:00,129.610105,35.22397833,16.0,12.18125,-1.0,0.5,이동/통과
362,DDG-992 율곡이이,0,431400833,destroyer,15000,2022-12-01 00:00:22+00:00,2022-12-01 04:00:22+00:00,130.4005,33.616635,78.5,0.0014814814814814816,0.0,0.0,정박/대기
363,DDG-992 율곡이이,1,431400833,destroyer,15000,2022-12-01 04:05:05+00:00,2022-12-01 04:05:05+00:00,130.4000433,33.61771833,337.6,3.0,41.60000000000002,2.9,우선회(41.6°) 가속 저속 운항
364,DDG-992 율곡이이,2,431400833,destroyer,15000,2022-12-01 04:10:04+00:00,2022-12-01 04:10:04+00:00,130.3939283,33.617795,258.7,6.7,-78.90000000000003,3.7,좌선회(78.9°) 가속 이동/통과
365,DDG-992 율곡이이,3,431400833,destroyer,15000,2022-12-01 04:15:04+00:00,2022-12-01 04:15:04+00:00,130.3819233,33.62047667,295.0,8.8,36.30000000000001,2.1000000000000005,우선회(36.3°) 가속 이동/통과
366,DDG-992 율곡이이,4,431400833,destroyer,15000,2022-12-01 04:20:05+00:00,2022-12-01 04:45:04+00:00,130.36735,33.62585167,295.1,11.233333333333334,0.10000000000002274,1.299999999999999,이동/통과
367,DDG-992 율곡이이,5,431400833,destroyer,15000,2022-12-01 04:50:05+00:00,2022-12-01 04:54:21+00:00,130.2724133,33.67275167,342.3,10.9,36.900000000000034,-0.40000000000000036,우선회(36.9°) 이동/통과
368,DDG-992 율곡이이,6,431400833,destroyer,15000,2022-12-01 04:55:05+00:00,2022-12-01 05:00:21+00:00,130.2668,33.687245,340.6,11.05,-1.6999999999999886,0.09999999999999964,이동/통과
369,DDG-992 율곡이이,7,431400833,destroyer,15000,2022-12-01 05:05:15+00:00,2022-12-01 05:05:15+00:00,130.2519183,33.71543,317.4,10.6,-21.900000000000034,-0.5,좌선회(21.9°) 이동/통과
370,DDG-992 율곡이이,8,431400833,destroyer,15000,2022-12-01 05:10:04+00:00,2022-12-01 05:10:04+00:00,130.2366233,33.72133833,286.3,11.1,-31.099999999999966,0.5,좌선회(31.1°) 이동/통과
371,DDG-992 율곡이이,9,431400833,destroyer,15000,2022-12-01 05:15:05+00:00,2022-12-01 05:18:21+00:00,130.2220983,33.73004833,305.4,11.0,19.099999999999966,-0.09999999999999964,이동/통과
372,DDG-992 율곡이이,10,431400833,destroyer,15000,2022-12-01 05:20:04+00:00,2022-12-01 05:20:04+00:00,130.20483,33.735505,276.2,12.0,-29.19999999999999,1.0,좌선회(29.2°) 이동/통과
373,DDG-992 율곡이이,11,431400833,destroyer,15000,2022-12-01 05:25:04+00:00,2022-12-01 05:30:21+00:00,130.185055,33.738155,280.4,12.1,4.199999999999989,0.09999999999999964,이동/통과
374,DDG-992 율곡이이,12,431400833,destroyer,15000,2022-12-01 05:35:04+00:00,2022-12-01 05:35:04+00:00,130.1459983,33.73565,247.9,12.5,-25.299999999999983,0.40000000000000036,좌선회(25.3°) 이동/통과
375,DDG-992 율곡이이,13,431400833,destroyer,15000,2022-12-01 05:40:14+00:00,2022-12-01 08:50:35+00:00,130.12657,33.72812833,243.8,11.977777777777778,-4.099999999999994,0.0,이동/통과
376,DDG-992 율곡이이,14,431400833,destroyer,15000,2022-12-01 09:14:16+00:00,2022-12-01 09:14:16+00:00,129.3902083,33.41291167,204.4,12.0,-30.599999999999994,0.09999999999999964,좌선회(30.6°) 이동/통과
377,DDG-992 율곡이이,15,431400833,destroyer,15000,2022-12-01 09:15:15+00:00,2022-12-01 10:20:04+00:00,129.3884583,33.40985833,203.9,12.393333333333334,-0.5,0.09999999999999964,이동/통과
378,DDG-992 율곡이이,16,431400833,destroyer,15000,2022-12-01 10:24:21+00:00,2022-12-01 10:24:21+00:00,129.2868067,33.19451833,159.0,12.1,-45.0,-0.5,좌선회(45.0°) 이동/통과
379,DDG-992 율곡이이,17,431400833,destroyer,15000,2022-12-01 10:25:14+00:00,2022-12-01 15:06:21+00:00,129.2898783,33.18826333,156.3,13.13968253968254,-2.6999999999999886,0.3000000000000007,이동/통과
380,DDG-992 율곡이이,18,431400833,destroyer,15000,2022-12-02 04:35:02+00:00,2022-12-02 04:36:21+00:00,130.1575767,32.57606167,250.0,11.8,92.9,2.200000000000001,우선회(92.9°) 가속 이동/통과
381,DDG-992 율곡이이,19,431400833,destroyer,15000,2022-12-02 04:40:02+00:00,2022-12-02 04:42:21+00:00,130.13888,32.57528333,275.6,11.5,25.600000000000023,-0.3000000000000007,우선회(25.6°) 이동/통과
382,DDG-992 율곡이이,20,431400833,destroyer,15000,2022-12-02 04:45:01+00:00,2022-12-02 04:48:21+00:00,130.1200367,32.57786833,286.3,11.7,10.699999999999989,0.1999999999999993,이동/통과
383,DDG-992 율곡이이,21,431400833,destroyer,15000,2022-12-02 04:50:02+00:00,2022-12-02 04:54:21+00:00,130.1009833,32.57863167,257.7,12.3,-28.600000000000023,0.6000000000000014,좌선회(28.6°) 이동/통과
384,DDG-992 율곡이이,22,431400833,destroyer,15000,2022-12-02 04:55:02+00:00,2022-12-02 06:06:22+00:00,130.08101,32.574635,256.6,13.495238095238093,-1.099999999999966,0.29999999999999893,이동/통과
385,DDG-992 율곡이이,23,431400833,destroyer,15000,2022-12-02 06:10:01+00:00,2022-12-02 06:12:21+00:00,129.7565217,32.52508833,300.8,13.6,39.400000000000034,-0.09999999999999964,우선회(39.4°) 이동/통과
386,DDG-992 율곡이이,24,431400833,destroyer,15000,2022-12-02 06:15:01+00:00,2022-12-02 06:18:22+00:00,129.7375883,32.535035,301.7,13.6,0.8999999999999773,0.0,이동/통과
387,DDG-992 율곡이이,25,431400833,destroyer,15000,2022-12-02 06:20:02+00:00,2022-12-02 06:24:21+00:00,129.7255333,32.55006,331.1,13.4,29.400000000000034,-0.1999999999999993,우선회(29.4°) 이동/통과
388,DDG-992 율곡이이,26,431400833,destroyer,15000,2022-12-02 06:25:02+00:00,2022-12-02 09:30:04+00:00,129.714715,32.56640333,330.3,13.516326530612243,-0.8000000000000114,0.09999999999999964,이동/통과
389,DDG-992 율곡이이,27,431400833,destroyer,15000,2022-12-02 09:35:26+00:00,2022-12-02 09:36:21+00:00,129.318535,33.19247333,1.0,13.3,23.69999999999999,-0.6999999999999993,우선회(23.7°) 이동/통과
390,DDG-992 율곡이이,28,431400833,destroyer,15000,2022-12-02 09:40:16+00:00,2022-12-02 10:40:15+00:00,129.3180283,33.21032167,359.5,13.615384615384615,-1.5,0.3999999999999986,이동/통과
391,DDG-992 율곡이이,29,431400833,destroyer,15000,2022-12-02 10:47:06+00:00,2022-12-02 10:48:21+00:00,129.418395,33.44660667,43.2,13.9,20.700000000000003,0.20000000000000107,우선회(20.7°) 이동/통과
392,DDG-992 율곡이이,30,431400833,destroyer,15000,2022-12-02 10:55:54+00:00,2022-12-02 16:24:21+00:00,129.446945,33.47019333,48.3,13.431818181818182,5.299999999999997,-0.40000000000000036,이동/통과
393,DDG-992 율곡이이,31,431400833,destroyer,15000,2022-12-02 16:25:04+00:00,2022-12-02 16:25:04+00:00,130.7416217,34.03319833,97.6,13.5,25.89999999999999,0.0,우선회(25.9°) 이동/통과
394,DDG-992 율곡이이,32,431400833,destroyer,15000,2022-12-02 16:30:05+00:00,2022-12-02 16:42:22+00:00,130.7644567,34.030615,96.7,13.733333333333334,-0.8999999999999915,0.3000000000000007,이동/통과
395,DDG-992 율곡이이,33,431400833,destroyer,15000,2022-12-02 16:45:05+00:00,2022-12-02 16:48:21+00:00,130.8292833,34.01985333,160.9,12.7,63.30000000000001,-1.0,우선회(63.3°) 이동/통과
396,DDG-992 율곡이이,34,431400833,destroyer,15000,2022-12-02 16:50:05+00:00,2022-12-02 16:54:21+00:00,130.837605,34.002265,156.8,13.8,-4.099999999999994,1.1000000000000014,이동/통과
397,DDG-992 율곡이이,35,431400833,destroyer,15000,2022-12-02 16:55:05+00:00,2022-12-02 16:55:05+00:00,130.8380017,33.98396167,191.3,13.9,34.5,0.09999999999999964,우선회(34.5°) 이동/통과
398,DDG-992 율곡이이,36,431400833,destroyer,15000,2022-12-02 17:00:00+00:00,2022-12-02 17:00:21+00:00,130.8378817,33.96599833,143.1,12.800000000000002,-48.20000000000002,-1.0999999999999996,좌선회(48.2°) 이동/통과
399,DDG-992 율곡이이,37,431400833,destroyer,15000,2022-12-02 17:05:01+00:00,2022-12-02 17:18:21+00:00,130.852825,33.95150833,137.9,14.175,-5.199999999999989,1.0,이동/통과
400,DDG-992 율곡이이,38,431400833,destroyer,15000,2022-12-02 17:20:02+00:00,2022-12-02 17:24:21+00:00,130.899755,33.90624667,117.6,14.0,-23.200000000000017,-0.5999999999999996,좌선회(23.2°) 이동/통과
401,DDG-992 율곡이이,39,431400833,destroyer,15000,2022-12-02 17:25:03+00:00,2022-12-02 17:25:03+00:00,130.92079,33.9057,58.8,14.0,-58.8,0.0,좌선회(58.8°) 이동/통과
402,DDG-992 율곡이이,40,431400833,destroyer,15000,2022-12-02 17:30:08+00:00,2022-12-02 17:30:21+00:00,130.933645,33.92206667,19.4,14.9,-39.4,0.9000000000000004,좌선회(39.4°) 이동/통과
403,DDG-992 율곡이이,41,431400833,destroyer,15000,2022-12-02 17:35:03+00:00,2022-12-02 17:42:22+00:00,130.9423667,33.94093833,35.8,14.6,16.4,-0.40000000000000036,이동/통과
404,DDG-992 율곡이이,42,431400833,destroyer,15000,2022-12-02 17:45:02+00:00,2022-12-02 17:48:22+00:00,130.9758917,33.967995,66.2,13.7,28.5,-1.0,우선회(28.5°) 이동/통과
405,DDG-992 율곡이이,43,431400833,destroyer,15000,2022-12-02 17:50:10+00:00,2022-12-02 17:50:10+00:00,130.99842,33.97402,72.6,13.5,6.3999999999999915,-0.1999999999999993,이동/통과
406,DDG-992 율곡이이,44,431400833,destroyer,15000,2022-12-02 17:55:00+00:00,2022-12-02 17:55:00+00:00,131.0170383,33.970175,118.0,12.8,45.400000000000006,-0.6999999999999993,우선회(45.4°) 이동/통과
407,DDG-992 율곡이이,45,431400833,destroyer,15000,2022-12-02 18:00:00+00:00,2022-12-02 18:00:21+00:00,131.0326083,33.95874,152.3,13.2,34.30000000000001,0.3999999999999986,우선회(34.3°) 이동/통과
408,DDG-992 율곡이이,46,431400833,destroyer,15000,2022-12-02 18:05:00+00:00,2022-12-02 18:54:21+00:00,131.0447667,33.94302333,141.8,13.120000000000001,-10.5,0.3000000000000007,이동/통과
409,DDG-992 율곡이이,47,431400833,destroyer,15000,2022-12-06 17:40:07+00:00,2022-12-06 17:42:22+00:00,131.2216717,33.81534667,276.7,6.400000000000001,171.7,-6.799999999999999,우선회(171.7°) 감속 이동/통과
410,DDG-992 율곡이이,48,431400833,destroyer,15000,2022-12-06 17:45:08+00:00,2022-12-06 18:18:21+00:00,131.2108833,33.816485,277.8,6.6625,0.8000000000000114,0.09999999999999964,이동/통과
411,DDG-992 율곡이이,49,431400833,destroyer,15000,2022-12-06 18:20:08+00:00,2022-12-06 18:24:22+00:00,131.13105,33.82478833,276.4,9.2,-0.5,2.299999999999999,가속 이동/통과
412,DDG-992 율곡이이,50,431400833,destroyer,15000,2022-12-06 18:25:07+00:00,2022-12-06 18:25:07+00:00,131.1156233,33.82622,276.1,9.4,-0.2999999999999545,0.20000000000000107,이동/통과
413,DDG-992 율곡이이,51,431400833,destroyer,15000,2022-12-06 18:30:07+00:00,2022-12-06 18:30:07+00:00,131.10015,33.82662333,250.5,9.0,-25.600000000000023,-0.40000000000000036,좌선회(25.6°) 이동/통과
414,DDG-992 율곡이이,52,431400833,destroyer,15000,2022-12-06 18:35:07+00:00,2022-12-06 19:00:21+00:00,131.0854383,33.8221,248.5,9.5,-2.0,0.5,이동/통과
415,DDG-992 율곡이이,53,431400833,destroyer,15000,2022-12-06 19:05:18+00:00,2022-12-06 19:06:29+00:00,130.999905,33.79886,264.1,5.0,-6.2999999999999545,-2.0999999999999996,감속 이동/통과
416,DDG-992 율곡이이,54,431400833,destroyer,15000,2022-12-06 19:10:18+00:00,2022-12-06 19:12:21+00:00,130.99509,33.79710667,236.1,1.65,-28.00000000000003,-3.3,좌선회(28.0°) 감속 저속 운항
417,DDG-992 율곡이이,55,431400833,destroyer,15000,2022-12-06 19:15:01+00:00,2022-12-06 19:18:21+00:00,130.993595,33.7961,221.1,1.0,-14.900000000000006,-0.6000000000000001,저속 운항
418,DDG-992 율곡이이,56,431400833,destroyer,15000,2022-12-06 19:20:47+00:00,2022-12-07 06:30:21+00:00,130.992075,33.79623667,319.2,0.4039156626506024,98.1,-0.19999999999999996,정박/대기
419,DDG-992 율곡이이,57,431400833,destroyer,15000,2022-12-07 06:35:09+00:00,2022-12-07 06:36:21+00:00,130.9932833,33.79703833,72.6,2.7,-40.400000000000006,2.3000000000000003,좌선회(40.4°) 가속 저속 운항
420,DDG-992 율곡이이,58,431400833,destroyer,15000,2022-12-07 06:40:09+00:00,2022-12-07 06:42:22+00:00,131.002865,33.79736,96.5,7.8,23.900000000000006,5.1,우선회(23.9°) 가속 이동/통과
421,DDG-992 율곡이이,59,431400833,destroyer,15000,2022-12-07 06:45:09+00:00,2022-12-07 06:48:22+00:00,131.016685,33.79992833,69.2,9.6,-27.299999999999997,1.7999999999999998,좌선회(27.3°) 이동/통과
422,DDG-992 율곡이이,60,431400833,destroyer,15000,2022-12-07 06:50:09+00:00,2022-12-07 07:06:21+00:00,131.032705,33.80527333,68.7,11.6,-0.29999999999999716,1.4000000000000004,이동/통과
423,DDG-992 율곡이이,61,431400833,destroyer,15000,2022-12-07 07:10:10+00:00,2022-12-07 07:12:23+00:00,131.105375,33.82454,96.7,11.4,27.299999999999997,-0.29999999999999893,우선회(27.3°) 이동/통과
424,DDG-992 율곡이이,62,431400833,destroyer,15000,2022-12-07 07:15:10+00:00,2022-12-07 07:42:21+00:00,131.1243433,33.82265333,96.1,11.714285714285714,-0.6000000000000085,0.1999999999999993,이동/통과
425,DDG-993 서애류성룡,0,440314210,destroyer,15000,2022-12-01 00:19:34+00:00,2022-12-01 00:37:34+00:00,127.1466667,34.52,291.0,0.0,0.0,0.0,정박/대기
426,DDG-993 서애류성룡,1,440314210,destroyer,15000,2022-12-01 03:42:34+00:00,2022-12-01 03:42:34+00:00,127.08207,34.11641167,191.0,11.4,-84.0,11.4,좌선회(84.0°) 가속 이동/통과
427,DDG-993 서애류성룡,2,440314210,destroyer,15000,2022-12-01 03:42:36+00:00,2022-12-01 06:29:52+00:00,127.053265,34.0239,191.0,11.25625,0.0,0.0,이동/통과
428,DDG-993 서애류성룡,3,440314210,destroyer,15000,2022-12-01 06:43:32+00:00,2022-12-01 06:43:32+00:00,126.9283333,33.51166667,171.0,9.0,-25.30000000000001,-1.8000000000000007,좌선회(25.3°) 이동/통과
429,DDG-993 서애류성룡,4,440314210,destroyer,15000,2022-12-01 07:00:32+00:00,2022-12-01 07:00:32+00:00,126.934585,33.47761667,171.0,5.8,0.0,-3.2,감속 이동/통과
430,DDG-993 서애류성룡,5,440314210,destroyer,15000,2022-12-01 10:12:39+00:00,2022-12-01 14:22:35+00:00,126.93023,33.47362667,283.0,0.025,112.0,-5.7,정박/대기
431,DDG-993 서애류성룡,6,440314210,destroyer,15000,2022-12-01 15:28:33+00:00,2022-12-01 15:28:33+00:00,126.9466667,33.585,17.0,10.0,58.0,10.0,우선회(58.0°) 가속 이동/통과
432,DDG-993 서애류성룡,7,440314210,destroyer,15000,2022-12-01 16:40:54+00:00,2022-12-01 19:49:33+00:00,126.9978567,33.78951667,11.1,10.114285714285714,-5.9,0.40000000000000036,이동/통과
433,DDG-993 서애류성룡,8,440314210,destroyer,15000,2022-12-01 20:49:39+00:00,2022-12-01 20:49:39+00:00,127.105,34.49166667,62.0,10.0,63.0,0.0,우선회(63.0°) 이동/통과
434,DDG-993 서애류성룡,9,440314210,destroyer,15000,2022-12-01 21:05:44+00:00,2022-12-01 21:05:44+00:00,127.1430917,34.51172167,25.8,4.6,-36.2,-5.4,좌선회(36.2°) 감속 저속 운항
435,DDG-993 서애류성룡,10,440314210,destroyer,15000,2022-12-02 01:46:36+00:00,2022-12-02 05:52:40+00:00,127.1466667,34.52,309.0,0.0,-76.80000000000001,-4.6,정박/대기
436,DDG-993 서애류성룡,11,440314210,destroyer,15000,2022-12-02 08:07:29+00:00,2022-12-02 08:24:40+00:00,127.14444,34.52085,233.0,3.0,-16.0,3.0,가속 저속 운항
437,DDG-993 서애류성룡,12,440314210,destroyer,15000,2022-12-02 11:42:40+00:00,2022-12-05 00:49:43+00:00,127.1482367,34.513735,189.0,0.004166666666666667,-44.0,-2.9,정박/대기
438,DDG-993 서애류성룡,13,440314210,destroyer,15000,2022-12-05 02:22:43+00:00,2022-12-05 02:22:43+00:00,127.1033333,34.4,168.0,12.0,-133.0,12.0,좌선회(133.0°) 가속 이동/통과
439,DDG-993 서애류성룡,14,440314210,destroyer,15000,2022-12-05 06:13:48+00:00,2022-12-05 06:16:48+00:00,126.97,33.68166667,185.0,11.0,17.0,-1.0,이동/통과
440,DDG-993 서애류성룡,15,440314210,destroyer,15000,2022-12-05 14:40:43+00:00,2022-12-05 14:40:43+00:00,126.93,33.47333333,275.0,0.0,72.0,-11.0,정박/대기
441,DDG-993 서애류성룡,16,440314210,destroyer,15000,2022-12-05 18:19:46+00:00,2022-12-05 18:19:46+00:00,127.0366667,33.95333333,12.0,10.0,97.0,10.0,우선회(97.0°) 가속 이동/통과
442,DDG-993 서애류성룡,17,440314210,destroyer,15000,2022-12-05 18:25:46+00:00,2022-12-05 19:22:42+00:00,127.0416667,33.97,10.0,10.0,-2.0,0.0,이동/통과
443,DDG-993 서애류성룡,18,440314210,destroyer,15000,2022-12-05 20:58:43+00:00,2022-12-05 20:58:43+00:00,127.0933333,34.42666667,337.0,11.0,-33.0,1.0,좌선회(33.0°) 이동/통과
444,DDG-993 서애류성룡,19,440314210,destroyer,15000,2022-12-06 00:43:44+00:00,2022-12-06 02:01:45+00:00,127.1466667,34.52,302.0,0.0,-35.0,-11.0,정박/대기
445,DDG-993 서애류성룡,20,440314210,destroyer,15000,2022-12-06 05:55:44+00:00,2022-12-06 05:55:44+00:00,127.0316667,33.92166667,196.0,10.0,-107.0,10.0,좌선회(107.0°) 가속 이동/통과
446,DDG-993 서애류성룡,21,440314210,destroyer,15000,2022-12-06 06:25:48+00:00,2022-12-06 07:28:44+00:00,127.0083333,33.835,188.0,10.666666666666666,-8.0,0.0,이동/통과
447,DDG-993 서애류성룡,22,440314210,destroyer,15000,2022-12-06 12:34:45+00:00,2022-12-06 12:37:46+00:00,126.93,33.47333333,258.0,0.0,63.0,-11.0,정박/대기
448,DDG-993 서애류성룡,23,440314210,destroyer,15000,2022-12-06 18:01:50+00:00,2022-12-06 18:01:50+00:00,127.0533333,34.00833333,9.0,11.0,101.0,11.0,우선회(101.0°) 가속 이동/통과
449,DDG-993 서애류성룡,24,440314210,destroyer,15000,2022-12-06 18:58:44+00:00,2022-12-06 19:34:50+00:00,127.09,34.175,11.0,11.0,2.0,0.0,이동/통과
450,DDG-993 서애류성룡,25,440314210,destroyer,15000,2022-12-06 21:52:45+00:00,2022-12-07 01:43:47+00:00,127.1466667,34.52,282.0,0.0,-83.0,-11.0,정박/대기
451,DDG-993 서애류성룡,26,440314210,destroyer,15000,2022-12-07 07:04:44+00:00,2022-12-07 07:04:44+00:00,126.9766667,33.71166667,194.0,11.0,-107.0,11.0,좌선회(107.0°) 가속 이동/통과
452,DDG-993 서애류성룡,27,440314210,destroyer,15000,2022-12-07 09:58:48+00:00,2022-12-07 12:10:48+00:00,126.93,33.47333333,289.0,0.0,95.0,-11.0,정박/대기
453,DDG-993 서애류성룡,28,440314210,destroyer,15000,2022-12-07 15:55:46+00:00,2022-12-07 15:55:46+00:00,126.96,33.65333333,7.0,10.0,118.0,10.0,우선회(118.0°) 가속 이동/통과
454,DDG-993 서애류성룡,29,440314210,destroyer,15000,2022-12-07 18:37:45+00:00,2022-12-07 19:16:47+00:00,127.0766667,34.11,12.0,10.0,5.0,0.0,이동/통과
455,DDG-993 서애류성룡,30,440314210,destroyer,15000,2022-12-07 20:13:45+00:00,2022-12-07 20:13:45+00:00,127.1033333,34.39666667,347.0,10.0,-21.0,0.0,좌선회(21.0°) 이동/통과
456,DDG-993 서애류성룡,31,440314210,destroyer,15000,2022-12-07 23:34:49+00:00,2022-12-08 01:13:49+00:00,127.1466667,34.52,278.0,0.0,-69.0,-10.0,정박/대기
457,DDG-993 서애류성룡,32,440314210,destroyer,15000,2022-12-08 05:49:47+00:00,2022-12-08 05:49:47+00:00,127.02,33.88333333,190.0,11.0,-109.0,11.0,좌선회(109.0°) 가속 이동/통과
458,DDG-993 서애류성룡,33,440314210,destroyer,15000,2022-12-08 06:46:46+00:00,2022-12-08 06:49:45+00:00,126.9833333,33.70666667,193.0,11.0,3.0,0.0,이동/통과
459,DDG-993 서애류성룡,34,440314210,destroyer,15000,2022-12-08 11:52:50+00:00,2022-12-08 11:52:50+00:00,126.93,33.47333333,252.0,0.0,54.0,-11.0,정박/대기
460,DDG-993 서애류성룡,35,440314210,destroyer,15000,2022-12-08 18:06:10+00:00,2022-12-08 18:06:10+00:00,127.0837917,34.13375833,12.1,10.4,120.1,10.4,우선회(120.1°) 가속 이동/통과
461,DDG-993 서애류성룡,36,440314210,destroyer,15000,2022-12-08 18:19:48+00:00,2022-12-08 18:49:49+00:00,127.095,34.17166667,12.0,10.0,-0.09999999999999964,-0.40000000000000036,이동/통과
462,DDG-993 서애류성룡,37,440314210,destroyer,15000,2022-12-08 19:52:48+00:00,2022-12-08 19:52:48+00:00,127.0866667,34.43833333,337.0,10.0,-31.0,0.0,좌선회(31.0°) 이동/통과
463,DDG-993 서애류성룡,38,440314210,destroyer,15000,2022-12-08 20:13:30+00:00,2022-12-08 20:13:30+00:00,127.0980617,34.48917167,62.3,10.4,85.30000000000001,0.40000000000000036,우선회(85.3°) 이동/통과
464,DDG-993 서애류성룡,39,440314210,destroyer,15000,2022-12-08 20:36:41+00:00,2022-12-08 20:36:41+00:00,127.14317,34.51153667,34.7,2.4,-27.599999999999994,-8.0,좌선회(27.6°) 감속 저속 운항
465,DDG-993 서애류성룡,40,440314210,destroyer,15000,2022-12-08 21:25:49+00:00,2022-12-09 06:28:48+00:00,127.145,34.52,261.0,0.0,-133.7,-2.4,정박/대기
466,DDG-993 서애류성룡,41,440314210,destroyer,15000,2022-12-09 10:25:52+00:00,2022-12-09 10:25:52+00:00,127.0383333,33.96666667,188.0,11.0,-84.0,11.0,좌선회(84.0°) 가속 이동/통과
467,DDG-993 서애류성룡,42,440314210,destroyer,15000,2022-12-09 12:19:50+00:00,2022-12-09 12:19:50+00:00,126.955,33.625,191.0,11.0,3.0,0.0,이동/통과
468,DDG-993 서애류성룡,43,440314210,destroyer,15000,2022-12-09 15:31:50+00:00,2022-12-10 14:31:52+00:00,126.93,33.47333333,297.0,0.0,106.0,-11.0,정박/대기
469,DDG-993 서애류성룡,44,440314210,destroyer,15000,2022-12-10 18:07:52+00:00,2022-12-10 18:07:52+00:00,127.0333333,33.93666667,12.0,10.0,99.0,10.0,우선회(99.0°) 가속 이동/통과
470,DDG-993 서애류성룡,45,440314210,destroyer,15000,2022-12-10 18:10:52+00:00,2022-12-10 19:43:52+00:00,127.035,33.945,13.0,9.983333333333333,1.0,0.0,이동/통과
471,DDG-993 서애류성룡,46,440314210,destroyer,15000,2022-12-11 01:46:55+00:00,2022-12-11 01:49:56+00:00,127.145,34.52,320.0,0.0,-53.0,-10.0,정박/대기
472,DDG-993 서애류성룡,47,440314210,destroyer,15000,2022-12-11 06:13:52+00:00,2022-12-11 06:13:52+00:00,127.0483333,33.995,194.0,11.0,-121.0,11.0,좌선회(121.0°) 가속 이동/통과
473,DDG-993 서애류성룡,48,440314210,destroyer,15000,2022-12-11 06:16:53+00:00,2022-12-11 06:16:53+00:00,127.045,33.98666667,188.0,11.0,-6.0,0.0,이동/통과
474,DDG-993 서애류성룡,49,440314210,destroyer,15000,2022-12-11 10:52:56+00:00,2022-12-11 12:22:55+00:00,126.93,33.47333333,270.0,0.0,82.0,-11.0,정박/대기
475,DDG-993 서애류성룡,50,440314210,destroyer,15000,2022-12-11 18:46:56+00:00,2022-12-11 18:46:56+00:00,127.0733333,34.095,11.0,10.0,105.0,10.0,우선회(105.0°) 가속 이동/통과
476,DDG-993 서애류성룡,51,440314210,destroyer,15000,2022-12-11 18:52:55+00:00,2022-12-11 20:01:54+00:00,127.0766667,34.11166667,8.0,10.0,-3.0,0.0,이동/통과
477,DDG-993 서애류성룡,52,440314210,destroyer,15000,2022-12-11 21:37:55+00:00,2022-12-12 01:28:57+00:00,127.145,34.52,82.0,0.0,81.0,-10.0,정박/대기
478,DDG-993 서애류성룡,53,440314210,destroyer,15000,2022-12-12 05:22:56+00:00,2022-12-12 05:22:56+00:00,127.0933333,34.175,195.0,12.0,-101.0,12.0,좌선회(101.0°) 가속 이동/통과
479,DDG-993 서애류성룡,54,440314210,destroyer,15000,2022-12-12 05:49:54+00:00,2022-12-12 06:55:56+00:00,127.065,34.09166667,206.0,11.0,11.0,-1.0,이동/통과
480,DDG-993 서애류성룡,55,440314210,destroyer,15000,2022-12-12 11:58:58+00:00,2022-12-12 13:34:58+00:00,126.93,33.47333333,252.0,0.0,53.0,-11.0,정박/대기
481,DDG-993 서애류성룡,56,440314210,destroyer,15000,2022-12-12 18:25:56+00:00,2022-12-12 18:25:56+00:00,127.055,34.03833333,7.0,9.0,43.0,9.0,우선회(43.0°) 가속 이동/통과
482,DDG-993 서애류성룡,57,440314210,destroyer,15000,2022-12-12 18:44:44+00:00,2022-12-12 20:37:56+00:00,127.0688417,34.090285,14.6,10.142857142857142,7.6,1.1999999999999993,이동/통과
483,DDG-993 서애류성룡,58,440314210,destroyer,15000,2022-12-12 22:22:58+00:00,2022-12-12 22:22:58+00:00,127.145,34.52,301.0,0.0,-44.0,-10.0,정박/대기
484,DDG-993 서애류성룡,59,440314210,destroyer,15000,2022-12-13 06:31:58+00:00,2022-12-13 06:31:58+00:00,126.985,33.95666667,199.0,11.0,-102.0,11.0,좌선회(102.0°) 가속 이동/통과
485,DDG-993 서애류성룡,60,440314210,destroyer,15000,2022-12-13 06:37:57+00:00,2022-12-13 06:40:58+00:00,126.9766667,33.94,197.0,10.5,-2.0,0.0,이동/통과
486,DDG-993 서애류성룡,61,440314210,destroyer,15000,2022-12-13 09:43:59+00:00,2022-12-13 13:14:00+00:00,126.93,33.47333333,230.0,0.25,29.0,-9.0,정박/대기
487,DDG-993 서애류성룡,62,440314210,destroyer,15000,2022-12-13 18:07:59+00:00,2022-12-13 18:07:59+00:00,126.7983333,33.81333333,331.0,7.0,17.0,7.0,가속 이동/통과
488,DDG-993 서애류성룡,63,440314210,destroyer,15000,2022-12-14 00:44:00+00:00,2022-12-14 00:47:01+00:00,127.145,34.52,314.0,0.0,-17.0,-7.0,정박/대기
489,DDG-993 서애류성룡,64,440314210,destroyer,15000,2022-12-14 10:29:00+00:00,2022-12-14 10:29:00+00:00,126.9716667,33.70166667,180.0,11.0,-139.0,11.0,좌선회(139.0°) 가속 이동/통과
490,DDG-993 서애류성룡,65,440314210,destroyer,15000,2022-12-14 12:56:02+00:00,2022-12-14 14:26:02+00:00,126.93,33.47333333,314.0,0.0,134.0,-11.0,정박/대기
491,DDG-993 서애류성룡,66,440314210,destroyer,15000,2022-12-14 19:20:01+00:00,2022-12-14 19:20:01+00:00,127.01,33.84833333,15.0,10.0,83.0,10.0,우선회(83.0°) 가속 이동/통과
492,DDG-993 서애류성룡,67,440314210,destroyer,15000,2022-12-14 20:11:01+00:00,2022-12-14 20:11:01+00:00,127.05,33.99666667,14.0,10.0,-1.0,0.0,이동/통과
493,DDH-971 광개토대왕,0,305089000,destroyer,15000,2022-12-01 00:00:03+00:00,2022-12-01 03:00:00+00:00,128.4729183,33.87590833,26.5,10.74,0.0,0.0,이동/통과
494,DDH-971 광개토대왕,1,305089000,destroyer,15000,2022-12-01 03:05:03+00:00,2022-12-01 03:05:03+00:00,128.7674017,34.37306833,53.3,10.9,23.199999999999996,1.0999999999999996,우선회(23.2°) 이동/통과
495,DDH-971 광개토대왕,2,305089000,destroyer,15000,2022-12-01 03:07:06+00:00,2022-12-01 05:20:13+00:00,128.773295,34.37696667,53.3,11.60625,0.0,0.0,이동/통과
496,DDH-971 광개토대왕,3,305089000,destroyer,15000,2022-12-01 05:25:39+00:00,2022-12-01 05:25:39+00:00,128.9213183,34.79879,331.6,11.4,-28.19999999999999,-0.29999999999999893,좌선회(28.2°) 이동/통과
497,DDH-971 광개토대왕,4,305089000,destroyer,15000,2022-12-01 05:30:13+00:00,2022-12-01 06:35:19+00:00,128.9119517,34.81180667,330.3,12.226666666666667,-1.3000000000000114,0.5,이동/통과
498,DDH-971 광개토대왕,5,305089000,destroyer,15000,2022-12-01 06:40:30+00:00,2022-12-01 06:40:30+00:00,128.7888917,35.02849333,310.0,10.7,-31.399999999999977,-0.8000000000000007,좌선회(31.4°) 이동/통과
499,DDH-971 광개토대왕,6,305089000,destroyer,15000,2022-12-01 06:45:20+00:00,2022-12-01 06:50:09+00:00,128.772445,35.03501167,295.1,11.4,-14.899999999999977,0.6000000000000014,이동/통과
500,DDH-971 광개토대왕,7,305089000,destroyer,15000,2022-12-01 06:55:10+00:00,2022-12-01 06:55:30+00:00,128.7405767,35.04549833,268.9,7.8,-25.30000000000001,-3.7,좌선회(25.3°) 감속 이동/통과
501,DDH-971 광개토대왕,8,305089000,destroyer,15000,2022-12-01 07:00:20+00:00,2022-12-01 07:00:20+00:00,128.72186,35.050975,290.4,12.3,21.5,4.500000000000001,우선회(21.5°) 가속 이동/통과
502,DDH-971 광개토대왕,9,305089000,destroyer,15000,2022-12-01 07:05:19+00:00,2022-12-01 07:55:09+00:00,128.7025167,35.05745667,294.3,11.29090909090909,3.900000000000034,0.0,이동/통과
503,DDH-971 광개토대왕,10,305089000,destroyer,15000,2022-12-01 08:11:29+00:00,2022-12-01 08:11:29+00:00,128.5913217,35.20347,39.5,3.3,51.89999999999998,-4.1000000000000005,우선회(51.9°) 감속 저속 운항
504,DDH-971 광개토대왕,11,305089000,destroyer,15000,2022-12-01 08:19:53+00:00,2022-12-01 08:19:53+00:00,128.5954733,35.20517167,109.9,0.9,70.4,-2.4,정박/대기
505,DDH-971 광개토대왕,12,305089000,destroyer,15000,2022-12-01 08:26:33+00:00,2022-12-01 08:26:33+00:00,128.5980717,35.20558833,77.8,1.1,-32.10000000000001,0.20000000000000007,좌선회(32.1°) 저속 운항
506,DDH-971 광개토대왕,13,305089000,destroyer,15000,2022-12-01 08:48:23+00:00,2022-12-02 02:50:09+00:00,128.59925,35.205855,262.7,0.0,-175.10000000000002,-1.1,정박/대기
507,DDH-971 광개토대왕,14,305089000,destroyer,15000,2022-12-02 02:56:22+00:00,2022-12-02 02:56:22+00:00,128.597335,35.20529333,250.2,4.2,7.199999999999989,4.2,가속 저속 운항
508,DDH-971 광개토대왕,15,305089000,destroyer,15000,2022-12-02 03:15:33+00:00,2022-12-02 03:15:33+00:00,128.5968833,35.15529,165.8,12.5,-84.39999999999998,8.3,좌선회(84.4°) 가속 이동/통과
509,DDH-971 광개토대왕,16,305089000,destroyer,15000,2022-12-02 03:20:21+00:00,2022-12-02 03:50:02+00:00,128.6019767,35.13895,165.8,12.588888888888889,0.0,0.09999999999999964,이동/통과
510,DDH-971 광개토대왕,17,305089000,destroyer,15000,2022-12-02 03:55:11+00:00,2022-12-02 03:55:11+00:00,128.6990233,35.05381333,119.9,9.4,-4.199999999999989,-3.0,감속 이동/통과
511,DDH-971 광개토대왕,18,305089000,destroyer,15000,2022-12-02 04:00:13+00:00,2022-12-02 04:05:13+00:00,128.7126217,35.04784833,114.9,9.25,-5.0,-0.20000000000000107,이동/통과
512,DDH-971 광개토대왕,19,305089000,destroyer,15000,2022-12-02 04:10:23+00:00,2022-12-02 04:10:23+00:00,128.7388933,35.0371,110.2,5.9,-8.399999999999991,-3.4000000000000004,감속 이동/통과
513,DDH-971 광개토대왕,20,305089000,destroyer,15000,2022-12-02 04:15:02+00:00,2022-12-02 04:20:20+00:00,128.7490767,35.03403833,110.0,10.4,-0.20000000000000284,4.5,가속 이동/통과
514,DDH-971 광개토대왕,21,305089000,destroyer,15000,2022-12-02 04:21:32+00:00,2022-12-02 04:25:09+00:00,128.7726167,35.0236,123.7,12.1,13.700000000000003,1.9000000000000004,이동/통과
515,DDH-971 광개토대왕,22,305089000,destroyer,15000,2022-12-02 04:27:41+00:00,2022-12-02 04:27:41+00:00,128.7957017,34.989495,167.0,11.8,31.0,0.10000000000000142,우선회(31.0°) 이동/통과
516,DDH-971 광개토대왕,23,305089000,destroyer,15000,2022-12-02 04:30:11+00:00,2022-12-02 05:55:02+00:00,128.79131,35.00087,163.6,12.205555555555556,-3.4000000000000057,0.29999999999999893,이동/통과
517,DDH-971 광개토대왕,24,305089000,destroyer,15000,2022-12-02 06:00:08+00:00,2022-12-02 06:00:08+00:00,128.8410183,34.7046,211.2,11.8,32.89999999999998,0.0,우선회(32.9°) 이동/통과
518,DDH-971 광개토대왕,25,305089000,destroyer,15000,2022-12-02 06:05:05+00:00,2022-12-02 21:30:08+00:00,128.8293083,34.691295,220.5,12.172857142857143,9.300000000000011,0.1999999999999993,이동/통과
519,DDH-972 을지문덕,0,538002403,destroyer,15000,2022-12-02 03:36:48+00:00,2022-12-02 05:14:48+00:00,125.7052133,32.517455,52.6,12.733333333333334,0.0,0.0,이동/통과
520,DDH-972 을지문덕,1,538002403,destroyer,15000,2022-12-02 05:27:41+00:00,2022-12-02 05:27:41+00:00,126.0558967,32.76154167,73.1,5.7,23.799999999999997,-6.999999999999999,우선회(23.8°) 감속 이동/통과
521,DDH-972 을지문덕,2,538002403,destroyer,15000,2022-12-02 05:31:20+00:00,2022-12-02 05:31:20+00:00,126.0612467,32.76283833,66.8,4.0,-6.299999999999997,-1.7000000000000002,저속 운항
522,DDH-972 을지문덕,3,538002403,destroyer,15000,2022-12-02 05:57:47+00:00,2022-12-02 05:57:47+00:00,126.1195967,32.778405,79.2,10.4,12.400000000000006,6.4,가속 이동/통과
523,DDH-972 을지문덕,4,538002403,destroyer,15000,2022-12-02 06:45:08+00:00,2022-12-02 22:05:07+00:00,126.2791283,32.81782667,75.0,14.162295081967212,-4.200000000000003,1.9000000000000004,이동/통과
524,DDH-973 양만춘,0,538008114,destroyer,15000,2022-12-01 00:00:11+00:00,2022-12-01 06:15:21+00:00,128.9146167,34.09143333,18.0,12.613483146067415,0.0,0.0,이동/통과
525,DDH-973 양만춘,1,538008114,destroyer,15000,2022-12-01 06:26:38+00:00,2022-12-01 06:26:38+00:00,129.4184333,35.37476667,55.0,8.8,34.0,-4.199999999999999,우선회(34.0°) 감속 이동/통과
526,DDH-973 양만춘,2,538008114,destroyer,15000,2022-12-01 06:31:35+00:00,2022-12-01 06:31:35+00:00,129.426,35.38186667,52.0,6.0,-3.0,-2.8000000000000007,감속 이동/통과
527,DDH-973 양만춘,3,538008114,destroyer,15000,2022-12-01 06:45:31+00:00,2022-12-01 06:45:31+00:00,129.4304167,35.40135,341.0,8.7,-71.0,2.6999999999999993,좌선회(71.0°) 가속 이동/통과
528,DDH-973 양만춘,4,538008114,destroyer,15000,2022-12-01 06:51:51+00:00,2022-12-01 07:00:32+00:00,129.42335,35.41648333,338.0,9.4,-3.0,0.7000000000000011,이동/통과
529,DDH-973 양만춘,5,538008114,destroyer,15000,2022-12-01 07:07:02+00:00,2022-12-01 07:07:02+00:00,129.3936167,35.44698333,283.0,9.2,-40.0,-0.20000000000000107,좌선회(40.0°) 이동/통과
530,DDH-973 양만춘,6,538008114,destroyer,15000,2022-12-01 07:10:42+00:00,2022-12-01 07:10:42+00:00,129.3834167,35.44883333,283.0,7.7,0.0,-1.4999999999999991,이동/통과
531,DDH-973 양만춘,7,538008114,destroyer,15000,2022-12-01 07:15:41+00:00,2022-12-01 07:15:41+00:00,129.3724667,35.45125,283.0,5.6,0.0,-2.1000000000000005,감속 이동/통과
532,DDH-973 양만춘,8,538008114,destroyer,15000,2022-12-01 07:26:02+00:00,2022-12-01 07:26:02+00:00,129.3625,35.44671667,205.0,2.8,-78.0,-2.8,좌선회(78.0°) 감속 저속 운항
533,DDH-973 양만춘,9,538008114,destroyer,15000,2022-12-01 07:44:39+00:00,2022-12-01 07:44:41+00:00,129.3604167,35.44011667,205.0,2.6,0.0,-0.19999999999999973,저속 운항
534,DDH-973 양만춘,10,538008114,destroyer,15000,2022-12-01 07:47:32+00:00,2022-12-02 12:05:33+00:00,129.3604167,35.44011667,67.0,0.0313668430335097,-138.0,-2.6,정박/대기
535,DDH-973 양만춘,11,538008114,destroyer,15000,2022-12-02 22:34:29+00:00,2022-12-02 22:34:29+00:00,129.3927833,35.44583333,99.0,8.4,-131.0,8.4,좌선회(131.0°) 가속 이동/통과
536,DDH-973 양만춘,12,538008114,destroyer,15000,2022-12-02 22:43:48+00:00,2022-12-02 22:43:48+00:00,129.4047333,35.4342,169.0,6.8,70.0,-1.6000000000000005,우선회(70.0°) 이동/통과
537,DDH-973 양만춘,13,538008114,destroyer,15000,2022-12-03 00:10:16+00:00,2022-12-03 00:10:16+00:00,129.649,35.56621667,28.0,14.5,-141.0,7.7,좌선회(141.0°) 가속 이동/통과
538,DDH-973 양만춘,14,538008114,destroyer,15000,2022-12-07 16:02:29+00:00,2022-12-07 16:02:29+00:00,129.5232167,35.18371667,218.0,12.7,-170.0,-1.8000000000000007,좌선회(170.0°) 이동/통과
539,DDH-973 양만춘,15,538008114,destroyer,15000,2022-12-07 16:06:09+00:00,2022-12-08 05:11:46+00:00,129.5133,35.17361667,220.0,13.876315789473685,2.0,0.10000000000000142,이동/통과
540,DDH-975 충무공 이순신,0,356222000,destroyer,15000,2022-12-10 10:29:03+00:00,2022-12-10 17:02:25+00:00,125.783765,33.70489333,79.2,14.358333333333334,0.0,0.0,이동/통과
541,DDH-975 충무공 이순신,1,356222000,destroyer,15000,2022-12-10 17:41:01+00:00,2022-12-10 17:41:01+00:00,127.7728233,33.94736667,50.2,14.6,-37.2,-0.40000000000000036,좌선회(37.2°) 이동/통과
542,DDH-975 충무공 이순신,2,356222000,destroyer,15000,2022-12-10 17:52:12+00:00,2022-12-10 18:56:07+00:00,127.8150183,33.97644,52.9,14.358333333333334,2.6999999999999957,0.09999999999999964,이동/통과
543,DDH-975 충무공 이순신,3,356222000,destroyer,15000,2022-12-10 19:00:07+00:00,2022-12-10 19:00:07+00:00,128.0806467,34.13067667,29.1,13.1,-20.199999999999996,-0.8000000000000007,좌선회(20.2°) 이동/통과
544,DDH-975 충무공 이순신,4,356222000,destroyer,15000,2022-12-10 19:12:56+00:00,2022-12-10 20:28:38+00:00,128.113295,34.17014,42.8,13.309999999999999,13.699999999999996,0.5999999999999996,이동/통과
545,DDH-975 충무공 이순신,5,356222000,destroyer,15000,2022-12-10 20:30:07+00:00,2022-12-10 20:30:07+00:00,128.39323,34.32849167,32.8,12.3,-20.200000000000003,0.0,좌선회(20.2°) 이동/통과
546,DDH-975 충무공 이순신,6,356222000,destroyer,15000,2022-12-10 20:35:08+00:00,2022-12-10 20:35:08+00:00,128.4093933,34.339215,62.3,12.8,29.5,0.5,우선회(29.5°) 이동/통과
547,DDH-975 충무공 이순신,7,356222000,destroyer,15000,2022-12-10 20:40:18+00:00,2022-12-10 23:52:38+00:00,128.4271183,34.34945167,45.5,12.186046511627907,-16.799999999999997,-0.40000000000000036,이동/통과
548,DDH-975 충무공 이순신,8,356222000,destroyer,15000,2022-12-10 23:55:26+00:00,2022-12-10 23:55:26+00:00,129.052395,34.74568,90.7,13.0,41.7,0.3000000000000007,우선회(41.7°) 이동/통과
549,DDH-975 충무공 이순신,9,356222000,destroyer,15000,2022-12-11 00:00:07+00:00,2022-12-11 00:05:07+00:00,129.0732617,34.74556167,87.7,13.2,-3.0,0.3000000000000007,이동/통과
550,DDH-975 충무공 이순신,10,356222000,destroyer,15000,2022-12-11 00:10:26+00:00,2022-12-11 00:10:38+00:00,129.1161317,34.7566,55.4,12.9,-20.000000000000007,-0.1999999999999993,좌선회(20.0°) 이동/통과
551,DDH-975 충무공 이순신,11,356222000,destroyer,15000,2022-12-11 00:15:07+00:00,2022-12-11 09:21:57+00:00,129.1317983,34.76738,48.6,13.042857142857143,-6.799999999999997,0.09999999999999964,이동/통과
552,DDH-976 문무대왕,0,477016800,destroyer,15000,2022-12-01 00:00:09+00:00,2022-12-01 00:06:09+00:00,127.9636867,34.64660333,32.0,2.375,0.0,0.0,저속 운항
553,DDH-976 문무대왕,1,477016800,destroyer,15000,2022-12-01 00:10:12+00:00,2022-12-01 00:10:12+00:00,127.9686083,34.65525167,340.0,1.3,-31.0,-0.5999999999999999,좌선회(31.0°) 저속 운항
554,DDH-976 문무대왕,2,477016800,destroyer,15000,2022-12-01 00:12:09+00:00,2022-12-01 00:12:09+00:00,127.9683017,34.65587,340.0,1.3,0.0,0.0,저속 운항
555,DDH-976 문무대왕,3,477016800,destroyer,15000,2022-12-01 00:15:14+00:00,2022-12-01 16:25:57+00:00,127.9678083,34.656525,312.0,0.2566970066970067,-28.0,-0.7000000000000001,정박/대기
556,DDH-976 문무대왕,4,477016800,destroyer,15000,2022-12-01 16:32:33+00:00,2022-12-01 16:32:33+00:00,127.9666133,34.65780167,1.0,1.7,-31.0,1.1,좌선회(31.0°) 저속 운항
557,DDH-976 문무대왕,5,477016800,destroyer,15000,2022-12-01 16:35:42+00:00,2022-12-01 16:37:28+00:00,127.9657167,34.659735,324.0,2.9,-37.0,1.2,좌선회(37.0°) 저속 운항
558,DDH-976 문무대왕,6,477016800,destroyer,15000,2022-12-01 16:41:03+00:00,2022-12-01 16:41:03+00:00,127.9600933,34.66343333,301.0,4.9,-23.0,2.0000000000000004,좌선회(23.0°) 가속 저속 운항
559,DDH-976 문무대왕,7,477016800,destroyer,15000,2022-12-01 16:42:03+00:00,2022-12-01 16:43:31+00:00,127.9586133,34.66409,301.0,4.9,0.0,0.0,저속 운항
560,DDH-976 문무대왕,8,477016800,destroyer,15000,2022-12-01 16:45:03+00:00,2022-12-01 16:45:03+00:00,127.95355,34.66563833,278.0,5.4,-23.0,0.5,좌선회(23.0°) 이동/통과
561,DDH-976 문무대왕,9,477016800,destroyer,15000,2022-12-01 16:49:30+00:00,2022-12-01 16:56:44+00:00,127.9442,34.66564333,278.0,6.175,0.0,0.0,이동/통과
562,DDH-976 문무대왕,10,477016800,destroyer,15000,2022-12-01 17:00:30+00:00,2022-12-01 17:00:30+00:00,127.921465,34.658615,226.0,7.0,-23.0,0.09999999999999964,좌선회(23.0°) 이동/통과
563,DDH-976 문무대왕,11,477016800,destroyer,15000,2022-12-01 17:01:34+00:00,2022-12-01 17:01:34+00:00,127.919825,34.65654167,226.0,7.0,0.0,0.0,이동/통과
564,DDH-976 문무대왕,12,477016800,destroyer,15000,2022-12-01 17:05:13+00:00,2022-12-01 17:07:34+00:00,127.9187517,34.64968333,177.0,7.7,-49.0,0.7000000000000002,좌선회(49.0°) 이동/통과
565,DDH-976 문무대왕,13,477016800,destroyer,15000,2022-12-01 17:08:45+00:00,2022-12-01 20:58:03+00:00,127.9192917,34.63987,177.0,11.072916666666666,0.0,0.0,이동/통과
566,DDH-976 문무대왕,14,477016800,destroyer,15000,2022-12-01 21:13:23+00:00,2022-12-01 21:13:23+00:00,128.0276667,33.8984,134.0,12.1,-49.0,0.29999999999999893,좌선회(49.0°) 이동/통과
567,DDH-976 문무대왕,15,477016800,destroyer,15000,2022-12-01 21:28:53+00:00,2022-12-01 21:28:53+00:00,128.0527883,33.85164167,164.0,12.3,30.0,0.20000000000000107,우선회(30.0°) 이동/통과
568,DDH-976 문무대왕,16,477016800,destroyer,15000,2022-12-01 21:47:03+00:00,2022-12-01 22:10:23+00:00,128.0733833,33.79213,163.0,12.266666666666666,-1.0,-0.10000000000000142,이동/통과
569,DDH-976 문무대왕,17,477016800,destroyer,15000,2022-12-01 22:24:02+00:00,2022-12-01 22:24:02+00:00,128.0868383,33.66949167,194.0,12.0,24.0,-0.3000000000000007,우선회(24.0°) 이동/통과
570,DDH-976 문무대왕,18,477016800,destroyer,15000,2022-12-01 22:28:44+00:00,2022-12-02 02:40:24+00:00,128.0857267,33.65389333,175.0,12.4625,-19.0,0.1999999999999993,이동/통과
571,DDH-976 문무대왕,19,477016800,destroyer,15000,2022-12-02 04:23:03+00:00,2022-12-02 04:23:03+00:00,128.3813017,32.46045667,146.0,12.4,-25.0,-0.09999999999999964,좌선회(25.0°) 이동/통과
572,DDH-976 문무대왕,20,477016800,destroyer,15000,2022-12-02 04:25:03+00:00,2022-12-02 07:22:26+00:00,128.3858483,32.45486667,145.0,11.794871794871796,-1.0,-0.09999999999999964,이동/통과
573,DDH-981 최영,0,466221000,destroyer,15000,2022-12-01 05:04:24+00:00,2022-12-01 10:05:01+00:00,127.0143333,34.07438333,87.0,9.943243243243243,0.0,0.0,이동/통과
574,DDH-981 최영,1,466221000,destroyer,15000,2022-12-01 10:10:01+00:00,2022-12-01 10:10:28+00:00,127.85625,34.45833333,28.0,9.6,24.0,0.0,우선회(24.0°) 이동/통과
575,DDH-981 최영,2,466221000,destroyer,15000,2022-12-01 10:15:32+00:00,2022-12-01 10:22:29+00:00,127.86705,34.47076667,35.0,10.066666666666666,7.0,0.40000000000000036,이동/통과
576,DDH-981 최영,3,466221000,destroyer,15000,2022-12-01 10:25:31+00:00,2022-12-01 10:28:28+00:00,127.8869,34.49148333,42.0,7.7,5.0,-2.3999999999999995,감속 이동/통과
577,DDH-981 최영,4,466221000,destroyer,15000,2022-12-01 10:29:38+00:00,2022-12-01 11:01:05+00:00,127.8951167,34.49616667,55.0,6.211111111111111,13.0,-1.5,이동/통과
578,DDH-981 최영,5,466221000,destroyer,15000,2022-12-01 11:04:30+00:00,2022-12-01 11:04:30+00:00,127.9204333,34.54313333,26.0,7.0,23.0,0.20000000000000018,우선회(23.0°) 이동/통과
579,DDH-981 최영,6,466221000,destroyer,15000,2022-12-01 11:05:33+00:00,2022-12-01 11:22:28+00:00,127.9240333,34.54726667,35.0,6.14,9.0,-0.20000000000000018,이동/통과
580,DDH-981 최영,7,466221000,destroyer,15000,2022-12-01 11:26:22+00:00,2022-12-01 11:28:29+00:00,127.9534167,34.56828333,20.0,4.1,-25.0,-1.5,좌선회(25.0°) 저속 운항
581,DDH-981 최영,8,466221000,destroyer,15000,2022-12-01 11:30:52+00:00,2022-12-01 11:58:30+00:00,127.9547667,34.57316667,10.0,4.21875,-10.0,-0.19999999999999973,저속 운항
582,DDH-981 최영,9,466221000,destroyer,15000,2022-12-01 12:00:12+00:00,2022-12-01 12:00:12+00:00,127.9551,34.60776667,333.0,4.8,-27.0,0.20000000000000018,좌선회(27.0°) 저속 운항
583,DDH-981 최영,10,466221000,destroyer,15000,2022-12-01 12:06:50+00:00,2022-12-01 12:22:29+00:00,127.95005,34.61633333,337.0,5.3,4.0,0.5,이동/통과
584,DDH-981 최영,11,466221000,destroyer,15000,2022-12-01 12:26:03+00:00,2022-12-01 12:46:31+00:00,127.9417333,34.64318333,349.0,4.027777777777778,1.0,-0.7999999999999998,저속 운항
585,DDH-981 최영,12,466221000,destroyer,15000,2022-12-01 12:50:50+00:00,2022-12-01 12:50:50+00:00,127.9356167,34.6681,326.0,3.2,-22.0,0.0,좌선회(22.0°) 저속 운항
586,DDH-981 최영,13,466221000,destroyer,15000,2022-12-01 12:52:28+00:00,2022-12-01 12:52:28+00:00,127.9336,34.66918333,326.0,3.2,0.0,0.0,저속 운항
587,DDH-981 최영,14,466221000,destroyer,15000,2022-12-01 12:55:42+00:00,2022-12-01 12:58:28+00:00,127.9298667,34.66973333,273.0,3.9,-53.0,0.6999999999999997,좌선회(53.0°) 저속 운항
588,DDH-981 최영,15,466221000,destroyer,15000,2022-12-01 13:00:21+00:00,2022-12-01 13:30:52+00:00,127.9234167,34.66936667,269.0,2.9555555555555557,-4.0,0.0,저속 운항
589,DDH-981 최영,16,466221000,destroyer,15000,2022-12-01 13:34:30+00:00,2022-12-03 02:04:30+00:00,127.8922,34.67023333,286.0,0.12737888912122164,2.0,0.10000000000000009,정박/대기
590,DDH-981 최영,17,466221000,destroyer,15000,2022-12-03 02:07:22+00:00,2022-12-03 02:10:29+00:00,127.88925,34.66981667,277.0,1.0,-152.0,0.30000000000000004,좌선회(152.0°) 저속 운항
591,DDH-981 최영,18,466221000,destroyer,15000,2022-12-03 02:12:30+00:00,2022-12-03 02:12:30+00:00,127.8914,34.6686,277.0,1.0,0.0,0.0,저속 운항
592,DDH-981 최영,19,466221000,destroyer,15000,2022-12-03 02:12:41+00:00,2022-12-03 02:12:41+00:00,127.8895,34.67026667,84.0,1.9,167.0,0.8999999999999999,우선회(167.0°) 저속 운항
593,DDH-981 최영,20,466221000,destroyer,15000,2022-12-03 02:15:12+00:00,2022-12-03 02:15:12+00:00,127.8915833,34.66808333,148.0,4.1,64.0,2.1999999999999997,우선회(64.0°) 가속 저속 운항
594,DDH-981 최영,21,466221000,destroyer,15000,2022-12-03 02:15:39+00:00,2022-12-03 02:15:39+00:00,127.8917833,34.66741667,156.0,4.5,8.0,0.40000000000000036,저속 운항
595,DDH-981 최영,22,466221000,destroyer,15000,2022-12-03 02:23:52+00:00,2022-12-03 02:34:27+00:00,127.8975667,34.65565,149.0,7.55,-7.0,1.2999999999999998,이동/통과
596,DDH-981 최영,23,466221000,destroyer,15000,2022-12-03 02:36:31+00:00,2022-12-03 02:36:31+00:00,127.91345,34.63253333,156.0,6.1,8.0,-2.4000000000000004,감속 이동/통과
597,DDH-981 최영,24,466221000,destroyer,15000,2022-12-03 02:36:41+00:00,2022-12-03 02:36:41+00:00,127.91355,34.63235,157.0,6.1,1.0,0.0,이동/통과
598,DDH-981 최영,25,466221000,destroyer,15000,2022-12-03 02:40:51+00:00,2022-12-03 02:45:21+00:00,127.9160833,34.62706667,158.0,4.6,1.0,-1.6999999999999993,저속 운항
599,DDH-981 최영,26,466221000,destroyer,15000,2022-12-03 02:50:11+00:00,2022-12-03 02:50:11+00:00,127.9232167,34.61195,159.0,8.9,2.0,4.1000000000000005,가속 이동/통과
600,DDH-981 최영,27,466221000,destroyer,15000,2022-12-03 02:55:10+00:00,2022-12-03 16:25:02+00:00,127.9277833,34.5986,168.0,12.057083333333335,9.0,1.1999999999999993,이동/통과
601,FF-959 부산,0,305062000,frigate,13000,2022-12-01 00:00:03+00:00,2022-12-01 00:35:03+00:00,129.8382,34.40199,23.4,6.1875,0.0,0.0,이동/통과
602,FF-959 부산,1,305062000,frigate,13000,2022-12-01 00:40:13+00:00,2022-12-01 00:40:35+00:00,129.8605733,34.46696333,340.4,6.0,-30.200000000000045,-0.09999999999999964,좌선회(30.2°) 이동/통과
603,FF-959 부산,2,305062000,frigate,13000,2022-12-01 00:45:03+00:00,2022-12-01 00:46:24+00:00,129.85688,34.47503,339.1,8.1,-1.2999999999999545,2.0999999999999996,가속 이동/통과
604,FF-959 부산,3,305062000,frigate,13000,2022-12-01 00:50:03+00:00,2022-12-01 01:04:36+00:00,129.8513733,34.48672667,341.6,9.666666666666666,2.5,1.200000000000001,이동/통과
605,FF-959 부산,4,305062000,frigate,13000,2022-12-01 01:05:03+00:00,2022-12-01 01:05:03+00:00,129.83316,34.52197,341.4,6.9,3.099999999999966,-2.9000000000000004,감속 이동/통과
606,FF-959 부산,5,305062000,frigate,13000,2022-12-01 01:10:03+00:00,2022-12-01 01:10:24+00:00,129.82888,34.52975667,341.2,5.2,-0.19999999999998863,-1.7000000000000002,이동/통과
607,FF-959 부산,6,305062000,frigate,13000,2022-12-01 01:15:13+00:00,2022-12-01 01:15:13+00:00,129.8242,34.53745667,317.8,6.5,-23.399999999999977,1.2999999999999998,좌선회(23.4°) 이동/통과
608,FF-959 부산,7,305062000,frigate,13000,2022-12-01 01:20:05+00:00,2022-12-01 01:28:18+00:00,129.8182667,34.54385333,312.3,6.2,-5.5,0.0,이동/통과
609,FF-959 부산,8,305062000,frigate,13000,2022-12-01 01:30:03+00:00,2022-12-01 01:30:03+00:00,129.8033067,34.55152667,224.5,8.1,-99.80000000000001,2.1999999999999993,좌선회(99.8°) 가속 이동/통과
610,FF-959 부산,9,305062000,frigate,13000,2022-12-01 01:35:03+00:00,2022-12-01 01:35:03+00:00,129.7965867,34.54174667,200.8,7.9,-23.69999999999999,-0.1999999999999993,좌선회(23.7°) 이동/통과
611,FF-959 부산,10,305062000,frigate,13000,2022-12-01 01:40:03+00:00,2022-12-01 02:40:35+00:00,129.79024,34.53180667,209.8,7.907692307692307,9.0,0.09999999999999964,이동/통과
612,FF-959 부산,11,305062000,frigate,13000,2022-12-01 02:45:13+00:00,2022-12-01 02:45:13+00:00,129.6999467,34.40948,190.0,7.6,-24.69999999999999,0.1999999999999993,좌선회(24.7°) 이동/통과
613,FF-959 부산,12,305062000,frigate,13000,2022-12-01 02:50:03+00:00,2022-12-01 03:30:03+00:00,129.69516,34.40026,193.4,7.355555555555556,3.4000000000000057,-0.1999999999999993,이동/통과
614,FF-959 부산,13,305062000,frigate,13000,2022-12-01 03:34:18+00:00,2022-12-01 03:34:18+00:00,129.6568133,34.31850667,210.0,4.0,12.699999999999989,-2.8,감속 저속 운항
615,FF-959 부산,14,305062000,frigate,13000,2022-12-01 03:35:03+00:00,2022-12-01 03:35:03+00:00,129.65536,34.31770667,237.5,2.3,27.5,-1.7000000000000002,우선회(27.5°) 저속 운항
616,FF-959 부산,15,305062000,frigate,13000,2022-12-01 03:40:03+00:00,2022-12-01 03:40:03+00:00,129.6534667,34.31699667,204.5,3.5,-33.0,1.2000000000000002,좌선회(33.0°) 저속 운항
617,FF-959 부산,16,305062000,frigate,13000,2022-12-01 03:45:03+00:00,2022-12-01 03:50:23+00:00,129.65316,34.31603333,202.2,0.35,-2.3000000000000114,-2.8,정박/대기
618,FF-959 부산,17,305062000,frigate,13000,2022-12-01 03:52:36+00:00,2022-12-01 03:52:36+00:00,129.6532933,34.31461333,186.0,1.0,86.2,1.0,우선회(86.2°) 저속 운항
619,FF-959 부산,18,305062000,frigate,13000,2022-12-01 03:55:03+00:00,2022-12-01 03:58:25+00:00,129.6535867,34.31367667,146.6,1.0,-39.400000000000006,0.0,좌선회(39.4°) 저속 운항
620,FF-959 부산,19,305062000,frigate,13000,2022-12-01 04:00:03+00:00,2022-12-01 04:04:35+00:00,129.6538933,34.31239,320.0,1.8,173.4,0.8,우선회(173.4°) 저속 운항
621,FF-959 부산,20,305062000,frigate,13000,2022-12-01 04:05:03+00:00,2022-12-01 04:05:03+00:00,129.65408,34.31116,157.4,2.4,-162.6,0.5999999999999999,좌선회(162.6°) 저속 운항
622,FF-959 부산,21,305062000,frigate,13000,2022-12-01 04:10:03+00:00,2022-12-01 04:10:26+00:00,129.6542,34.30986333,172.2,1.2,14.799999999999983,-1.2,저속 운항
623,FF-959 부산,22,305062000,frigate,13000,2022-12-01 04:15:03+00:00,2022-12-01 04:16:35+00:00,129.654,34.30862333,186.3,0.9,14.100000000000023,-0.29999999999999993,정박/대기
624,FF-959 부산,23,305062000,frigate,13000,2022-12-01 04:20:03+00:00,2022-12-01 04:28:35+00:00,129.6539333,34.30761667,172.8,2.266666666666667,-13.5,1.1,저속 운항
625,FF-959 부산,24,305062000,frigate,13000,2022-12-01 04:30:03+00:00,2022-12-01 04:35:03+00:00,129.6531467,34.30544333,340.0,0.75,155.0,-1.3000000000000003,정박/대기
626,FF-959 부산,25,305062000,frigate,13000,2022-12-01 04:40:03+00:00,2022-12-01 04:40:35+00:00,129.6524267,34.30370333,189.5,1.9,-55.099999999999994,1.2999999999999998,좌선회(55.1°) 저속 운항
627,FF-959 부산,26,305062000,frigate,13000,2022-12-01 04:45:03+00:00,2022-12-01 04:52:34+00:00,129.6520533,34.30287,334.6,0.45,145.10000000000002,-1.5,정박/대기
628,FF-959 부산,27,305062000,frigate,13000,2022-12-01 04:55:05+00:00,2022-12-01 04:58:25+00:00,129.65108,34.30117333,174.0,2.3,-149.39999999999998,1.7999999999999998,좌선회(149.4°) 저속 운항
629,FF-959 부산,28,305062000,frigate,13000,2022-12-01 05:00:13+00:00,2022-12-01 05:05:03+00:00,129.6505867,34.30033,233.9,0.44999999999999996,59.900000000000006,-1.9999999999999998,정박/대기
630,FF-959 부산,29,305062000,frigate,13000,2022-12-01 05:10:03+00:00,2022-12-01 05:10:03+00:00,129.6498667,34.29874667,172.7,1.7,-32.20000000000002,1.1,좌선회(32.2°) 저속 운항
631,FF-959 부산,30,305062000,frigate,13000,2022-12-01 05:15:13+00:00,2022-12-01 05:30:03+00:00,129.64968,34.29782333,191.8,1.775,19.100000000000023,-0.5999999999999999,저속 운항
632,FF-959 부산,31,305062000,frigate,13000,2022-12-01 05:35:13+00:00,2022-12-01 05:35:13+00:00,129.64904,34.29476,329.3,0.5,148.5,-2.3,정박/대기
633,FF-959 부산,32,305062000,frigate,13000,2022-12-01 05:40:03+00:00,2022-12-01 05:40:35+00:00,129.6492133,34.29399667,152.4,1.0,-176.9,0.5,좌선회(176.9°) 저속 운항
634,FF-959 부산,33,305062000,frigate,13000,2022-12-01 05:45:13+00:00,2022-12-01 06:04:36+00:00,129.6493867,34.29318,100.9,0.3,-51.5,-0.8,정박/대기
635,FF-959 부산,34,305062000,frigate,13000,2022-12-01 06:05:03+00:00,2022-12-01 06:10:25+00:00,129.6494,34.29022333,186.1,1.7333333333333334,-133.9,0.5,좌선회(133.9°) 저속 운항
636,FF-959 부산,35,305062000,frigate,13000,2022-12-01 06:15:03+00:00,2022-12-01 06:16:36+00:00,129.6490133,34.2892,337.0,0.9,158.7,-1.3000000000000003,정박/대기
637,FF-959 부산,36,305062000,frigate,13000,2022-12-01 06:20:03+00:00,2022-12-01 06:22:25+00:00,129.64896,34.28858333,161.9,1.0,-175.1,0.09999999999999998,좌선회(175.1°) 저속 운항
638,FF-959 부산,37,305062000,frigate,13000,2022-12-01 06:25:05+00:00,2022-12-01 07:34:26+00:00,129.64896,34.28803333,174.4,0.512962962962963,12.5,-0.7,정박/대기
639,FF-959 부산,38,305062000,frigate,13000,2022-12-01 07:35:03+00:00,2022-12-01 07:35:03+00:00,129.6534133,34.28292333,13.7,1.2,-129.10000000000002,0.8999999999999999,좌선회(129.1°) 저속 운항
640,FF-959 부산,39,305062000,frigate,13000,2022-12-01 07:40:03+00:00,2022-12-01 07:40:03+00:00,129.6538533,34.28266667,141.0,0.8,127.3,-0.3999999999999999,정박/대기
641,FF-959 부산,40,305062000,frigate,13000,2022-12-01 07:45:03+00:00,2022-12-01 07:46:26+00:00,129.6543467,34.28226333,151.5,1.1,10.5,0.30000000000000004,저속 운항
642,FF-959 부산,41,305062000,frigate,13000,2022-12-01 07:50:03+00:00,2022-12-01 08:04:35+00:00,129.6546933,34.28208,73.9,0.375,-77.6,-0.7000000000000001,정박/대기
643,FF-959 부산,42,305062000,frigate,13000,2022-12-01 08:05:03+00:00,2022-12-01 08:05:03+00:00,129.6562667,34.28139,150.9,1.3,20.200000000000017,0.8,우선회(20.2°) 저속 운항
644,FF-959 부산,43,305062000,frigate,13000,2022-12-01 08:10:13+00:00,2022-12-01 08:10:24+00:00,129.6568133,34.28117333,134.0,1.3,-16.900000000000006,0.0,저속 운항
645,FF-959 부산,44,305062000,frigate,13000,2022-12-01 08:15:03+00:00,2022-12-01 08:16:36+00:00,129.65752,34.2809,72.1,0.2,-61.900000000000006,-1.1,정박/대기
646,FF-959 부산,45,305062000,frigate,13000,2022-12-01 08:20:03+00:00,2022-12-01 08:20:03+00:00,129.65848,34.28075667,130.2,1.7,58.099999999999994,1.5,우선회(58.1°) 저속 운항
647,FF-959 부산,46,305062000,frigate,13000,2022-12-01 08:25:13+00:00,2022-12-01 08:40:13+00:00,129.6592933,34.2804,128.0,0.65,-2.1999999999999886,-1.2999999999999998,정박/대기
648,FF-959 부산,47,305062000,frigate,13000,2022-12-01 08:45:03+00:00,2022-12-01 08:46:24+00:00,129.66348,34.27931667,131.3,1.4,12.300000000000011,0.5999999999999999,저속 운항
649,FF-959 부산,48,305062000,frigate,13000,2022-12-01 08:50:03+00:00,2022-12-01 09:10:25+00:00,129.6646267,34.27896,74.2,0.54,-57.10000000000001,-0.8999999999999999,정박/대기
650,FF-959 부산,49,305062000,frigate,13000,2022-12-01 09:15:03+00:00,2022-12-01 09:16:36+00:00,129.66984,34.27667333,138.5,1.9,40.5,1.2,우선회(40.5°) 저속 운항
651,FF-959 부산,50,305062000,frigate,13000,2022-12-01 09:20:03+00:00,2022-12-01 09:20:03+00:00,129.6712133,34.27615667,54.2,0.4,-84.3,-1.5,정박/대기
652,FF-959 부산,51,305062000,frigate,13000,2022-12-01 09:25:03+00:00,2022-12-01 09:28:36+00:00,129.67256,34.27566,129.7,1.3,75.49999999999999,0.9,우선회(75.5°) 저속 운항
653,FF-959 부산,52,305062000,frigate,13000,2022-12-01 09:30:03+00:00,2022-12-01 09:35:03+00:00,129.6740533,34.27520333,131.8,1.4,2.1000000000000227,-0.30000000000000004,저속 운항
654,FF-959 부산,53,305062000,frigate,13000,2022-12-01 09:40:03+00:00,2022-12-01 09:40:35+00:00,129.6771333,34.27403667,60.2,0.7,-80.60000000000001,-1.1,정박/대기
655,FF-959 부산,54,305062000,frigate,13000,2022-12-01 09:45:03+00:00,2022-12-01 09:46:26+00:00,129.6786667,34.27358,124.8,1.3,64.6,0.6000000000000001,우선회(64.6°) 저속 운항
656,FF-959 부산,55,305062000,frigate,13000,2022-12-01 09:50:03+00:00,2022-12-01 09:55:05+00:00,129.6802533,34.27286667,141.3,0.75,16.500000000000014,-0.7000000000000001,정박/대기
657,FF-959 부산,56,305062000,frigate,13000,2022-12-01 10:00:13+00:00,2022-12-01 10:00:13+00:00,129.6830667,34.27162667,141.7,2.2,25.19999999999999,1.3000000000000003,우선회(25.2°) 저속 운항
658,FF-959 부산,57,305062000,frigate,13000,2022-12-01 10:05:03+00:00,2022-12-01 10:16:37+00:00,129.6846133,34.27100667,96.4,0.8333333333333334,-45.29999999999998,-1.5000000000000002,정박/대기
659,FF-959 부산,58,305062000,frigate,13000,2022-12-01 10:20:03+00:00,2022-12-01 10:20:03+00:00,129.68908,34.26941667,125.3,1.3,41.599999999999994,0.4,우선회(41.6°) 저속 운항
660,FF-959 부산,59,305062000,frigate,13000,2022-12-01 10:25:03+00:00,2022-12-01 10:34:25+00:00,129.6905467,34.26870667,119.8,1.05,-5.5,-0.30000000000000004,저속 운항
661,FF-959 부산,60,305062000,frigate,13000,2022-12-01 10:35:03+00:00,2022-12-01 10:40:36+00:00,129.69352,34.26762333,101.9,0.9,-20.5,-0.20000000000000007,정박/대기
662,FF-959 부산,61,305062000,frigate,13000,2022-12-01 10:45:03+00:00,2022-12-01 10:55:03+00:00,129.6962933,34.26649667,141.1,1.1666666666666667,9.900000000000006,0.29999999999999993,저속 운항
663,FF-959 부산,62,305062000,frigate,13000,2022-12-01 10:58:25+00:00,2022-12-01 10:58:25+00:00,129.7001333,34.26457667,96.0,0.8,-29.200000000000003,-0.30000000000000004,정박/대기
664,FF-959 부산,63,305062000,frigate,13000,2022-12-01 11:00:03+00:00,2022-12-01 11:00:03+00:00,129.7005867,34.26431,134.2,1.4,38.19999999999999,0.5999999999999999,우선회(38.2°) 저속 운항
665,FF-959 부산,64,305062000,frigate,13000,2022-12-01 11:05:03+00:00,2022-12-01 11:16:36+00:00,129.702,34.26364667,107.4,0.7333333333333334,-26.799999999999983,-0.7999999999999999,정박/대기
666,FF-959 부산,65,305062000,frigate,13000,2022-12-01 11:20:03+00:00,2022-12-01 11:22:26+00:00,129.7066133,34.26117333,36.9,1.5,-16.0,0.7,저속 운항
667,FF-959 부산,66,305062000,frigate,13000,2022-12-01 11:25:03+00:00,2022-12-01 11:25:03+00:00,129.7081733,34.26053333,21.8,0.8,-15.099999999999998,-0.7,정박/대기
668,FF-959 부산,67,305062000,frigate,13000,2022-12-01 11:28:36+00:00,2022-12-01 11:28:36+00:00,129.70928,34.25994333,125.0,1.1,103.2,0.30000000000000004,우선회(103.2°) 저속 운항
669,FF-959 부산,68,305062000,frigate,13000,2022-12-01 11:30:03+00:00,2022-12-01 11:35:15+00:00,129.7096533,34.25972,126.2,1.05,1.2000000000000028,-0.10000000000000009,저속 운항
670,FF-959 부산,69,305062000,frigate,13000,2022-12-01 11:40:05+00:00,2022-12-01 11:52:36+00:00,129.7123867,34.25839,135.5,0.6333333333333333,25.400000000000006,-0.5000000000000001,정박/대기
671,FF-959 부산,70,305062000,frigate,13000,2022-12-01 11:55:03+00:00,2022-12-01 11:58:25+00:00,129.71568,34.25601,164.6,1.5,157.7,1.1,우선회(157.7°) 저속 운항
672,FF-959 부산,71,305062000,frigate,13000,2022-12-01 12:00:03+00:00,2022-12-01 12:04:36+00:00,129.71664,34.25532667,143.0,1.7,-21.599999999999994,0.19999999999999996,좌선회(21.6°) 저속 운항
673,FF-959 부산,72,305062000,frigate,13000,2022-12-01 12:05:03+00:00,2022-12-01 12:05:03+00:00,129.7175333,34.25461667,72.1,0.3,-70.9,-1.4,정박/대기
674,FF-959 부산,73,305062000,frigate,13000,2022-12-01 12:10:03+00:00,2022-12-01 12:10:03+00:00,129.7185067,34.25383,156.4,2.2,84.30000000000001,1.9000000000000001,우선회(84.3°) 저속 운항
675,FF-959 부산,74,305062000,frigate,13000,2022-12-01 12:15:03+00:00,2022-12-01 12:16:36+00:00,129.7193467,34.25290667,155.8,1.5,-0.5999999999999943,-0.7000000000000002,저속 운항
676,FF-959 부산,75,305062000,frigate,13000,2022-12-01 12:20:03+00:00,2022-12-01 12:22:25+00:00,129.7201067,34.25221333,120.5,1.1,-35.30000000000001,-0.3999999999999999,좌선회(35.3°) 저속 운항
677,FF-959 부산,76,305062000,frigate,13000,2022-12-01 12:25:03+00:00,2022-12-01 12:25:03+00:00,129.7212533,34.25144333,138.4,1.1,17.900000000000006,0.0,저속 운항
678,FF-959 부산,77,305062000,frigate,13000,2022-12-01 12:28:36+00:00,2022-12-01 12:28:36+00:00,129.72188,34.25092333,170.0,1.6,31.599999999999994,0.5,우선회(31.6°) 저속 운항
679,FF-959 부산,78,305062000,frigate,13000,2022-12-01 12:30:03+00:00,2022-12-01 12:30:03+00:00,129.72232,34.25048,141.4,1.4,-28.599999999999994,-0.20000000000000018,좌선회(28.6°) 저속 운항
680,FF-959 부산,79,305062000,frigate,13000,2022-12-01 12:35:03+00:00,2022-12-01 12:50:03+00:00,129.72332,34.24968,92.9,0.525,-48.5,-0.8999999999999999,정박/대기
681,FF-959 부산,80,305062000,frigate,13000,2022-12-01 12:52:37+00:00,2022-12-01 12:52:37+00:00,129.7261333,34.24665667,146.0,1.5,126.9,1.1,우선회(126.9°) 저속 운항
682,FF-959 부산,81,305062000,frigate,13000,2022-12-01 12:55:03+00:00,2022-12-01 13:00:03+00:00,129.7267067,34.24605667,149.2,1.8,3.1999999999999886,0.30000000000000004,저속 운항
683,FF-959 부산,82,305062000,frigate,13000,2022-12-01 13:04:36+00:00,2022-12-01 13:05:03+00:00,129.7280267,34.24428,138.0,0.35,-20.0,-1.3,정박/대기
684,FF-959 부산,83,305062000,frigate,13000,2022-12-01 13:10:03+00:00,2022-12-01 13:10:25+00:00,129.7288533,34.24337667,148.0,1.1,81.4,0.9000000000000001,우선회(81.4°) 저속 운항
685,FF-959 부산,84,305062000,frigate,13000,2022-12-01 13:15:03+00:00,2022-12-01 13:16:35+00:00,129.72972,34.24258333,135.1,1.3,-12.900000000000006,0.19999999999999996,저속 운항
686,FF-959 부산,85,305062000,frigate,13000,2022-12-01 13:20:15+00:00,2022-12-01 13:22:25+00:00,129.7308,34.24153333,111.6,0.6,-23.5,-0.7000000000000001,정박/대기
687,FF-959 부산,86,305062000,frigate,13000,2022-12-01 13:25:05+00:00,2022-12-01 13:28:34+00:00,129.7313333,34.24051,155.0,1.7,43.400000000000006,1.1,우선회(43.4°) 저속 운항
688,FF-959 부산,87,305062000,frigate,13000,2022-12-01 13:30:03+00:00,2022-12-01 13:30:03+00:00,129.73176,34.23972333,147.7,1.1,-7.300000000000011,-0.5999999999999999,저속 운항
689,FF-959 부산,88,305062000,frigate,13000,2022-12-01 13:35:03+00:00,2022-12-01 13:35:03+00:00,129.7325067,34.23872,146.5,0.7,-1.1999999999999886,-0.40000000000000013,정박/대기
690,FF-959 부산,89,305062000,frigate,13000,2022-12-01 13:40:03+00:00,2022-12-01 13:40:36+00:00,129.7332133,34.23777667,164.6,1.5,18.099999999999994,0.8,저속 운항
691,FF-959 부산,90,305062000,frigate,13000,2022-12-01 13:45:03+00:00,2022-12-01 13:45:03+00:00,129.73412,34.23697667,142.1,1.0,-22.5,-0.5,좌선회(22.5°) 저속 운항
692,FF-959 부산,91,305062000,frigate,13000,2022-12-01 13:50:03+00:00,2022-12-01 13:58:26+00:00,129.735,34.23599,145.7,1.2,3.5999999999999943,0.3999999999999999,저속 운항
693,FF-959 부산,92,305062000,frigate,13000,2022-12-01 14:00:03+00:00,2022-12-01 14:10:27+00:00,129.7361867,34.23389333,196.2,0.6,37.19999999999999,0.09999999999999998,정박/대기
694,FF-959 부산,93,305062000,frigate,13000,2022-12-01 14:15:03+00:00,2022-12-01 14:15:03+00:00,129.7389333,34.23099667,134.7,1.0,57.599999999999994,0.6,우선회(57.6°) 저속 운항
695,FF-959 부산,94,305062000,frigate,13000,2022-12-01 14:20:03+00:00,2022-12-01 14:22:25+00:00,129.7396133,34.22976333,163.5,1.9000000000000001,28.80000000000001,1.2000000000000002,우선회(28.8°) 저속 운항
696,FF-959 부산,95,305062000,frigate,13000,2022-12-01 14:25:03+00:00,2022-12-01 14:35:03+00:00,129.7400933,34.22866333,359.0,0.7666666666666666,-158.0,-1.0,정박/대기
697,FF-959 부산,96,305062000,frigate,13000,2022-12-01 14:40:03+00:00,2022-12-01 14:40:37+00:00,129.7421067,34.22509,145.6,1.2,-11.5,0.3999999999999999,저속 운항
698,FF-959 부산,97,305062000,frigate,13000,2022-12-01 14:45:03+00:00,2022-12-01 14:50:03+00:00,129.7428933,34.22381333,144.5,0.6,-1.0999999999999943,-0.6,정박/대기
699,FF-959 부산,98,305062000,frigate,13000,2022-12-01 14:52:36+00:00,2022-12-01 14:52:36+00:00,129.7444133,34.22214,155.0,1.2,14.900000000000006,0.6,저속 운항
700,FF-959 부산,99,305062000,frigate,13000,2022-12-01 14:55:03+00:00,2022-12-01 14:55:03+00:00,129.74496,34.22140667,160.4,0.8,5.400000000000006,-0.3999999999999999,정박/대기
701,FF-959 부산,100,305062000,frigate,13000,2022-12-01 15:00:13+00:00,2022-12-01 15:05:03+00:00,129.74596,34.22000667,141.1,1.4,-19.30000000000001,0.7,저속 운항
702,FF-959 부산,101,305062000,frigate,13000,2022-12-01 15:10:03+00:00,2022-12-01 15:28:35+00:00,129.7479067,34.21737333,149.7,0.675,-0.9000000000000057,-0.4,정박/대기
703,FF-959 부산,102,305062000,frigate,13000,2022-12-01 15:30:03+00:00,2022-12-01 15:34:26+00:00,129.7514533,34.21202667,165.4,1.6,-7.5,1.0,저속 운항
704,FF-959 부산,103,305062000,frigate,13000,2022-12-01 15:35:05+00:00,2022-12-01 15:46:26+00:00,129.7521867,34.21079667,185.1,0.3333333333333333,19.69999999999999,-1.2000000000000002,정박/대기
705,FF-959 부산,104,305062000,frigate,13000,2022-12-01 15:50:13+00:00,2022-12-01 15:50:13+00:00,129.7543333,34.20666667,159.7,1.1,29.899999999999977,0.5000000000000001,우선회(29.9°) 저속 운항
706,FF-959 부산,105,305062000,frigate,13000,2022-12-01 15:55:03+00:00,2022-12-01 16:00:13+00:00,129.7550667,34.20536,158.8,0.75,-0.8999999999999773,-0.30000000000000004,정박/대기
707,FF-959 부산,106,305062000,frigate,13000,2022-12-01 16:05:03+00:00,2022-12-01 16:05:43+00:00,129.7565333,34.20272667,160.5,1.35,4.199999999999989,1.2,저속 운항
708,FF-959 부산,107,305062000,frigate,13000,2022-12-01 16:10:03+00:00,2022-12-01 16:28:35+00:00,129.7571067,34.20123667,155.9,0.75,-16.0,0.0,정박/대기
709,FF-959 부산,108,305062000,frigate,13000,2022-12-01 16:30:03+00:00,2022-12-01 16:34:24+00:00,129.7586533,34.19531667,175.6,1.2,-48.80000000000001,0.7,좌선회(48.8°) 저속 운항
710,FF-959 부산,109,305062000,frigate,13000,2022-12-01 16:35:03+00:00,2022-12-01 16:35:03+00:00,129.7591733,34.19375667,148.1,0.8,-27.5,-0.3999999999999999,정박/대기
711,FF-959 부산,110,305062000,frigate,13000,2022-12-01 16:40:13+00:00,2022-12-01 16:45:03+00:00,129.7595867,34.19209,163.9,1.8,15.800000000000011,1.7,저속 운항
712,FF-959 부산,111,305062000,frigate,13000,2022-12-01 16:50:03+00:00,2022-12-01 16:55:03+00:00,129.7606133,34.18889,161.3,0.55,-4.099999999999994,-0.40000000000000013,정박/대기
713,FF-959 부산,112,305062000,frigate,13000,2022-12-01 16:58:25+00:00,2022-12-01 17:04:35+00:00,129.7616667,34.18620667,154.0,2.1,45.099999999999994,1.7000000000000002,우선회(45.1°) 저속 운항
714,FF-959 부산,113,305062000,frigate,13000,2022-12-01 17:05:03+00:00,2022-12-01 17:34:26+00:00,129.7626667,34.18369667,163.3,1.5666666666666667,6.200000000000017,0.5,저속 운항
715,FF-959 부산,114,305062000,frigate,13000,2022-12-01 17:35:03+00:00,2022-12-01 17:35:03+00:00,129.7679333,34.17288333,173.9,0.5,21.30000000000001,-1.1,정박/대기
716,FF-959 부산,115,305062000,frigate,13000,2022-12-01 17:40:03+00:00,2022-12-01 17:52:35+00:00,129.7686133,34.17092,177.0,1.8,3.0999999999999943,1.5,저속 운항
717,FF-959 부산,116,305062000,frigate,13000,2022-12-01 17:55:05+00:00,2022-12-01 17:58:25+00:00,129.7701067,34.16491667,166.8,0.9,2.5,-0.7999999999999999,정박/대기
718,FF-959 부산,117,305062000,frigate,13000,2022-12-01 18:00:05+00:00,2022-12-01 18:04:36+00:00,129.7707067,34.16291,164.9,2.1,-1.9000000000000057,1.2000000000000002,저속 운항
719,FF-959 부산,118,305062000,frigate,13000,2022-12-01 18:05:05+00:00,2022-12-01 18:05:05+00:00,129.77156,34.16084333,174.5,0.4,9.599999999999994,-1.7000000000000002,정박/대기
720,FF-959 부산,119,305062000,frigate,13000,2022-12-01 18:10:03+00:00,2022-12-01 18:22:24+00:00,129.7724267,34.15873667,164.3,1.9666666666666668,-10.199999999999989,1.8000000000000003,저속 운항
721,FF-959 부산,120,305062000,frigate,13000,2022-12-01 18:25:03+00:00,2022-12-01 18:28:37+00:00,129.77508,34.15221333,158.6,0.7,-14.0,-0.8,정박/대기
722,FF-959 부산,121,305062000,frigate,13000,2022-12-01 18:30:03+00:00,2022-12-01 18:52:35+00:00,129.7762267,34.15007,162.4,2.06,3.8000000000000114,1.3,저속 운항
723,FF-959 부산,122,305062000,frigate,13000,2022-12-01 18:55:05+00:00,2022-12-01 18:58:25+00:00,129.7820933,34.14008,125.7,1.0,-28.60000000000001,-0.7,좌선회(28.6°) 저속 운항
724,FF-959 부산,123,305062000,frigate,13000,2022-12-01 19:00:05+00:00,2022-12-01 19:10:24+00:00,129.7831067,34.13822333,145.0,1.8333333333333333,19.299999999999997,0.19999999999999996,저속 운항
725,FF-959 부산,124,305062000,frigate,13000,2022-12-01 19:15:03+00:00,2022-12-01 19:16:36+00:00,129.78648,34.1327,69.4,0.3,-83.5,-1.7,정박/대기
726,FF-959 부산,125,305062000,frigate,13000,2022-12-01 19:20:03+00:00,2022-12-01 19:22:26+00:00,129.7876267,34.13114667,146.2,1.2,76.79999999999998,0.8999999999999999,우선회(76.8°) 저속 운항
727,FF-959 부산,126,305062000,frigate,13000,2022-12-01 19:25:03+00:00,2022-12-01 19:30:03+00:00,129.7886933,34.12952333,157.4,1.4000000000000001,11.200000000000017,0.7,저속 운항
728,FF-959 부산,127,305062000,frigate,13000,2022-12-01 19:34:25+00:00,2022-12-01 19:45:03+00:00,129.7900933,34.12687667,159.0,0.55,-0.09999999999999432,-0.4,정박/대기
729,FF-959 부산,128,305062000,frigate,13000,2022-12-01 19:50:03+00:00,2022-12-01 19:58:26+00:00,129.7928,34.12090333,163.8,2.65,16.5,1.7999999999999998,저속 운항
730,FF-959 부산,129,305062000,frigate,13000,2022-12-01 20:00:03+00:00,2022-12-01 20:04:36+00:00,129.7943333,34.11753667,108.1,0.8500000000000001,-56.70000000000002,-2.2,정박/대기
731,FF-959 부산,130,305062000,frigate,13000,2022-12-01 20:05:03+00:00,2022-12-01 20:05:03+00:00,129.7953067,34.11586667,159.7,3.2,6.699999999999989,2.3000000000000003,가속 저속 운항
732,FF-959 부산,131,305062000,frigate,13000,2022-12-01 20:10:03+00:00,2022-12-01 20:16:35+00:00,129.7960667,34.11414333,166.8,0.10000000000000002,7.100000000000023,-3.1,정박/대기
733,FF-959 부산,132,305062000,frigate,13000,2022-12-01 20:20:03+00:00,2022-12-01 20:22:24+00:00,129.7972267,34.11076667,178.9,2.4,9.700000000000017,2.3,가속 저속 운항
734,FF-959 부산,133,305062000,frigate,13000,2022-12-01 20:25:05+00:00,2022-12-01 20:34:25+00:00,129.79792,34.10914333,168.5,1.2750000000000001,-10.400000000000006,-1.2999999999999998,저속 운항
735,FF-959 부산,134,305062000,frigate,13000,2022-12-01 20:35:13+00:00,2022-12-01 20:35:13+00:00,129.7995733,34.10565333,169.3,1.2,32.30000000000001,0.3999999999999999,우선회(32.3°) 저속 운항
736,FF-959 부산,135,305062000,frigate,13000,2022-12-01 20:40:03+00:00,2022-12-01 20:46:27+00:00,129.8001333,34.10399667,157.3,1.6,-12.0,0.30000000000000004,저속 운항
737,FF-959 부산,136,305062000,frigate,13000,2022-12-01 20:50:03+00:00,2022-12-01 20:52:35+00:00,129.8013333,34.10059667,158.0,0.8,-7.0,-0.5,정박/대기
738,FF-959 부산,137,305062000,frigate,13000,2022-12-01 20:55:13+00:00,2022-12-01 20:58:25+00:00,129.80168,34.09899,178.5,2.4,20.5,1.5999999999999999,우선회(20.5°) 저속 운항
739,FF-959 부산,138,305062000,frigate,13000,2022-12-01 21:00:03+00:00,2022-12-01 21:04:37+00:00,129.8020933,34.09754333,167.1,1.7,-11.400000000000006,-0.7,저속 운항
740,FF-959 부산,139,305062000,frigate,13000,2022-12-01 21:05:13+00:00,2022-12-01 21:05:13+00:00,129.8027467,34.09596333,86.1,0.3,-81.0,-1.4,정박/대기
741,FF-959 부산,140,305062000,frigate,13000,2022-12-01 21:10:05+00:00,2022-12-01 21:10:05+00:00,129.80332,34.09459333,151.5,1.7,65.4,1.4,우선회(65.4°) 저속 운항
742,FF-959 부산,141,305062000,frigate,13000,2022-12-01 21:15:03+00:00,2022-12-01 21:16:35+00:00,129.80368,34.09319,174.5,2.0,23.0,0.30000000000000004,우선회(23.0°) 저속 운항
743,FF-959 부산,142,305062000,frigate,13000,2022-12-01 21:20:13+00:00,2022-12-01 21:28:37+00:00,129.80408,34.09193,191.5,0.65,17.0,-1.6,정박/대기
744,FF-959 부산,143,305062000,frigate,13000,2022-12-01 21:30:03+00:00,2022-12-01 21:34:25+00:00,129.8048,34.08932667,183.6,3.3,33.900000000000006,2.4,우선회(33.9°) 가속 저속 운항
745,FF-959 부산,144,305062000,frigate,13000,2022-12-01 21:35:03+00:00,2022-12-01 21:40:35+00:00,129.8052933,34.08821333,172.8,0.75,-10.799999999999983,-2.5,정박/대기
746,FF-959 부산,145,305062000,frigate,13000,2022-12-01 21:45:05+00:00,2022-12-01 21:46:24+00:00,129.8069867,34.08601,151.2,1.7,-1.700000000000017,1.0,저속 운항
747,FF-959 부산,146,305062000,frigate,13000,2022-12-01 21:50:03+00:00,2022-12-01 21:52:35+00:00,129.80776,34.08484333,174.1,1.3,22.900000000000006,-0.3999999999999999,우선회(22.9°) 저속 운항
748,FF-959 부산,147,305062000,frigate,13000,2022-12-01 21:55:13+00:00,2022-12-01 21:58:25+00:00,129.8086133,34.08360667,148.3,1.6,-25.799999999999983,0.30000000000000004,좌선회(25.8°) 저속 운항
749,FF-959 부산,148,305062000,frigate,13000,2022-12-01 22:00:13+00:00,2022-12-01 22:04:35+00:00,129.8093067,34.08219667,153.0,3.0,5.0,1.4,저속 운항
750,FF-959 부산,149,305062000,frigate,13000,2022-12-01 22:05:03+00:00,2022-12-01 22:10:26+00:00,129.8099733,34.08079333,156.4,0.44999999999999996,3.4000000000000057,-2.3,정박/대기
751,FF-959 부산,150,305062000,frigate,13000,2022-12-01 22:15:23+00:00,2022-12-01 22:16:36+00:00,129.8111067,34.07777667,133.1,1.0,155.79999999999998,0.8,우선회(155.8°) 저속 운항
752,FF-959 부산,151,305062000,frigate,13000,2022-12-01 22:20:03+00:00,2022-12-01 22:28:37+00:00,129.8117733,34.07649667,148.1,0.75,15.0,-0.4,정박/대기
753,FF-959 부산,152,305062000,frigate,13000,2022-12-01 22:30:03+00:00,2022-12-01 22:46:26+00:00,129.8129067,34.07373333,164.9,1.8199999999999998,-12.199999999999989,1.9,저속 운항
754,FF-959 부산,153,305062000,frigate,13000,2022-12-01 22:50:03+00:00,2022-12-01 22:58:25+00:00,129.8156133,34.06793333,151.3,0.30000000000000004,3.6000000000000227,-1.0,정박/대기
755,FF-959 부산,154,305062000,frigate,13000,2022-12-01 23:00:03+00:00,2022-12-01 23:04:34+00:00,129.8168133,34.06459667,152.2,1.6,127.19999999999999,1.2000000000000002,우선회(127.2°) 저속 운항
756,FF-959 부산,155,305062000,frigate,13000,2022-12-01 23:05:03+00:00,2022-12-01 23:16:37+00:00,129.8175733,34.06316333,165.2,1.5333333333333332,13.0,-0.10000000000000009,저속 운항
757,FF-959 부산,156,305062000,frigate,13000,2022-12-01 23:20:03+00:00,2022-12-01 23:20:03+00:00,129.8207467,34.05839333,111.5,0.9,-63.69999999999999,-0.7000000000000001,정박/대기
758,FF-959 부산,157,305062000,frigate,13000,2022-12-01 23:25:03+00:00,2022-12-01 23:25:03+00:00,129.8193467,34.0564,258.6,4.5,147.10000000000002,3.6,우선회(147.1°) 가속 저속 운항
759,FF-959 부산,158,305062000,frigate,13000,2022-12-01 23:28:37+00:00,2022-12-01 23:28:37+00:00,129.81696,34.05682,305.0,5.8,46.39999999999998,1.2999999999999998,우선회(46.4°) 이동/통과
760,FF-959 부산,159,305062000,frigate,13000,2022-12-01 23:30:13+00:00,2022-12-01 23:30:13+00:00,129.8094667,34.06019667,304.7,8.1,-0.30000000000001137,2.3,가속 이동/통과
761,FF-959 부산,160,305062000,frigate,13000,2022-12-01 23:34:25+00:00,2022-12-01 23:52:36+00:00,129.8007333,34.06417667,294.0,10.38,-10.699999999999989,1.700000000000001,이동/통과
762,FF-959 부산,161,305062000,frigate,13000,2022-12-01 23:55:15+00:00,2022-12-01 23:55:15+00:00,129.7395733,34.10091667,327.2,10.5,23.30000000000001,-1.3000000000000007,우선회(23.3°) 이동/통과
763,FF-959 부산,162,305062000,frigate,13000,2022-12-01 23:58:24+00:00,2022-12-02 01:10:25+00:00,129.7348,34.10673,326.0,11.19375,-1.1999999999999886,0.5,이동/통과
764,FF-959 부산,163,305062000,frigate,13000,2022-12-02 01:15:03+00:00,2022-12-02 01:15:03+00:00,129.5929733,34.31621667,341.1,6.5,2.900000000000034,-4.199999999999999,감속 이동/통과
765,FF-959 부산,164,305062000,frigate,13000,2022-12-02 01:16:36+00:00,2022-12-02 01:16:36+00:00,129.5917467,34.31843333,325.0,5.3,-16.100000000000023,-1.2000000000000002,이동/통과
766,FF-959 부산,165,305062000,frigate,13000,2022-12-02 01:20:03+00:00,2022-12-02 01:22:25+00:00,129.5898933,34.32144333,338.2,1.8,13.199999999999989,-3.5,감속 저속 운항
767,FF-959 부산,166,305062000,frigate,13000,2022-12-02 01:25:05+00:00,2022-12-02 01:28:37+00:00,129.5887333,34.32201,244.1,1.1,-94.1,-0.7,좌선회(94.1°) 저속 운항
768,FF-959 부산,167,305062000,frigate,13000,2022-12-02 01:30:03+00:00,2022-12-02 01:30:03+00:00,129.5884667,34.32066333,137.4,0.8,-106.69999999999999,-0.30000000000000004,정박/대기
769,FF-959 부산,168,305062000,frigate,13000,2022-12-02 01:34:26+00:00,2022-12-02 01:35:03+00:00,129.5884,34.31947,187.0,1.3,49.599999999999994,0.7,우선회(49.6°) 저속 운항
770,FF-959 부산,169,305062000,frigate,13000,2022-12-02 01:40:05+00:00,2022-12-02 02:05:03+00:00,129.58792,34.31628667,175.5,1.8,-1.0,0.0,저속 운항
771,FF-959 부산,170,305062000,frigate,13000,2022-12-02 02:10:03+00:00,2022-12-02 02:10:25+00:00,129.58412,34.30195333,180.4,1.1,-21.599999999999994,-1.2999999999999998,좌선회(21.6°) 저속 운항
772,FF-959 부산,171,305062000,frigate,13000,2022-12-02 02:15:03+00:00,2022-12-02 04:52:34+00:00,129.58348,34.29962667,192.4,1.8695121951219513,12.0,0.5,저속 운항
773,FF-959 부산,172,305062000,frigate,13000,2022-12-02 04:55:05+00:00,2022-12-02 04:58:26+00:00,129.5466,34.22182333,228.0,0.7,26.0,-1.9000000000000001,정박/대기
774,FF-959 부산,173,305062000,frigate,13000,2022-12-02 05:00:05+00:00,2022-12-02 05:04:35+00:00,129.545,34.21941333,207.7,2.0,-20.30000000000001,1.3,좌선회(20.3°) 저속 운항
775,FF-959 부산,174,305062000,frigate,13000,2022-12-02 05:05:03+00:00,2022-12-02 05:10:25+00:00,129.5432133,34.21713,216.3,1.65,8.600000000000023,0.10000000000000009,저속 운항
776,FF-959 부산,175,305062000,frigate,13000,2022-12-02 05:15:03+00:00,2022-12-02 05:16:36+00:00,129.5396133,34.21241333,233.4,0.9,16.099999999999994,-0.29999999999999993,정박/대기
777,FF-959 부산,176,305062000,frigate,13000,2022-12-02 05:20:03+00:00,2022-12-02 05:35:03+00:00,129.5378133,34.2103,219.5,1.81,-13.900000000000006,0.29999999999999993,저속 운항
778,FF-959 부산,177,305062000,frigate,13000,2022-12-02 05:40:03+00:00,2022-12-02 05:40:36+00:00,129.53048,34.20166333,221.2,0.8,3.0,-1.3,정박/대기
779,FF-959 부산,178,305062000,frigate,13000,2022-12-02 05:45:03+00:00,2022-12-02 05:46:25+00:00,129.5286267,34.19969333,211.3,1.8,-9.899999999999977,1.0,저속 운항
780,FF-959 부산,179,305062000,frigate,13000,2022-12-02 05:50:03+00:00,2022-12-02 05:52:35+00:00,129.52672,34.19773,234.4,1.4,23.099999999999994,-0.40000000000000013,우선회(23.1°) 저속 운항
781,FF-959 부산,180,305062000,frigate,13000,2022-12-02 05:55:05+00:00,2022-12-02 05:55:05+00:00,129.5250533,34.19567,238.1,0.7,3.6999999999999886,-0.7,정박/대기
782,FF-959 부산,181,305062000,frigate,13000,2022-12-02 05:58:27+00:00,2022-12-02 05:58:27+00:00,129.525,34.1956,205.0,1.4,-33.099999999999994,0.7,좌선회(33.1°) 저속 운항
783,FF-959 부산,182,305062000,frigate,13000,2022-12-02 06:00:03+00:00,2022-12-02 06:13:38+00:00,129.5237467,34.19364333,212.1,1.8375,7.099999999999994,0.5,저속 운항
784,FF-959 부산,183,305062000,frigate,13000,2022-12-02 06:15:03+00:00,2022-12-02 06:16:36+00:00,129.5193333,34.18778333,229.5,0.8,22.5,-1.7,정박/대기
785,FF-959 부산,184,305062000,frigate,13000,2022-12-02 06:20:05+00:00,2022-12-02 06:34:26+00:00,129.5177467,34.18604667,230.5,1.65,9.5,1.0,저속 운항
786,FF-959 부산,185,305062000,frigate,13000,2022-12-02 06:35:05+00:00,2022-12-02 06:35:05+00:00,129.5133733,34.18109,239.2,0.7,14.199999999999989,-0.40000000000000013,정박/대기
787,FF-959 부산,186,305062000,frigate,13000,2022-12-02 06:40:03+00:00,2022-12-02 06:46:27+00:00,129.5118267,34.17946667,221.7,1.5,-17.5,1.3,저속 운항
788,FF-959 부산,187,305062000,frigate,13000,2022-12-02 06:50:03+00:00,2022-12-02 06:50:03+00:00,129.50892,34.17652333,225.2,0.4,-15.800000000000011,-0.6,정박/대기
789,FF-959 부산,188,305062000,frigate,13000,2022-12-02 06:52:34+00:00,2022-12-02 06:52:34+00:00,129.5083067,34.17586333,220.0,1.5,-5.199999999999989,1.1,저속 운항
790,FF-959 부산,189,305062000,frigate,13000,2022-12-02 06:55:03+00:00,2022-12-02 06:55:03+00:00,129.5075467,34.17506667,247.6,0.5,27.599999999999994,-1.0,정박/대기
791,FF-959 부산,190,305062000,frigate,13000,2022-12-02 06:58:24+00:00,2022-12-02 06:58:24+00:00,129.50728,34.17478333,219.0,1.0,-28.599999999999994,0.5,좌선회(28.6°) 저속 운항
792,FF-959 부산,191,305062000,frigate,13000,2022-12-02 07:00:03+00:00,2022-12-02 07:00:03+00:00,129.5062667,34.17376,196.0,1.2,-23.0,0.19999999999999996,좌선회(23.0°) 저속 운항
793,FF-959 부산,192,305062000,frigate,13000,2022-12-02 07:04:35+00:00,2022-12-02 07:04:35+00:00,129.506,34.17347667,216.0,1.6,20.0,0.40000000000000013,우선회(20.0°) 저속 운항
794,FF-959 부산,193,305062000,frigate,13000,2022-12-02 07:05:03+00:00,2022-12-02 07:22:26+00:00,129.5048933,34.17240333,215.5,1.45,-0.5,-0.20000000000000018,저속 운항
795,FF-959 부산,194,305062000,frigate,13000,2022-12-02 07:25:05+00:00,2022-12-02 07:28:34+00:00,129.4998,34.16770667,228.9,0.9,7.800000000000011,-0.7000000000000001,정박/대기
796,FF-959 부산,195,305062000,frigate,13000,2022-12-02 07:30:03+00:00,2022-12-02 07:34:27+00:00,129.4988,34.16650667,221.8,1.5499999999999998,-7.099999999999994,0.29999999999999993,저속 운항
797,FF-959 부산,196,305062000,frigate,13000,2022-12-02 07:35:03+00:00,2022-12-02 07:46:25+00:00,129.4978133,34.16538333,224.7,0.8666666666666667,21.69999999999999,-0.9999999999999999,정박/대기
798,FF-959 부산,197,305062000,frigate,13000,2022-12-02 07:50:03+00:00,2022-12-02 07:52:35+00:00,129.4951067,34.16222667,211.5,1.2,-166.0,0.3999999999999999,좌선회(166.0°) 저속 운항
799,FF-959 부산,198,305062000,frigate,13000,2022-12-02 07:55:03+00:00,2022-12-02 07:55:03+00:00,129.4943333,34.16120333,283.2,0.2,71.69999999999999,-1.0,정박/대기
800,FF-959 부산,199,305062000,frigate,13000,2022-12-02 07:58:25+00:00,2022-12-02 07:58:26+00:00,129.4940133,34.16081667,211.0,2.0,-72.19999999999999,1.8,좌선회(72.2°) 저속 운항
801,FF-959 부산,200,305062000,frigate,13000,2022-12-02 08:00:03+00:00,2022-12-02 08:04:36+00:00,129.49344,34.16021,222.7,0.7,11.699999999999989,-1.3,정박/대기
802,FF-959 부산,201,305062000,frigate,13000,2022-12-02 08:05:03+00:00,2022-12-02 08:10:27+00:00,129.4926,34.15936,204.0,1.5499999999999998,-18.69999999999999,1.0,저속 운항
803,FF-959 부산,202,305062000,frigate,13000,2022-12-02 08:15:03+00:00,2022-12-02 08:28:36+00:00,129.4908267,34.15778,224.7,0.49999999999999994,14.199999999999989,-0.7,정박/대기
804,FF-959 부산,203,305062000,frigate,13000,2022-12-02 08:30:03+00:00,2022-12-02 08:34:25+00:00,129.4884667,34.15599,199.6,1.3,-24.700000000000017,0.8,좌선회(24.7°) 저속 운항
805,FF-959 부산,204,305062000,frigate,13000,2022-12-02 08:35:03+00:00,2022-12-02 08:35:03+00:00,129.4877867,34.15533333,241.7,0.6,42.099999999999994,-0.7000000000000001,정박/대기
806,FF-959 부산,205,305062000,frigate,13000,2022-12-02 08:40:03+00:00,2022-12-02 08:40:36+00:00,129.48712,34.15468,210.8,1.1,-30.899999999999977,0.5000000000000001,좌선회(30.9°) 저속 운항
807,FF-959 부산,206,305062000,frigate,13000,2022-12-02 08:45:03+00:00,2022-12-02 08:52:36+00:00,129.4863867,34.15405667,221.0,1.1500000000000001,10.199999999999989,-0.10000000000000009,저속 운항
808,FF-959 부산,207,305062000,frigate,13000,2022-12-02 08:55:03+00:00,2022-12-02 09:04:35+00:00,129.4848533,34.15298333,227.1,0.8333333333333334,4.599999999999994,-0.7000000000000001,정박/대기
809,FF-959 부산,208,305062000,frigate,13000,2022-12-02 09:05:05+00:00,2022-12-02 09:05:05+00:00,129.4834133,34.15191,209.3,1.2,-39.69999999999999,0.3999999999999999,좌선회(39.7°) 저속 운항
810,FF-959 부산,209,305062000,frigate,13000,2022-12-02 09:10:05+00:00,2022-12-02 09:22:26+00:00,129.48292,34.15132333,237.1,0.3333333333333333,27.799999999999983,-0.6,정박/대기
811,FF-959 부산,210,305062000,frigate,13000,2022-12-02 09:25:03+00:00,2022-12-02 09:25:03+00:00,129.4815733,34.14950333,218.2,1.1,119.1,0.9000000000000001,우선회(119.1°) 저속 운항
812,FF-959 부산,211,305062000,frigate,13000,2022-12-02 09:28:35+00:00,2022-12-02 09:35:03+00:00,129.4811333,34.14891667,218.2,1.0142857142857145,0.0,0.0,저속 운항
813,FF-959 부산,212,305062000,frigate,13000,2022-12-02 09:40:03+00:00,2022-12-02 09:52:36+00:00,129.4804667,34.14840333,218.1,1.0,-62.50000000000003,0.8,좌선회(62.5°) 저속 운항
814,FF-959 부산,213,305062000,frigate,13000,2022-12-02 09:55:03+00:00,2022-12-02 10:15:05+00:00,129.4796933,34.14739667,29.8,0.5,169.0,0.0,정박/대기
815,FF-959 부산,214,305062000,frigate,13000,2022-12-02 10:16:35+00:00,2022-12-02 10:16:35+00:00,129.4798,34.14657,28.0,1.0,-33.4,0.8,좌선회(33.4°) 저속 운항
816,FF-959 부산,215,305062000,frigate,13000,2022-12-02 10:20:03+00:00,2022-12-02 10:22:26+00:00,129.4800133,34.14646667,114.5,0.3,86.5,-0.7,정박/대기
817,FF-959 부산,216,305062000,frigate,13000,2022-12-02 10:25:03+00:00,2022-12-02 10:25:03+00:00,129.4803333,34.14639333,25.6,1.5,-88.9,1.2,좌선회(88.9°) 저속 운항
818,FF-959 부산,217,305062000,frigate,13000,2022-12-02 10:28:35+00:00,2022-12-02 10:34:25+00:00,129.4805067,34.14638333,22.0,0.6333333333333333,-3.6000000000000014,-0.5,정박/대기
819,FF-959 부산,218,305062000,frigate,13000,2022-12-02 10:35:03+00:00,2022-12-02 10:35:03+00:00,129.4808267,34.14639333,227.3,1.0,169.3,0.8,우선회(169.3°) 저속 운항
820,FF-959 부산,219,305062000,frigate,13000,2022-12-02 10:40:03+00:00,2022-12-02 10:55:05+00:00,129.4809733,34.14661333,251.1,0.515,23.799999999999983,-1.0,정박/대기
821,FF-959 부산,220,305062000,frigate,13000,2022-12-02 10:58:23+00:00,2022-12-02 10:58:24+00:00,129.4828667,34.14771333,42.6,1.0,0.0,0.0,저속 운항
822,FF-959 부산,221,305062000,frigate,13000,2022-12-02 11:00:05+00:00,2022-12-02 11:04:34+00:00,129.4822533,34.14741333,158.9,0.10000000000000002,116.30000000000001,-0.9,정박/대기
823,FF-959 부산,222,305062000,frigate,13000,2022-12-02 11:05:03+00:00,2022-12-02 11:05:03+00:00,129.4824933,34.14742333,35.1,1.7,-131.9,1.5999999999999999,좌선회(131.9°) 저속 운항
824,FF-959 부산,223,305062000,frigate,13000,2022-12-02 11:10:03+00:00,2022-12-02 12:15:03+00:00,129.4828,34.14766,131.7,0.5342857142857144,96.6,-1.5999999999999999,정박/대기
825,FF-959 부산,224,305062000,frigate,13000,2022-12-02 12:16:36+00:00,2022-12-02 12:20:03+00:00,129.4831067,34.15184667,35.0,1.2333333333333332,95.89999999999998,1.7,우선회(95.9°) 저속 운항
826,FF-959 부산,225,305062000,frigate,13000,2022-12-02 12:22:27+00:00,2022-12-02 12:22:27+00:00,129.4830933,34.15235667,12.0,1.2,74.5,0.8999999999999999,우선회(74.5°) 저속 운항
827,FF-959 부산,226,305062000,frigate,13000,2022-12-02 12:25:03+00:00,2022-12-02 12:52:35+00:00,129.48292,34.15301667,8.3,0.615,-3.6999999999999993,-0.6,정박/대기
828,FF-959 부산,227,305062000,frigate,13000,2022-12-02 12:55:03+00:00,2022-12-02 12:58:25+00:00,129.48176,34.15695,31.7,1.1,53.69999999999999,0.40000000000000013,우선회(53.7°) 저속 운항
829,FF-959 부산,228,305062000,frigate,13000,2022-12-02 13:00:03+00:00,2022-12-02 15:40:36+00:00,129.4818,34.15775667,26.1,0.5940909090909091,-5.599999999999998,-0.5000000000000001,정박/대기
830,FF-959 부산,229,305062000,frigate,13000,2022-12-02 15:45:03+00:00,2022-12-02 15:46:27+00:00,129.4894667,34.16845667,144.4,1.1,16.099999999999994,0.5000000000000001,저속 운항
831,FF-959 부산,230,305062000,frigate,13000,2022-12-02 15:50:03+00:00,2022-12-02 15:50:03+00:00,129.49116,34.16834667,92.6,0.7,-51.80000000000001,-0.40000000000000013,정박/대기
832,FF-959 부산,231,305062000,frigate,13000,2022-12-02 15:55:03+00:00,2022-12-02 15:58:25+00:00,129.4927867,34.16845333,59.1,1.3,-33.49999999999999,0.6000000000000001,좌선회(33.5°) 저속 운항
833,FF-959 부산,232,305062000,frigate,13000,2022-12-02 16:00:03+00:00,2022-12-02 18:10:26+00:00,129.4941733,34.16835667,101.3,0.6135507246376811,42.199999999999996,-0.7000000000000001,정박/대기
834,FF-959 부산,233,305062000,frigate,13000,2022-12-02 18:15:03+00:00,2022-12-02 18:16:36+00:00,129.51072,34.15381667,151.9,1.1,7.300000000000011,0.5,저속 운항
835,FF-959 부산,234,305062000,frigate,13000,2022-12-02 18:20:03+00:00,2022-12-02 18:45:03+00:00,129.5116267,34.15317,131.9,0.7642857142857142,-23.099999999999994,-0.09999999999999998,정박/대기
836,FF-959 부산,235,305062000,frigate,13000,2022-12-02 18:46:25+00:00,2022-12-02 18:46:26+00:00,129.5167333,34.15001667,118.0,1.0,4.599999999999994,0.09999999999999998,저속 운항
837,FF-959 부산,236,305062000,frigate,13000,2022-12-02 18:50:03+00:00,2022-12-02 18:52:36+00:00,129.5178667,34.14965667,107.6,0.8500000000000001,-10.400000000000006,-0.09999999999999998,정박/대기
838,FF-959 부산,237,305062000,frigate,13000,2022-12-02 18:55:03+00:00,2022-12-02 19:04:36+00:00,129.5193067,34.14917333,117.5,1.0,10.5,0.19999999999999996,저속 운항
839,FF-959 부산,238,305062000,frigate,13000,2022-12-02 19:05:03+00:00,2022-12-02 19:15:03+00:00,129.5222933,34.14786,126.8,0.8666666666666667,5.0,-0.09999999999999998,정박/대기
840,FF-959 부산,239,305062000,frigate,13000,2022-12-02 19:16:35+00:00,2022-12-02 19:16:36+00:00,129.5257333,34.14643,109.0,1.1,6.200000000000003,0.20000000000000007,저속 운항
841,FF-959 부산,240,305062000,frigate,13000,2022-12-02 19:20:03+00:00,2022-12-02 19:22:26+00:00,129.5268,34.14609,110.3,0.9,1.2999999999999972,-0.20000000000000007,정박/대기
842,FF-959 부산,241,305062000,frigate,13000,2022-12-02 19:25:03+00:00,2022-12-02 19:28:35+00:00,129.5282533,34.14566333,105.3,1.0,-5.0,0.09999999999999998,저속 운항
843,FF-959 부산,242,305062000,frigate,13000,2022-12-02 19:30:05+00:00,2022-12-02 20:05:03+00:00,129.5297733,34.14529333,106.0,0.80625,0.7000000000000028,-0.30000000000000004,정박/대기
844,FF-959 부산,243,305062000,frigate,13000,2022-12-02 20:10:03+00:00,2022-12-02 20:10:26+00:00,129.54084,34.14172333,115.1,1.0,-11.100000000000009,0.19999999999999996,저속 운항
845,FF-959 부산,244,305062000,frigate,13000,2022-12-02 20:15:03+00:00,2022-12-02 21:46:25+00:00,129.5421333,34.14096,118.3,0.5562745098039216,-9.700000000000003,-0.30000000000000004,정박/대기
846,FF-959 부산,245,305062000,frigate,13000,2022-12-02 21:50:03+00:00,2022-12-02 21:52:36+00:00,129.5562933,34.13433333,32.4,1.1,-64.9,0.8,좌선회(64.9°) 저속 운항
847,FF-959 부산,246,305062000,frigate,13000,2022-12-02 21:55:05+00:00,2022-12-02 23:52:35+00:00,129.55688,34.13420333,112.1,0.5456140350877193,79.69999999999999,-0.7000000000000001,정박/대기
848,FF-959 부산,247,305062000,frigate,13000,2022-12-02 23:55:03+00:00,2022-12-02 23:58:25+00:00,129.5767467,34.1333,55.4,1.3,-80.79999999999998,1.0,좌선회(80.8°) 저속 운항
849,FF-959 부산,248,305062000,frigate,13000,2022-12-03 00:00:03+00:00,2022-12-03 00:05:03+00:00,129.5776533,34.13343,62.8,0.5,7.399999999999999,-0.7000000000000001,정박/대기
850,FF-959 부산,249,305062000,frigate,13000,2022-12-03 00:10:03+00:00,2022-12-03 00:10:25+00:00,129.5794267,34.13366333,65.9,1.0,-97.5,0.6,좌선회(97.5°) 저속 운항
851,FF-959 부산,250,305062000,frigate,13000,2022-12-03 00:15:03+00:00,2022-12-03 06:05:02+00:00,129.58056,34.13374333,140.0,0.4512462006079027,74.1,-0.5,정박/대기
852,FF-959 부산,251,305062000,frigate,13000,2022-12-03 06:10:04+00:00,2022-12-03 06:14:05+00:00,129.6104933,34.1254,185.5,1.1,19.099999999999994,0.7000000000000001,저속 운항
853,FF-959 부산,252,305062000,frigate,13000,2022-12-03 06:15:02+00:00,2022-12-03 09:14:05+00:00,129.6105733,34.12473,10.0,0.42840000000000006,-175.5,-1.0,정박/대기
854,FF-959 부산,253,305062000,frigate,13000,2022-12-03 09:15:04+00:00,2022-12-03 09:15:04+00:00,129.62728,34.11736,55.0,1.0,5.399999999999999,0.4,저속 운항
855,FF-959 부산,254,305062000,frigate,13000,2022-12-03 09:20:04+00:00,2022-12-03 09:26:06+00:00,129.6283067,34.11811,42.8,0.8,-12.200000000000003,-0.19999999999999996,정박/대기
856,FF-959 부산,255,305062000,frigate,13000,2022-12-03 09:30:04+00:00,2022-12-03 12:44:15+00:00,129.6304133,34.12015,34.8,1.3829166666666668,-7.800000000000004,0.19999999999999996,저속 운항
857,FF-959 부산,256,305062000,frigate,13000,2022-12-03 12:45:02+00:00,2022-12-03 12:45:02+00:00,129.6850933,34.17882333,84.2,1.3,24.5,0.0,우선회(24.5°) 저속 운항
858,FF-959 부산,257,305062000,frigate,13000,2022-12-03 12:50:12+00:00,2022-12-03 15:44:14+00:00,129.68736,34.17894,87.3,1.2864864864864864,3.0999999999999943,-0.19999999999999996,저속 운항
859,FF-959 부산,258,305062000,frigate,13000,2022-12-03 15:45:04+00:00,2022-12-03 15:47:43+00:00,129.7625867,34.16727333,121.7,0.85,-1.2999999999999972,-0.19999999999999996,정박/대기
860,FF-959 부산,259,305062000,frigate,13000,2022-12-03 15:50:02+00:00,2022-12-03 15:50:05+00:00,129.76404,34.16648333,124.7,1.0,10.799999999999997,0.30000000000000004,저속 운항
861,FF-959 부산,260,305062000,frigate,13000,2022-12-03 15:55:02+00:00,2022-12-03 16:08:16+00:00,129.76548,34.16553667,127.0,0.6666666666666666,2.299999999999997,-0.09999999999999998,정박/대기
862,FF-959 부산,261,305062000,frigate,13000,2022-12-03 16:10:04+00:00,2022-12-03 16:14:07+00:00,129.7692933,34.16287,137.6,1.0,10.899999999999991,0.4,저속 운항
863,FF-959 부산,262,305062000,frigate,13000,2022-12-03 16:15:02+00:00,2022-12-03 16:30:14+00:00,129.7703333,34.16196,132.5,0.675,-5.099999999999994,-0.4,정박/대기
864,FF-959 부산,263,305062000,frigate,13000,2022-12-03 16:35:02+00:00,2022-12-03 16:35:02+00:00,129.7745067,34.15861667,138.7,1.1,-0.20000000000001705,0.5000000000000001,저속 운항
865,FF-959 부산,264,305062000,frigate,13000,2022-12-03 16:38:05+00:00,2022-12-03 18:15:04+00:00,129.7750667,34.15813,134.0,0.726984126984127,-4.699999999999989,-0.40000000000000013,정박/대기
866,FF-959 부산,265,305062000,frigate,13000,2022-12-03 18:20:02+00:00,2022-12-03 18:26:07+00:00,129.7870667,34.13856667,165.0,1.05,-2.9000000000000057,0.19999999999999996,저속 운항
867,FF-959 부산,266,305062000,frigate,13000,2022-12-03 18:30:14+00:00,2022-12-03 19:08:15+00:00,129.78756,34.13621333,162.3,0.75,-19.0,-0.40000000000000013,정박/대기
868,FF-959 부산,267,305062000,frigate,13000,2022-12-03 19:10:04+00:00,2022-12-03 19:10:04+00:00,129.79012,34.12742667,160.4,1.1,-7.599999999999994,0.30000000000000004,저속 운항
869,FF-959 부산,268,305062000,frigate,13000,2022-12-03 19:15:02+00:00,2022-12-03 19:25:02+00:00,129.7905467,34.1264,161.2,0.8333333333333334,0.799999999999983,-0.30000000000000004,정박/대기
870,FF-959 부산,269,305062000,frigate,13000,2022-12-03 19:30:04+00:00,2022-12-03 19:38:06+00:00,129.79236,34.12267,152.0,1.0,-9.599999999999994,0.09999999999999998,저속 운항
871,FF-959 부산,270,305062000,frigate,13000,2022-12-03 19:40:04+00:00,2022-12-03 19:44:16+00:00,129.7938133,34.12019,149.9,0.9,-4.199999999999989,-0.09999999999999998,정박/대기
872,FF-959 부산,271,305062000,frigate,13000,2022-12-03 19:45:02+00:00,2022-12-03 20:00:04+00:00,129.79472,34.11897667,149.0,1.0750000000000002,-0.9000000000000057,0.09999999999999998,저속 운항
873,FF-959 부산,272,305062000,frigate,13000,2022-12-03 20:05:04+00:00,2022-12-03 20:10:02+00:00,129.7985067,34.11373,158.4,0.8333333333333334,6.5,-0.20000000000000007,정박/대기
874,FF-959 부산,273,305062000,frigate,13000,2022-12-03 20:15:02+00:00,2022-12-03 20:38:06+00:00,129.7999733,34.11108667,163.1,1.1199999999999999,10.599999999999994,0.5,저속 운항
875,FF-959 부산,274,305062000,frigate,13000,2022-12-03 20:40:04+00:00,2022-12-03 20:44:14+00:00,129.80352,34.10405333,160.6,0.9,0.29999999999998295,-0.09999999999999998,정박/대기
876,FF-959 부산,275,305062000,frigate,13000,2022-12-03 20:45:04+00:00,2022-12-03 21:20:16+00:00,129.804,34.10252,166.3,1.075,5.700000000000017,0.29999999999999993,저속 운항
877,FF-959 부산,276,305062000,frigate,13000,2022-12-03 21:25:04+00:00,2022-12-03 21:38:04+00:00,129.80768,34.09096,166.7,0.9,-2.9000000000000057,-0.20000000000000007,정박/대기
878,FF-959 부산,277,305062000,frigate,13000,2022-12-03 21:40:02+00:00,2022-12-03 21:40:02+00:00,129.80908,34.08704,162.5,1.5,-20.80000000000001,0.6,좌선회(20.8°) 저속 운항
879,FF-959 부산,278,305062000,frigate,13000,2022-12-03 21:45:24+00:00,2022-12-03 22:02:06+00:00,129.8094667,34.08550333,174.8,0.9,12.300000000000011,-0.6,정박/대기
880,FF-959 부산,279,305062000,frigate,13000,2022-12-03 22:05:04+00:00,2022-12-03 22:14:05+00:00,129.8090933,34.08004,204.0,1.1,19.80000000000001,0.20000000000000007,저속 운항
881,FF-959 부산,280,305062000,frigate,13000,2022-12-03 22:15:04+00:00,2022-12-03 22:26:06+00:00,129.8076667,34.07728,203.7,0.8666666666666667,-3.8000000000000114,-0.30000000000000004,정박/대기
882,FF-959 부산,281,305062000,frigate,13000,2022-12-03 22:30:04+00:00,2022-12-03 22:32:17+00:00,129.8058,34.07326333,205.0,1.0,4.900000000000006,0.09999999999999998,저속 운항
883,FF-959 부산,282,305062000,frigate,13000,2022-12-03 22:35:04+00:00,2022-12-03 22:44:17+00:00,129.80504,34.07199,202.8,0.8,-2.1999999999999886,-0.19999999999999996,정박/대기
884,FF-959 부산,283,305062000,frigate,13000,2022-12-03 22:45:04+00:00,2022-12-03 22:45:04+00:00,129.8035867,34.06954,209.2,1.0,3.799999999999983,0.19999999999999996,저속 운항
885,FF-959 부산,284,305062000,frigate,13000,2022-12-03 22:50:04+00:00,2022-12-03 22:56:15+00:00,129.8027467,34.06838667,197.3,0.8500000000000001,-11.899999999999977,-0.19999999999999996,정박/대기
886,FF-959 부산,285,305062000,frigate,13000,2022-12-03 23:00:02+00:00,2022-12-03 23:00:02+00:00,129.8012667,34.06587333,215.0,1.0,21.0,0.09999999999999998,우선회(21.0°) 저속 운항
887,FF-959 부산,286,305062000,frigate,13000,2022-12-03 23:05:12+00:00,2022-12-03 23:14:07+00:00,129.8003733,34.06469,211.0,1.2000000000000002,-4.0,0.10000000000000009,저속 운항
888,FF-959 부산,287,305062000,frigate,13000,2022-12-03 23:15:04+00:00,2022-12-03 23:20:16+00:00,129.7986933,34.0625,211.3,0.75,6.900000000000006,-0.4,정박/대기
889,FF-959 부산,288,305062000,frigate,13000,2022-12-03 23:25:02+00:00,2022-12-03 23:25:02+00:00,129.79708,34.06024333,207.2,1.0,-13.200000000000017,0.4,저속 운항
890,FF-959 부산,289,305062000,frigate,13000,2022-12-03 23:30:02+00:00,2022-12-03 23:30:02+00:00,129.7951467,34.05956667,284.5,3.1,77.30000000000001,2.1,우선회(77.3°) 가속 저속 운항
891,FF-959 부산,290,305062000,frigate,13000,2022-12-03 23:35:02+00:00,2022-12-03 23:38:06+00:00,129.7911733,34.06621667,342.3,7.7,57.80000000000001,4.6,우선회(57.8°) 가속 이동/통과
892,FF-959 부산,291,305062000,frigate,13000,2022-12-03 23:40:04+00:00,2022-12-03 23:44:16+00:00,129.78644,34.07932,344.5,11.3,2.1999999999999886,3.6000000000000005,가속 이동/통과
893,FF-959 부산,292,305062000,frigate,13000,2022-12-03 23:45:04+00:00,2022-12-04 01:20:04+00:00,129.7813867,34.09497333,344.5,11.405,0.0,0.29999999999999893,이동/통과
894,FF-959 부산,293,305062000,frigate,13000,2022-12-04 01:25:04+00:00,2022-12-04 01:26:07+00:00,129.6877867,34.40361667,341.8,8.8,1.1000000000000227,-2.5999999999999996,감속 이동/통과
895,FF-959 부산,294,305062000,frigate,13000,2022-12-04 01:30:04+00:00,2022-12-04 01:30:04+00:00,129.6829867,34.41246,314.4,5.1,-27.400000000000034,-3.700000000000001,좌선회(27.4°) 감속 이동/통과
896,FF-959 부산,295,305062000,frigate,13000,2022-12-04 01:35:02+00:00,2022-12-04 01:38:05+00:00,129.6789867,34.41450333,294.7,1.1,-19.69999999999999,-3.9999999999999996,감속 저속 운항
897,FF-959 부산,296,305062000,frigate,13000,2022-12-04 01:40:02+00:00,2022-12-04 01:44:16+00:00,129.6777867,34.41436667,218.3,0.9,-76.39999999999998,-0.20000000000000007,정박/대기
898,FF-959 부산,297,305062000,frigate,13000,2022-12-04 01:45:04+00:00,2022-12-04 02:14:06+00:00,129.6772667,34.41317,200.4,1.4285714285714286,-17.900000000000006,0.29999999999999993,저속 운항
899,FF-959 부산,298,305062000,frigate,13000,2022-12-04 02:15:12+00:00,2022-12-04 02:15:12+00:00,129.6768,34.40339667,170.9,1.0,-22.69999999999999,-0.7,좌선회(22.7°) 저속 운항
900,FF-959 부산,299,305062000,frigate,13000,2022-12-04 02:20:04+00:00,2022-12-04 03:00:04+00:00,129.6769467,34.40185667,182.0,1.3666666666666667,11.099999999999994,0.7,저속 운항
901,FF-959 부산,300,305062000,frigate,13000,2022-12-04 03:05:12+00:00,2022-12-04 03:08:16+00:00,129.67604,34.38613,174.2,1.1,-20.600000000000023,-0.09999999999999987,좌선회(20.6°) 저속 운항
902,FF-959 부산,301,305062000,frigate,13000,2022-12-04 03:10:04+00:00,2022-12-04 03:14:07+00:00,129.6761333,34.38446,178.1,1.0,3.9000000000000057,-0.10000000000000009,저속 운항
903,FF-959 부산,302,305062000,frigate,13000,2022-12-04 03:15:04+00:00,2022-12-04 03:15:04+00:00,129.6762667,34.38253333,157.4,0.6,-20.69999999999999,-0.4,정박/대기
904,FF-959 부산,303,305062000,frigate,13000,2022-12-04 03:20:04+00:00,2022-12-04 03:26:06+00:00,129.6763733,34.3807,171.6,1.6,14.199999999999989,0.7000000000000001,저속 운항
905,FF-959 부산,304,305062000,frigate,13000,2022-12-04 03:30:02+00:00,2022-12-04 03:30:02+00:00,129.6765333,34.37693333,170.6,0.5,-6.900000000000006,-1.4,정박/대기
906,FF-959 부산,305,305062000,frigate,13000,2022-12-04 03:35:02+00:00,2022-12-04 03:38:05+00:00,129.67672,34.37514667,169.8,1.4,-0.799999999999983,0.8999999999999999,저속 운항
907,FF-959 부산,306,305062000,frigate,13000,2022-12-04 03:40:04+00:00,2022-12-04 03:44:17+00:00,129.67712,34.3735,150.5,0.6,-19.30000000000001,-0.7999999999999999,정박/대기
908,FF-959 부산,307,305062000,frigate,13000,2022-12-04 03:45:04+00:00,2022-12-04 04:30:04+00:00,129.6775333,34.37179667,170.0,1.31,19.5,0.7000000000000001,저속 운항
909,FF-959 부산,308,305062000,frigate,13000,2022-12-04 04:35:02+00:00,2022-12-04 04:38:06+00:00,129.6826,34.35284667,187.6,0.6,8.599999999999994,-1.1,정박/대기
910,FF-959 부산,309,305062000,frigate,13000,2022-12-04 04:40:04+00:00,2022-12-04 05:26:05+00:00,129.6828,34.35055333,184.1,1.6272727272727272,-3.5,0.7000000000000001,저속 운항
911,FF-959 부산,310,305062000,frigate,13000,2022-12-04 05:30:04+00:00,2022-12-04 05:30:04+00:00,129.6787733,34.32892333,186.6,0.8,-5.900000000000006,-1.0,정박/대기
912,FF-959 부산,311,305062000,frigate,13000,2022-12-04 05:32:16+00:00,2022-12-04 05:40:02+00:00,129.6784933,34.32817667,192.0,1.7333333333333332,5.400000000000006,0.5999999999999999,저속 운항
913,FF-959 부산,312,305062000,frigate,13000,2022-12-04 05:44:16+00:00,2022-12-04 05:44:16+00:00,129.67716,34.32377,198.0,0.9,11.900000000000006,-0.6,정박/대기
914,FF-959 부산,313,305062000,frigate,13000,2022-12-04 05:45:04+00:00,2022-12-04 06:26:05+00:00,129.6766133,34.32240333,206.4,1.6800000000000002,8.400000000000006,0.7999999999999999,저속 운항
915,FF-959 부산,314,305062000,frigate,13000,2022-12-04 06:30:04+00:00,2022-12-04 06:32:16+00:00,129.6688133,34.30308333,172.3,0.9,-32.29999999999998,-0.9999999999999999,정박/대기
916,FF-959 부산,315,305062000,frigate,13000,2022-12-04 06:35:04+00:00,2022-12-04 06:35:04+00:00,129.6682,34.30096333,202.8,1.8,30.5,0.9,우선회(30.5°) 저속 운항
917,FF-959 부산,316,305062000,frigate,13000,2022-12-04 06:40:04+00:00,2022-12-04 07:14:05+00:00,129.6674133,34.29886333,200.7,1.5,-2.1000000000000227,0.30000000000000004,저속 운항
918,FF-959 부산,317,305062000,frigate,13000,2022-12-04 07:15:02+00:00,2022-12-04 07:16:02+00:00,129.6596133,34.28613333,219.9,0.6000000000000001,-0.09999999999999432,-0.19999999999999996,정박/대기
919,FF-959 부산,318,305062000,frigate,13000,2022-12-04 07:20:04+00:00,2022-12-04 07:44:17+00:00,129.6584667,34.28453,220.4,1.6199999999999999,-19.099999999999994,0.7999999999999999,저속 운항
920,FF-959 부산,319,305062000,frigate,13000,2022-12-04 07:45:02+00:00,2022-12-04 07:45:02+00:00,129.65204,34.27665667,227.7,0.3,15.0,-1.8,정박/대기
921,FF-959 부산,320,305062000,frigate,13000,2022-12-04 07:50:02+00:00,2022-12-04 07:50:05+00:00,129.6506533,34.27531667,232.5,1.6,4.800000000000011,1.3,저속 운항
922,FF-959 부산,321,305062000,frigate,13000,2022-12-04 07:55:04+00:00,2022-12-04 07:56:17+00:00,129.64928,34.2741,207.1,0.9,-25.400000000000006,-0.7000000000000001,정박/대기
923,FF-959 부산,322,305062000,frigate,13000,2022-12-04 08:00:02+00:00,2022-12-04 08:00:02+00:00,129.648,34.27286,214.2,1.9,7.099999999999994,0.9999999999999999,저속 운항
924,FF-959 부산,323,305062000,frigate,13000,2022-12-04 08:05:04+00:00,2022-12-04 08:08:16+00:00,129.6468267,34.27177,211.8,0.8,-2.3999999999999773,-1.0999999999999999,정박/대기
925,FF-959 부산,324,305062000,frigate,13000,2022-12-04 08:10:04+00:00,2022-12-04 08:14:07+00:00,129.6456933,34.27063667,228.0,1.3,16.0,0.5,저속 운항
926,FF-959 부산,325,305062000,frigate,13000,2022-12-04 08:15:04+00:00,2022-12-04 08:20:16+00:00,129.64472,34.26965667,215.1,0.9,-12.900000000000006,-0.4,정박/대기
927,FF-959 부산,326,305062000,frigate,13000,2022-12-04 08:20:24+00:00,2022-12-04 08:20:24+00:00,129.64404,34.26851333,211.7,1.3,-3.4000000000000057,0.4,저속 운항
928,FF-959 부산,327,305062000,frigate,13000,2022-12-04 08:25:04+00:00,2022-12-04 08:26:05+00:00,129.6434933,34.26733,150.5,0.3,-61.19999999999999,-1.0,정박/대기
929,FF-959 부산,328,305062000,frigate,13000,2022-12-04 08:30:04+00:00,2022-12-04 08:32:15+00:00,129.6427733,34.26587333,203.0,1.3,52.5,1.0,우선회(52.5°) 저속 운항
930,FF-959 부산,329,305062000,frigate,13000,2022-12-04 08:35:12+00:00,2022-12-04 08:44:15+00:00,129.64212,34.26428333,207.2,0.8,4.199999999999989,0.0,정박/대기
931,FF-959 부산,330,305062000,frigate,13000,2022-12-04 08:45:04+00:00,2022-12-04 08:45:04+00:00,129.6404933,34.26158,205.0,1.6,-24.400000000000006,0.9000000000000001,좌선회(24.4°) 저속 운항
932,FF-959 부산,331,305062000,frigate,13000,2022-12-04 08:50:02+00:00,2022-12-04 08:50:06+00:00,129.63976,34.26042,205.8,0.9,0.8000000000000114,-0.7000000000000001,정박/대기
933,FF-959 부산,332,305062000,frigate,13000,2022-12-04 08:55:04+00:00,2022-12-04 09:08:16+00:00,129.6389867,34.25926667,196.9,1.2666666666666666,-8.900000000000006,0.20000000000000007,저속 운항
934,FF-959 부산,333,305062000,frigate,13000,2022-12-04 09:10:04+00:00,2022-12-04 09:50:06+00:00,129.6367733,34.25587667,196.8,0.37777777777777777,-6.399999999999977,-0.7999999999999999,정박/대기
935,FF-959 부산,334,305062000,frigate,13000,2022-12-04 09:55:04+00:00,2022-12-04 10:00:02+00:00,129.6328667,34.24672333,191.4,1.3,-3.1999999999999886,1.2000000000000002,저속 운항
936,FF-959 부산,335,305062000,frigate,13000,2022-12-04 10:05:04+00:00,2022-12-04 10:05:04+00:00,129.6322533,34.2448,223.5,0.0,45.69999999999999,-1.0,정박/대기
937,FF-959 부산,336,305062000,frigate,13000,2022-12-04 10:10:04+00:00,2022-12-04 10:15:04+00:00,129.6319333,34.24380667,204.0,1.5499999999999998,-19.5,1.9,저속 운항
938,FF-959 부산,337,305062000,frigate,13000,2022-12-04 10:20:02+00:00,2022-12-04 10:20:16+00:00,129.63156,34.24204,191.6,0.9,-2.0,-0.29999999999999993,정박/대기
939,FF-959 부산,338,305062000,frigate,13000,2022-12-04 10:25:02+00:00,2022-12-04 10:26:05+00:00,129.6315067,34.24122333,193.3,1.9,1.700000000000017,0.9999999999999999,저속 운항
940,FF-959 부산,339,305062000,frigate,13000,2022-12-04 10:30:24+00:00,2022-12-04 10:40:02+00:00,129.6311467,34.24025,79.6,0.6,-113.70000000000002,-1.7999999999999998,정박/대기
941,FF-959 부산,340,305062000,frigate,13000,2022-12-04 10:45:04+00:00,2022-12-04 10:45:04+00:00,129.6301467,34.23805333,198.0,1.2,-2.1999999999999886,0.29999999999999993,저속 운항
942,FF-959 부산,341,305062000,frigate,13000,2022-12-04 10:50:04+00:00,2022-12-04 11:00:02+00:00,129.63016,34.23725333,176.3,0.6000000000000001,-21.69999999999999,-0.7999999999999999,정박/대기
943,FF-959 부산,342,305062000,frigate,13000,2022-12-04 11:05:04+00:00,2022-12-04 11:14:05+00:00,129.62988,34.23521667,182.3,1.0,-9.599999999999994,0.8,저속 운항
944,FF-959 부산,343,305062000,frigate,13000,2022-12-04 11:15:04+00:00,2022-12-04 11:15:04+00:00,129.6297333,34.23421333,20.3,0.6,-178.29999999999998,-0.30000000000000004,정박/대기
945,FF-959 부산,344,305062000,frigate,13000,2022-12-04 11:20:02+00:00,2022-12-04 11:20:16+00:00,129.62972,34.23379333,203.8,1.1,-176.5,0.5000000000000001,좌선회(176.5°) 저속 운항
946,FF-959 부산,345,305062000,frigate,13000,2022-12-04 11:25:02+00:00,2022-12-04 14:50:06+00:00,129.6294,34.23326,213.8,0.6599410774410774,10.0,-0.5000000000000001,정박/대기
947,FF-959 부산,346,305062000,frigate,13000,2022-12-04 14:55:04+00:00,2022-12-04 14:56:16+00:00,129.6323467,34.22973333,13.9,2.7,149.20000000000002,2.4000000000000004,우선회(149.2°) 저속 운항
948,FF-959 부산,347,305062000,frigate,13000,2022-12-04 15:00:04+00:00,2022-12-04 15:00:04+00:00,129.6321067,34.22983,221.7,0.7,-152.20000000000002,-2.0,정박/대기
949,FF-959 부산,348,305062000,frigate,13000,2022-12-04 15:05:04+00:00,2022-12-04 15:10:04+00:00,129.6318667,34.22967667,200.5,1.1666666666666667,-21.19999999999999,1.0,좌선회(21.2°) 저속 운항
950,FF-959 부산,349,305062000,frigate,13000,2022-12-04 15:15:04+00:00,2022-12-04 15:15:04+00:00,129.6314933,34.22927667,151.7,0.6,149.6,0.09999999999999998,정박/대기
951,FF-959 부산,350,305062000,frigate,13000,2022-12-04 15:20:04+00:00,2022-12-04 15:20:15+00:00,129.6314933,34.22889,15.2,1.6,-136.5,1.0,좌선회(136.5°) 저속 운항
952,FF-959 부산,351,305062000,frigate,13000,2022-12-04 15:25:04+00:00,2022-12-04 15:38:06+00:00,129.6315733,34.22844667,12.1,2.2666666666666666,-3.0999999999999996,0.5,저속 운항
953,FF-959 부산,352,305062000,frigate,13000,2022-12-04 15:40:02+00:00,2022-12-04 15:44:16+00:00,129.6318133,34.22673,183.2,2.4,179.89999999999998,0.0,우선회(179.9°) 저속 운항
954,FF-959 부산,353,305062000,frigate,13000,2022-12-04 15:45:04+00:00,2022-12-04 15:56:17+00:00,129.6320533,34.22614,192.9,2.2249999999999996,10.400000000000006,-0.20000000000000018,저속 운항
955,FF-959 부산,354,305062000,frigate,13000,2022-12-04 16:00:02+00:00,2022-12-04 16:00:02+00:00,129.63196,34.22396667,15.9,3.0,-169.1,1.6,좌선회(169.1°) 저속 운항
956,FF-959 부산,355,305062000,frigate,13000,2022-12-04 16:05:02+00:00,2022-12-04 16:08:15+00:00,129.6318533,34.22326333,330.8,0.2,-45.099999999999966,-2.8,정박/대기
957,FF-959 부산,356,305062000,frigate,13000,2022-12-04 16:10:02+00:00,2022-12-04 16:10:02+00:00,129.6316667,34.22252667,200.4,3.2,-130.4,3.0,좌선회(130.4°) 가속 저속 운항
958,FF-959 부산,357,305062000,frigate,13000,2022-12-04 16:15:04+00:00,2022-12-04 16:20:17+00:00,129.63144,34.22181333,195.2,2.15,-5.200000000000017,-0.9000000000000004,저속 운항
959,FF-959 부산,358,305062000,frigate,13000,2022-12-04 16:25:04+00:00,2022-12-04 16:25:04+00:00,129.6311467,34.22017,225.8,0.3,33.20000000000002,-1.7,정박/대기
960,FF-959 부산,359,305062000,frigate,13000,2022-12-04 16:30:04+00:00,2022-12-04 16:32:15+00:00,129.6311467,34.21937667,186.8,1.9,-39.0,1.5999999999999999,좌선회(39.0°) 저속 운항
961,FF-959 부산,360,305062000,frigate,13000,2022-12-04 16:35:02+00:00,2022-12-04 16:38:04+00:00,129.6312133,34.21842,184.2,2.0,-2.6000000000000227,0.10000000000000009,저속 운항
962,FF-959 부산,361,305062000,frigate,13000,2022-12-04 16:40:02+00:00,2022-12-04 16:44:16+00:00,129.6312533,34.21740667,7.6,1.0,-176.6,-1.0,좌선회(176.6°) 저속 운항
963,FF-959 부산,362,305062000,frigate,13000,2022-12-04 16:45:02+00:00,2022-12-04 16:45:02+00:00,129.63132,34.21633667,182.9,2.2,175.3,1.2000000000000002,우선회(175.3°) 저속 운항
964,FF-959 부산,363,305062000,frigate,13000,2022-12-04 16:50:04+00:00,2022-12-04 16:50:06+00:00,129.6313333,34.2153,11.1,3.4,-171.8,1.1999999999999997,좌선회(171.8°) 저속 운항
965,FF-959 부산,364,305062000,frigate,13000,2022-12-04 16:55:02+00:00,2022-12-04 16:56:17+00:00,129.6311333,34.21432667,247.4,0.4,-123.69999999999999,-3.0,정박/대기
966,FF-959 부산,365,305062000,frigate,13000,2022-12-04 17:00:02+00:00,2022-12-04 17:00:02+00:00,129.6309867,34.21333667,187.7,2.8,-59.70000000000002,2.4,좌선회(59.7°) 가속 저속 운항
967,FF-959 부산,366,305062000,frigate,13000,2022-12-04 17:05:04+00:00,2022-12-04 17:08:16+00:00,129.6307467,34.2123,18.0,0.7,-169.7,-2.0999999999999996,정박/대기
968,FF-959 부산,367,305062000,frigate,13000,2022-12-04 17:10:04+00:00,2022-12-04 17:14:06+00:00,129.6305467,34.21128333,190.1,1.3,172.1,0.6000000000000001,우선회(172.1°) 저속 운항
969,FF-959 부산,368,305062000,frigate,13000,2022-12-04 17:15:04+00:00,2022-12-04 17:15:04+00:00,129.63036,34.21026333,193.8,1.5,3.700000000000017,0.19999999999999996,저속 운항
970,FF-959 부산,369,305062000,frigate,13000,2022-12-04 17:20:04+00:00,2022-12-04 17:30:04+00:00,129.6302133,34.20927,167.8,0.5333333333333333,-26.0,-0.9,정박/대기
971,FF-959 부산,370,305062000,frigate,13000,2022-12-04 17:35:04+00:00,2022-12-04 17:35:04+00:00,129.62956,34.20587667,192.4,2.5,-22.799999999999983,2.0,좌선회(22.8°) 가속 저속 운항
972,FF-959 부산,371,305062000,frigate,13000,2022-12-04 17:38:07+00:00,2022-12-04 17:38:07+00:00,129.62936,34.20525667,130.0,0.2,-62.400000000000006,-2.3,정박/대기
973,FF-959 부산,372,305062000,frigate,13000,2022-12-04 17:40:04+00:00,2022-12-04 17:44:16+00:00,129.6291467,34.20471667,26.0,1.0,-104.0,0.8,좌선회(104.0°) 저속 운항
974,FF-959 부산,373,305062000,frigate,13000,2022-12-04 17:45:04+00:00,2022-12-04 17:45:04+00:00,129.6287067,34.20357333,206.1,1.5,-179.9,0.5,좌선회(179.9°) 저속 운항
975,FF-959 부산,374,305062000,frigate,13000,2022-12-04 17:50:04+00:00,2022-12-04 18:00:04+00:00,129.6283067,34.20263,136.3,0.3333333333333333,-69.79999999999998,-1.4,정박/대기
976,FF-959 부산,375,305062000,frigate,13000,2022-12-04 18:05:04+00:00,2022-12-04 18:08:17+00:00,129.6271467,34.19930667,22.1,2.6,37.200000000000045,2.4,우선회(37.2°) 가속 저속 운항
977,FF-959 부산,376,305062000,frigate,13000,2022-12-04 18:10:04+00:00,2022-12-04 18:26:06+00:00,129.6269333,34.19809667,179.5,0.325,157.4,-2.1,정박/대기
978,FF-959 부산,377,305062000,frigate,13000,2022-12-04 18:30:02+00:00,2022-12-04 19:30:02+00:00,129.6248533,34.19305,206.9,2.1214285714285714,-12.799999999999983,1.6,저속 운항
979,FF-959 부산,378,305062000,frigate,13000,2022-12-04 19:35:02+00:00,2022-12-04 19:45:02+00:00,129.6157867,34.17455667,267.5,0.55,68.19999999999999,-2.1999999999999997,정박/대기
980,FF-959 부산,379,305062000,frigate,13000,2022-12-04 19:50:04+00:00,2022-12-04 19:50:06+00:00,129.6137467,34.17003333,192.7,1.2,7.899999999999977,0.6,저속 운항
981,FF-959 부산,380,305062000,frigate,13000,2022-12-04 19:55:04+00:00,2022-12-04 19:56:17+00:00,129.61308,34.16843,184.6,0.7,-8.099999999999994,-0.5,정박/대기
982,FF-959 부산,381,305062000,frigate,13000,2022-12-04 20:00:02+00:00,2022-12-04 20:00:02+00:00,129.61236,34.16690667,11.4,1.4,-173.2,0.7,좌선회(173.2°) 저속 운항
983,FF-959 부산,382,305062000,frigate,13000,2022-12-04 20:05:04+00:00,2022-12-04 20:08:17+00:00,129.6114933,34.16544667,135.2,0.10000000000000002,123.79999999999998,-1.2999999999999998,정박/대기
984,FF-959 부산,383,305062000,frigate,13000,2022-12-04 20:10:04+00:00,2022-12-04 20:10:04+00:00,129.6105467,34.16399,207.6,3.4,72.4,3.3,우선회(72.4°) 가속 저속 운항
985,FF-959 부산,384,305062000,frigate,13000,2022-12-04 20:14:06+00:00,2022-12-04 20:15:04+00:00,129.6098933,34.16301667,194.0,1.0999999999999999,-13.599999999999994,-1.5,감속 저속 운항
986,FF-959 부산,385,305062000,frigate,13000,2022-12-04 20:20:04+00:00,2022-12-04 20:20:17+00:00,129.60884,34.16131333,206.2,1.6,11.699999999999989,1.3,저속 운항
987,FF-959 부산,386,305062000,frigate,13000,2022-12-04 20:25:04+00:00,2022-12-04 20:26:06+00:00,129.6081733,34.15999,253.8,0.45,47.60000000000002,-1.5,정박/대기
988,FF-959 부산,387,305062000,frigate,13000,2022-12-04 20:30:04+00:00,2022-12-04 20:30:04+00:00,129.6077333,34.15850667,195.6,1.4,-164.4,0.5999999999999999,좌선회(164.4°) 저속 운항
989,FF-959 부산,388,305062000,frigate,13000,2022-12-04 20:35:04+00:00,2022-12-04 20:38:04+00:00,129.60708,34.15698667,1.5,1.3,165.9,-0.09999999999999987,우선회(165.9°) 저속 운항
990,FF-959 부산,389,305062000,frigate,13000,2022-12-04 20:40:02+00:00,2022-12-04 20:40:02+00:00,129.6064,34.15548,244.4,0.2,-117.1,-1.1,정박/대기
991,FF-959 부산,390,305062000,frigate,13000,2022-12-04 20:44:15+00:00,2022-12-04 20:44:15+00:00,129.6063867,34.15543667,200.0,2.8,-44.400000000000006,2.5999999999999996,좌선회(44.4°) 가속 저속 운항
992,FF-959 부산,391,305062000,frigate,13000,2022-12-04 20:45:12+00:00,2022-12-04 20:50:06+00:00,129.6056267,34.154,208.6,0.4,8.599999999999994,-2.5,정박/대기
993,FF-959 부산,392,305062000,frigate,13000,2022-12-04 20:55:04+00:00,2022-12-04 20:55:04+00:00,129.6042133,34.15125,197.0,2.9,-29.599999999999994,2.4,좌선회(29.6°) 가속 저속 운항
994,FF-959 부산,393,305062000,frigate,13000,2022-12-04 20:56:15+00:00,2022-12-04 20:56:15+00:00,129.6040667,34.15096333,273.0,0.1,76.0,-2.8,정박/대기
995,FF-959 부산,394,305062000,frigate,13000,2022-12-04 21:00:04+00:00,2022-12-04 21:02:06+00:00,129.6036933,34.14991,201.9,2.1,-71.1,2.0,좌선회(71.1°) 가속 저속 운항
996,FF-959 부산,395,305062000,frigate,13000,2022-12-04 21:05:04+00:00,2022-12-04 21:15:04+00:00,129.6032267,34.14836333,204.2,2.2666666666666666,2.299999999999983,-1.0,저속 운항
997,FF-959 부산,396,305062000,frigate,13000,2022-12-04 21:20:04+00:00,2022-12-04 21:20:04+00:00,129.60216,34.14375,188.8,0.9,4.400000000000006,-2.5,정박/대기
998,FF-959 부산,397,305062000,frigate,13000,2022-12-04 21:25:12+00:00,2022-12-04 21:26:06+00:00,129.60172,34.14219,195.3,3.0,6.5,2.1,가속 저속 운항
999,FF-959 부산,398,305062000,frigate,13000,2022-12-04 21:30:04+00:00,2022-12-04 21:32:15+00:00,129.6013733,34.14071333,1.3,1.2999999999999998,166.0,-0.7000000000000002,우선회(166.0°) 저속 운항
1000,FF-959 부산,399,305062000,frigate,13000,2022-12-04 21:35:02+00:00,2022-12-04 21:38:06+00:00,129.60088,34.13926667,194.1,2.7,149.1,2.4000000000000004,우선회(149.1°) 저속 운항
1001,FF-959 부산,400,305062000,frigate,13000,2022-12-04 21:40:04+00:00,2022-12-04 21:50:05+00:00,129.60036,34.13792667,187.3,1.8,-6.799999999999983,-0.9000000000000001,저속 운항
1002,FF-959 부산,401,305062000,frigate,13000,2022-12-04 21:55:04+00:00,2022-12-04 22:00:02+00:00,129.5990133,34.13400333,216.9,0.35,18.200000000000017,-2.1,정박/대기
1003,FF-959 부산,402,305062000,frigate,13000,2022-12-04 22:05:02+00:00,2022-12-04 22:05:02+00:00,129.5979067,34.13166667,197.8,3.5,-52.0,3.2,좌선회(52.0°) 가속 저속 운항
1004,FF-959 부산,403,305062000,frigate,13000,2022-12-04 22:08:17+00:00,2022-12-04 22:08:17+00:00,129.59752,34.13096667,26.0,0.6,-171.8,-2.9,정박/대기
1005,FF-959 부산,404,305062000,frigate,13000,2022-12-04 22:10:04+00:00,2022-12-04 22:14:06+00:00,129.59732,34.13053333,202.7,1.1,176.7,0.5000000000000001,우선회(176.7°) 저속 운항
1006,FF-959 부산,405,305062000,frigate,13000,2022-12-04 22:15:04+00:00,2022-12-04 22:15:04+00:00,129.5968,34.12947333,202.6,1.0,-0.09999999999999432,-0.10000000000000009,저속 운항
1007,FF-959 부산,406,305062000,frigate,13000,2022-12-04 22:20:02+00:00,2022-12-04 22:26:07+00:00,129.5960933,34.12853333,206.4,0.44999999999999996,3.8000000000000114,-0.4,정박/대기
1008,FF-959 부산,407,305062000,frigate,13000,2022-12-04 22:30:24+00:00,2022-12-04 22:32:17+00:00,129.5946933,34.12674667,207.7,3.0,159.2,2.7,우선회(159.2°) 가속 저속 운항
1009,FF-959 부산,408,305062000,frigate,13000,2022-12-04 22:35:04+00:00,2022-12-04 22:38:06+00:00,129.5940267,34.12583,228.9,1.0,21.200000000000017,-2.0,우선회(21.2°) 저속 운항
1010,FF-959 부산,409,305062000,frigate,13000,2022-12-04 22:40:04+00:00,2022-12-04 22:44:15+00:00,129.5933733,34.12498667,203.8,3.5,-25.099999999999994,3.2,좌선회(25.1°) 가속 저속 운항
1011,FF-959 부산,410,305062000,frigate,13000,2022-12-04 22:45:04+00:00,2022-12-04 22:45:04+00:00,129.5928933,34.12424,338.6,0.4,132.60000000000002,-2.4,정박/대기
1012,FF-959 부산,411,305062000,frigate,13000,2022-12-04 22:50:02+00:00,2022-12-04 22:50:02+00:00,129.59228,34.12346333,213.8,2.4,-124.80000000000001,2.0,좌선회(124.8°) 가속 저속 운항
1013,FF-959 부산,412,305062000,frigate,13000,2022-12-04 22:55:22+00:00,2022-12-04 23:08:15+00:00,129.5917333,34.12257,207.1,0.4666666666666668,-6.700000000000017,-2.0,정박/대기
1014,FF-959 부산,413,305062000,frigate,13000,2022-12-04 23:10:04+00:00,2022-12-04 23:14:04+00:00,129.5902533,34.12031,23.2,1.7,-5.199999999999999,0.8999999999999999,저속 운항
1015,FF-959 부산,414,305062000,frigate,13000,2022-12-04 23:15:02+00:00,2022-12-04 23:15:02+00:00,129.5898933,34.11969,207.2,3.3,-176.0,1.5999999999999999,좌선회(176.0°) 저속 운항
1016,FF-959 부산,415,305062000,frigate,13000,2022-12-04 23:20:02+00:00,2022-12-04 23:50:06+00:00,129.5893733,34.1191,352.0,0.3,144.8,-2.8,정박/대기
1017,FF-959 부산,416,305062000,frigate,13000,2022-12-04 23:55:04+00:00,2022-12-05 00:00:02+00:00,129.5868933,34.11584,205.1,1.0,-99.00000000000003,1.5999999999999999,좌선회(99.0°) 저속 운항
1018,FF-959 부산,417,305062000,frigate,13000,2022-12-05 00:05:02+00:00,2022-12-05 00:08:16+00:00,129.5866,34.11506667,210.6,2.1,148.39999999999998,1.8,우선회(148.4°) 저속 운항
1019,FF-959 부산,418,305062000,frigate,13000,2022-12-05 00:10:02+00:00,2022-12-05 00:26:06+00:00,129.58636,34.11463667,55.1,0.775,-155.5,-1.4000000000000001,정박/대기
1020,FF-959 부산,419,305062000,frigate,13000,2022-12-05 00:30:02+00:00,2022-12-05 00:30:02+00:00,129.5846667,34.11366667,350.2,2.4,-78.20000000000005,2.1999999999999997,좌선회(78.2°) 저속 운항
1021,FF-959 부산,420,305062000,frigate,13000,2022-12-05 00:35:02+00:00,2022-12-05 00:38:05+00:00,129.5847467,34.12024,20.9,8.4,30.69999999999999,6.0,우선회(30.7°) 가속 이동/통과
1022,FF-959 부산,421,305062000,frigate,13000,2022-12-05 00:40:02+00:00,2022-12-05 02:15:04+00:00,129.5902533,34.13262667,19.2,11.11,-1.6999999999999993,1.6999999999999993,이동/통과
1023,FF-959 부산,422,305062000,frigate,13000,2022-12-05 02:20:04+00:00,2022-12-05 02:20:15+00:00,129.69892,34.42957667,11.1,7.7,-9.000000000000002,-2.499999999999999,감속 이동/통과
1024,FF-959 부산,423,305062000,frigate,13000,2022-12-05 02:25:04+00:00,2022-12-05 02:26:07+00:00,129.69984,34.43882667,343.8,6.1,-27.30000000000001,-1.6000000000000005,좌선회(27.3°) 이동/통과
1025,FF-959 부산,424,305062000,frigate,13000,2022-12-05 02:30:02+00:00,2022-12-05 02:30:02+00:00,129.6957067,34.44301,316.1,1.9,-27.69999999999999,-4.199999999999999,좌선회(27.7°) 감속 저속 운항
1026,FF-959 부산,425,305062000,frigate,13000,2022-12-05 02:35:04+00:00,2022-12-05 02:38:06+00:00,129.6938667,34.44357667,242.6,2.0,-73.50000000000003,0.10000000000000009,좌선회(73.5°) 저속 운항
1027,FF-959 부산,426,305062000,frigate,13000,2022-12-05 02:40:04+00:00,2022-12-05 02:40:04+00:00,129.6937467,34.44277667,191.0,0.4,-51.599999999999994,-1.6,정박/대기
1028,FF-959 부산,427,305062000,frigate,13000,2022-12-05 02:45:02+00:00,2022-12-05 02:45:02+00:00,129.6938133,34.44157,186.8,1.6,-4.199999999999989,1.2000000000000002,저속 운항
1029,FF-959 부산,428,305062000,frigate,13000,2022-12-05 02:50:04+00:00,2022-12-05 03:08:15+00:00,129.69376,34.44009667,18.4,0.38,-168.4,-1.2000000000000002,정박/대기
1030,FF-959 부산,429,305062000,frigate,13000,2022-12-05 03:10:04+00:00,2022-12-05 03:10:04+00:00,129.6937867,34.43457333,198.4,1.4,26.400000000000006,0.7999999999999999,우선회(26.4°) 저속 운항
1031,FF-959 부산,430,305062000,frigate,13000,2022-12-05 03:15:04+00:00,2022-12-05 03:25:02+00:00,129.6939067,34.43345667,79.2,0.26666666666666666,-119.2,-1.2,정박/대기
1032,FF-959 부산,431,305062000,frigate,13000,2022-12-05 03:30:04+00:00,2022-12-05 03:30:04+00:00,129.6943867,34.42966,192.6,1.0,-172.5,0.6,좌선회(172.5°) 저속 운항
1033,FF-959 부산,432,305062000,frigate,13000,2022-12-05 03:35:02+00:00,2022-12-05 03:38:06+00:00,129.6943333,34.42845333,191.4,1.0,-1.1999999999999886,0.6000000000000001,저속 운항
1034,FF-959 부산,433,305062000,frigate,13000,2022-12-05 03:40:04+00:00,2022-12-05 03:44:16+00:00,129.6944,34.42722667,156.0,0.7,-18.0,0.29999999999999993,정박/대기
1035,FF-959 부산,434,305062000,frigate,13000,2022-12-05 03:45:04+00:00,2022-12-05 03:50:06+00:00,129.69452,34.4258,175.8,2.3,19.80000000000001,1.5999999999999999,저속 운항
1036,FF-959 부산,435,305062000,frigate,13000,2022-12-05 03:50:14+00:00,2022-12-05 04:08:17+00:00,129.6944133,34.42437333,174.5,0.5375,-1.3000000000000114,-1.6999999999999997,정박/대기
1037,FF-959 부산,436,305062000,frigate,13000,2022-12-05 04:10:02+00:00,2022-12-05 04:10:02+00:00,129.6943467,34.41917,175.2,1.1,-3.1000000000000227,0.5000000000000001,저속 운항
1038,FF-959 부산,437,305062000,frigate,13000,2022-12-05 04:15:02+00:00,2022-12-05 04:15:02+00:00,129.6944133,34.41781667,184.9,3.3,9.700000000000017,2.1999999999999997,가속 저속 운항
1039,FF-959 부산,438,305062000,frigate,13000,2022-12-05 04:20:02+00:00,2022-12-05 04:20:15+00:00,129.6942,34.41639333,164.6,0.7,-20.30000000000001,-2.5999999999999996,정박/대기
1040,FF-959 부산,439,305062000,frigate,13000,2022-12-05 04:25:02+00:00,2022-12-05 04:26:08+00:00,129.6940533,34.41500667,193.5,1.0,28.900000000000006,0.30000000000000004,우선회(28.9°) 저속 운항
1041,FF-959 부산,440,305062000,frigate,13000,2022-12-05 04:30:04+00:00,2022-12-05 04:32:16+00:00,129.6939067,34.41366667,285.8,0.0,99.80000000000001,-1.0,정박/대기
1042,FF-959 부산,441,305062000,frigate,13000,2022-12-05 04:35:04+00:00,2022-12-05 04:38:07+00:00,129.6937067,34.41229333,183.4,1.2,-102.4,1.2,좌선회(102.4°) 저속 운항
1043,FF-959 부산,442,305062000,frigate,13000,2022-12-05 04:40:04+00:00,2022-12-05 04:44:17+00:00,129.69336,34.41086333,188.4,0.8,5.0,-0.3999999999999999,정박/대기
1044,FF-959 부산,443,305062000,frigate,13000,2022-12-05 04:45:04+00:00,2022-12-05 05:00:24+00:00,129.6929867,34.40940667,200.0,2.1,11.599999999999994,1.3,저속 운항
1045,FF-959 부산,444,305062000,frigate,13000,2022-12-05 05:05:02+00:00,2022-12-05 05:08:16+00:00,129.6923067,34.40348667,159.8,0.5,-22.5,-1.3,정박/대기
1046,FF-959 부산,445,305062000,frigate,13000,2022-12-05 05:10:02+00:00,2022-12-05 05:10:02+00:00,129.6921333,34.40197333,184.9,1.6,25.099999999999994,1.1,우선회(25.1°) 저속 운항
1047,FF-959 부산,446,305062000,frigate,13000,2022-12-05 05:15:04+00:00,2022-12-05 05:20:16+00:00,129.69176,34.40035667,58.0,0.45,-126.9,-1.2000000000000002,정박/대기
1048,FF-959 부산,447,305062000,frigate,13000,2022-12-05 05:25:04+00:00,2022-12-05 05:26:06+00:00,129.6915333,34.39728667,196.1,1.0,15.299999999999983,0.5,저속 운항
1049,FF-959 부산,448,305062000,frigate,13000,2022-12-05 05:30:04+00:00,2022-12-05 05:38:06+00:00,129.6912,34.39586333,203.7,0.6000000000000001,7.599999999999994,-0.19999999999999996,정박/대기
1050,FF-959 부산,449,305062000,frigate,13000,2022-12-05 05:40:04+00:00,2022-12-05 05:44:16+00:00,129.6905867,34.39278667,186.5,1.15,-17.599999999999994,1.2999999999999998,저속 운항
1051,FF-959 부산,450,305062000,frigate,13000,2022-12-05 05:45:04+00:00,2022-12-05 05:45:04+00:00,129.6903467,34.39122333,148.3,0.3,-51.69999999999999,-0.3,정박/대기
1052,FF-959 부산,451,305062000,frigate,13000,2022-12-05 05:50:14+00:00,2022-12-05 05:50:14+00:00,129.6900533,34.38961333,192.2,1.1,43.89999999999998,0.8,우선회(43.9°) 저속 운항
1053,FF-959 부산,452,305062000,frigate,13000,2022-12-05 05:55:04+00:00,2022-12-05 05:55:04+00:00,129.6896533,34.38811,209.1,0.4,16.900000000000006,-0.7000000000000001,정박/대기
1054,FF-959 부산,453,305062000,frigate,13000,2022-12-05 06:00:12+00:00,2022-12-05 06:15:04+00:00,129.6890667,34.38645333,209.4,1.475,0.30000000000001137,0.9,저속 운항
1055,FF-959 부산,454,305062000,frigate,13000,2022-12-05 06:20:02+00:00,2022-12-05 06:20:15+00:00,129.68768,34.38043333,235.5,0.6,46.900000000000006,-0.9,정박/대기
1056,FF-959 부산,455,305062000,frigate,13000,2022-12-05 06:25:04+00:00,2022-12-05 06:25:04+00:00,129.6871733,34.37879667,198.5,1.4,-37.0,0.7999999999999999,좌선회(37.0°) 저속 운항
1057,FF-959 부산,456,305062000,frigate,13000,2022-12-05 06:30:02+00:00,2022-12-05 06:45:02+00:00,129.68656,34.37737333,278.7,0.7000000000000001,80.19999999999999,-1.0999999999999999,정박/대기
1058,FF-959 부산,457,305062000,frigate,13000,2022-12-05 06:50:04+00:00,2022-12-05 06:50:07+00:00,129.6845067,34.37193667,184.6,1.4,-33.20000000000002,0.5999999999999999,좌선회(33.2°) 저속 운항
1059,FF-959 부산,458,305062000,frigate,13000,2022-12-05 06:55:04+00:00,2022-12-05 07:00:14+00:00,129.68408,34.37037667,313.3,0.30000000000000004,128.70000000000002,-0.9999999999999999,정박/대기
1060,FF-959 부산,459,305062000,frigate,13000,2022-12-05 07:05:04+00:00,2022-12-05 07:10:04+00:00,129.6832533,34.36761333,203.9,1.4,-18.799999999999983,0.9000000000000001,저속 운항
1061,FF-959 부산,460,305062000,frigate,13000,2022-12-05 07:14:05+00:00,2022-12-05 07:25:04+00:00,129.68232,34.36530667,196.0,0.43333333333333335,2.5,-0.7999999999999999,정박/대기
1062,FF-959 부산,461,305062000,frigate,13000,2022-12-05 07:30:02+00:00,2022-12-05 07:30:02+00:00,129.6808533,34.36095,194.0,2.5,-144.7,2.1,좌선회(144.7°) 가속 저속 운항
1063,FF-959 부산,462,305062000,frigate,13000,2022-12-05 07:35:02+00:00,2022-12-05 07:45:04+00:00,129.6803867,34.35961667,205.0,0.6,11.0,-2.4,정박/대기
1064,FF-959 부산,463,305062000,frigate,13000,2022-12-05 07:50:02+00:00,2022-12-05 07:50:05+00:00,129.6781467,34.35544333,211.5,1.2,-5.800000000000011,0.5,저속 운항
1065,FF-959 부산,464,305062000,frigate,13000,2022-12-05 07:55:04+00:00,2022-12-05 08:08:14+00:00,129.6772667,34.35406333,216.2,0.6333333333333334,4.699999999999989,-0.3999999999999999,정박/대기
1066,FF-959 부산,465,305062000,frigate,13000,2022-12-05 08:10:04+00:00,2022-12-05 08:14:06+00:00,129.6748533,34.35036333,195.1,1.1,-48.900000000000006,0.8,좌선회(48.9°) 저속 운항
1067,FF-959 부산,466,305062000,frigate,13000,2022-12-05 08:15:04+00:00,2022-12-05 08:38:07+00:00,129.6741333,34.34901667,200.6,1.31,5.5,0.0,저속 운항
1068,FF-959 부산,467,305062000,frigate,13000,2022-12-05 08:40:04+00:00,2022-12-05 08:45:04+00:00,129.6719867,34.34288333,209.1,0.6,27.0,-0.8999999999999999,정박/대기
1069,FF-959 부산,468,305062000,frigate,13000,2022-12-05 08:50:04+00:00,2022-12-05 08:50:06+00:00,129.6717467,34.34067667,188.8,1.8,-20.0,1.1,좌선회(20.0°) 저속 운항
1070,FF-959 부산,469,305062000,frigate,13000,2022-12-05 08:55:04+00:00,2022-12-05 09:15:04+00:00,129.67188,34.33970667,180.1,0.48,-8.700000000000017,-1.3,정박/대기
1071,FF-959 부산,470,305062000,frigate,13000,2022-12-05 09:20:04+00:00,2022-12-05 09:20:04+00:00,129.6749333,34.33616,164.5,1.4,40.8,0.9999999999999999,우선회(40.8°) 저속 운항
1072,FF-959 부산,471,305062000,frigate,13000,2022-12-05 09:25:04+00:00,2022-12-05 09:44:17+00:00,129.6757867,34.33532333,92.4,0.65,-72.1,-0.9999999999999999,정박/대기
1073,FF-959 부산,472,305062000,frigate,13000,2022-12-05 09:45:04+00:00,2022-12-05 09:45:04+00:00,129.6792533,34.33237,163.2,1.3,20.399999999999977,0.5,우선회(20.4°) 저속 운항
1074,FF-959 부산,473,305062000,frigate,13000,2022-12-05 09:50:04+00:00,2022-12-05 09:50:05+00:00,129.6798933,34.33165667,136.0,0.3,-27.19999999999999,-1.0,정박/대기
1075,FF-959 부산,474,305062000,frigate,13000,2022-12-05 09:55:00+00:00,2022-12-05 09:56:17+00:00,129.6806133,34.33108,159.6,1.0,23.599999999999994,0.7,우선회(23.6°) 저속 운항
1076,FF-959 부산,475,305062000,frigate,13000,2022-12-05 10:00:04+00:00,2022-12-05 10:00:04+00:00,129.6813467,34.33036,56.3,0.5,-103.3,-0.5,정박/대기
1077,FF-959 부산,476,305062000,frigate,13000,2022-12-05 10:05:04+00:00,2022-12-05 10:08:15+00:00,129.6819867,34.32957,154.5,1.2,98.2,0.7,우선회(98.2°) 저속 운항
1078,FF-959 부산,477,305062000,frigate,13000,2022-12-05 10:10:04+00:00,2022-12-05 10:20:17+00:00,129.6827467,34.32890333,134.4,0.6333333333333333,-20.099999999999994,-0.3999999999999999,정박/대기
1079,FF-959 부산,478,305062000,frigate,13000,2022-12-05 10:25:04+00:00,2022-12-05 10:25:04+00:00,129.6844667,34.32701667,181.9,1.7,37.30000000000001,1.2,우선회(37.3°) 저속 운항
1080,FF-959 부산,479,305062000,frigate,13000,2022-12-05 10:30:02+00:00,2022-12-05 12:56:17+00:00,129.6848933,34.32641333,29.3,0.47555555555555556,-152.6,-0.7,정박/대기
1081,FF-959 부산,480,305062000,frigate,13000,2022-12-05 13:00:02+00:00,2022-12-05 13:00:02+00:00,129.6933733,34.3136,7.7,1.0,-173.3,0.19999999999999996,좌선회(173.3°) 저속 운항
1082,FF-959 부산,481,305062000,frigate,13000,2022-12-05 13:05:02+00:00,2022-12-05 13:38:05+00:00,129.6933467,34.31306,184.1,0.5833333333333333,176.4,-0.4,정박/대기
1083,FF-959 부산,482,305062000,frigate,13000,2022-12-05 13:40:04+00:00,2022-12-05 13:44:16+00:00,129.6918267,34.30820667,196.6,1.0,-156.6,1.0,좌선회(156.6°) 저속 운항
1084,FF-959 부산,483,305062000,frigate,13000,2022-12-05 13:45:04+00:00,2022-12-05 14:14:05+00:00,129.6915333,34.30741333,176.2,0.5499999999999999,155.2,-0.30000000000000004,정박/대기
1085,FF-959 부산,484,305062000,frigate,13000,2022-12-05 14:15:04+00:00,2022-12-05 14:26:06+00:00,129.6934267,34.30216,155.2,1.2,-11.700000000000017,1.0,저속 운항
1086,FF-959 부산,485,305062000,frigate,13000,2022-12-05 14:30:04+00:00,2022-12-05 14:32:16+00:00,129.69652,34.29831,125.4,0.95,-11.199999999999989,-0.10000000000000009,정박/대기
1087,FF-959 부산,486,305062000,frigate,13000,2022-12-05 14:35:04+00:00,2022-12-05 14:50:14+00:00,129.6977867,34.29699333,140.6,1.3,7.599999999999994,0.29999999999999993,저속 운항
1088,FF-959 부산,487,305062000,frigate,13000,2022-12-05 14:55:04+00:00,2022-12-05 15:00:04+00:00,129.7044933,34.29198,104.9,0.6,-9.5,-0.7,정박/대기
1089,FF-959 부산,488,305062000,frigate,13000,2022-12-05 15:05:04+00:00,2022-12-05 15:08:15+00:00,129.7080933,34.28996333,133.8,1.6,48.000000000000014,0.9000000000000001,우선회(48.0°) 저속 운항
1090,FF-959 부산,489,305062000,frigate,13000,2022-12-05 15:10:04+00:00,2022-12-05 15:10:04+00:00,129.7100133,34.28902667,108.5,1.4,-25.30000000000001,-0.20000000000000018,좌선회(25.3°) 저속 운항
1091,FF-959 부산,490,305062000,frigate,13000,2022-12-05 15:15:04+00:00,2022-12-05 15:26:06+00:00,129.7121067,34.28805333,119.6,1.2,11.099999999999994,0.10000000000000009,저속 운항
1092,FF-959 부산,491,305062000,frigate,13000,2022-12-05 15:30:04+00:00,2022-12-05 15:30:04+00:00,129.7181467,34.28479,75.3,1.0,-35.10000000000001,0.0,좌선회(35.1°) 저속 운항
1093,FF-959 부산,492,305062000,frigate,13000,2022-12-05 15:35:14+00:00,2022-12-05 15:35:14+00:00,129.7202667,34.28401667,116.3,1.6,41.0,0.6000000000000001,우선회(41.0°) 저속 운항
1094,FF-959 부산,493,305062000,frigate,13000,2022-12-05 15:38:05+00:00,2022-12-05 15:38:05+00:00,129.72092,34.28376333,99.0,1.2,-17.299999999999997,-0.40000000000000013,저속 운항
1095,FF-959 부산,494,305062000,frigate,13000,2022-12-05 15:40:14+00:00,2022-12-05 15:40:14+00:00,129.7225067,34.28328,127.4,2.0,28.400000000000006,0.8,우선회(28.4°) 저속 운항
1096,FF-959 부산,495,305062000,frigate,13000,2022-12-05 15:45:02+00:00,2022-12-05 15:45:02+00:00,129.7247067,34.28251,105.3,1.0,-22.10000000000001,-1.0,좌선회(22.1°) 저속 운항
1097,FF-959 부산,496,305062000,frigate,13000,2022-12-05 15:50:02+00:00,2022-12-05 15:50:04+00:00,129.7269733,34.28173667,123.7,1.4,18.400000000000006,0.3999999999999999,저속 운항
1098,FF-959 부산,497,305062000,frigate,13000,2022-12-05 15:55:02+00:00,2022-12-05 15:56:16+00:00,129.7293733,34.28079,102.6,1.2,-21.10000000000001,-0.19999999999999996,좌선회(21.1°) 저속 운항
1099,FF-959 부산,498,305062000,frigate,13000,2022-12-05 16:00:02+00:00,2022-12-05 16:15:04+00:00,129.7313867,34.27974333,117.5,1.625,14.900000000000006,-0.09999999999999987,저속 운항
1100,FF-959 부산,499,305062000,frigate,13000,2022-12-05 16:20:02+00:00,2022-12-05 16:20:02+00:00,129.7390267,34.27543667,125.4,0.8,-10.400000000000006,-1.2,정박/대기
1101,FF-959 부산,500,305062000,frigate,13000,2022-12-05 16:25:04+00:00,2022-12-05 16:26:06+00:00,129.7404267,34.27417,128.2,1.2,2.799999999999983,0.3999999999999999,저속 운항
1102,FF-959 부산,501,305062000,frigate,13000,2022-12-05 16:30:02+00:00,2022-12-05 16:30:02+00:00,129.7417867,34.2731,139.3,0.5,11.100000000000023,-0.7,정박/대기
1103,FF-959 부산,502,305062000,frigate,13000,2022-12-05 16:35:02+00:00,2022-12-05 16:38:05+00:00,129.74312,34.27180333,145.8,1.5,6.5,1.0,저속 운항
1104,FF-959 부산,503,305062000,frigate,13000,2022-12-05 16:40:02+00:00,2022-12-05 16:44:16+00:00,129.7445467,34.27065333,136.5,0.9,-9.300000000000011,-0.6,정박/대기
1105,FF-959 부산,504,305062000,frigate,13000,2022-12-05 16:45:04+00:00,2022-12-05 16:45:04+00:00,129.7460267,34.26945667,109.5,1.3,-27.0,0.4,좌선회(27.0°) 저속 운항
1106,FF-959 부산,505,305062000,frigate,13000,2022-12-05 16:50:04+00:00,2022-12-05 16:50:06+00:00,129.7474667,34.26808,142.7,1.6,33.19999999999999,0.30000000000000004,우선회(33.2°) 저속 운항
1107,FF-959 부산,506,305062000,frigate,13000,2022-12-05 16:55:04+00:00,2022-12-05 16:56:15+00:00,129.74872,34.26665333,136.2,1.5,-6.5,-0.10000000000000009,저속 운항
1108,FF-959 부산,507,305062000,frigate,13000,2022-12-05 17:00:04+00:00,2022-12-05 17:00:04+00:00,129.7500133,34.26516,159.5,1.6,23.30000000000001,0.10000000000000009,우선회(23.3°) 저속 운항
1109,FF-959 부산,508,305062000,frigate,13000,2022-12-05 17:05:14+00:00,2022-12-05 17:25:02+00:00,129.7514267,34.26361,142.1,1.5,-17.400000000000006,0.19999999999999996,저속 운항
1110,FF-959 부산,509,305062000,frigate,13000,2022-12-05 17:30:04+00:00,2022-12-05 17:30:04+00:00,129.75876,34.25577667,152.7,1.2,34.69999999999999,0.0,우선회(34.7°) 저속 운항
1111,FF-959 부산,510,305062000,frigate,13000,2022-12-05 17:35:14+00:00,2022-12-05 17:38:06+00:00,129.7599067,34.25402667,153.8,1.7,1.1000000000000227,0.5,저속 운항
1112,FF-959 부산,511,305062000,frigate,13000,2022-12-05 17:40:14+00:00,2022-12-05 17:45:04+00:00,129.76096,34.25228333,140.2,0.75,-13.600000000000023,-1.1,정박/대기
1113,FF-959 부산,512,305062000,frigate,13000,2022-12-05 17:50:04+00:00,2022-12-05 17:50:05+00:00,129.76296,34.2489,152.9,1.2,4.800000000000011,0.29999999999999993,저속 운항
1114,FF-959 부산,513,305062000,frigate,13000,2022-12-05 17:55:04+00:00,2022-12-05 17:56:15+00:00,129.7638533,34.24725667,156.3,0.9,3.4000000000000057,-0.29999999999999993,정박/대기
1115,FF-959 부산,514,305062000,frigate,13000,2022-12-05 18:00:02+00:00,2022-12-05 18:26:07+00:00,129.76472,34.24565333,173.4,1.2333333333333334,17.099999999999994,0.7999999999999999,저속 운항
1116,FF-959 부산,515,305062000,frigate,13000,2022-12-05 18:30:04+00:00,2022-12-05 18:32:16+00:00,129.76792,34.23513667,155.9,0.9,-22.900000000000006,-0.20000000000000007,정박/대기
1117,FF-959 부산,516,305062000,frigate,13000,2022-12-05 18:35:04+00:00,2022-12-05 18:35:04+00:00,129.7683733,34.23338333,162.2,1.3,6.299999999999983,0.4,저속 운항
1118,FF-959 부산,517,305062000,frigate,13000,2022-12-05 18:40:02+00:00,2022-12-05 18:44:15+00:00,129.7689067,34.23168,186.2,1.4,24.0,0.09999999999999987,우선회(24.0°) 저속 운항
1119,FF-959 부산,518,305062000,frigate,13000,2022-12-05 18:45:14+00:00,2022-12-05 19:00:02+00:00,129.76964,34.22939,167.2,1.9,-19.0,0.40000000000000013,저속 운항
1120,FF-959 부산,519,305062000,frigate,13000,2022-12-05 19:05:04+00:00,2022-12-05 19:08:16+00:00,129.7718933,34.22076667,194.9,1.1,30.099999999999994,-0.8999999999999999,우선회(30.1°) 저속 운항
1121,FF-959 부산,520,305062000,frigate,13000,2022-12-05 19:10:14+00:00,2022-12-05 19:26:06+00:00,129.7718,34.21845,180.7,1.675,-14.200000000000017,0.7999999999999998,저속 운항
1122,FF-959 부산,521,305062000,frigate,13000,2022-12-05 19:30:04+00:00,2022-12-05 19:30:04+00:00,129.77152,34.21021,170.3,1.3,-21.5,0.30000000000000004,좌선회(21.5°) 저속 운항
1123,FF-959 부산,522,305062000,frigate,13000,2022-12-05 19:35:14+00:00,2022-12-05 20:10:14+00:00,129.77184,34.20783,168.3,1.625,-2.0,0.9999999999999998,저속 운항
1124,FF-959 부산,523,305062000,frigate,13000,2022-12-05 20:15:04+00:00,2022-12-05 20:15:04+00:00,129.7767467,34.18987667,151.6,0.7,-5.099999999999994,-0.6000000000000001,정박/대기
1125,FF-959 부산,524,305062000,frigate,13000,2022-12-05 20:20:04+00:00,2022-12-05 20:20:16+00:00,129.77736,34.18754,173.7,1.1,22.099999999999994,0.40000000000000013,우선회(22.1°) 저속 운항
1126,FF-959 부산,525,305062000,frigate,13000,2022-12-05 20:25:04+00:00,2022-12-05 20:26:06+00:00,129.7777733,34.18535667,165.5,1.6,-8.199999999999989,0.5,저속 운항
1127,FF-959 부산,526,305062000,frigate,13000,2022-12-05 20:30:02+00:00,2022-12-05 20:30:02+00:00,129.77824,34.18312667,159.6,0.7,-5.900000000000006,-0.9000000000000001,정박/대기
1128,FF-959 부산,527,305062000,frigate,13000,2022-12-05 20:35:04+00:00,2022-12-05 21:38:04+00:00,129.7789333,34.18110333,168.6,1.7000000000000002,9.0,0.9000000000000001,저속 운항
1129,FF-959 부산,528,305062000,frigate,13000,2022-12-05 21:40:02+00:00,2022-12-05 21:44:15+00:00,129.78196,34.14921333,168.8,2.0,-23.69999999999999,0.8999999999999999,좌선회(23.7°) 저속 운항
1130,FF-959 부산,529,305062000,frigate,13000,2022-12-05 21:45:02+00:00,2022-12-05 21:56:16+00:00,129.7822,34.14653333,184.9,1.7333333333333334,16.099999999999994,-0.5,저속 운항
1131,FF-959 부산,530,305062000,frigate,13000,2022-12-05 22:00:04+00:00,2022-12-05 22:02:06+00:00,129.7833867,34.13943,154.9,1.3,-20.099999999999994,-1.3,좌선회(20.1°) 저속 운항
1132,FF-959 부산,531,305062000,frigate,13000,2022-12-05 22:05:04+00:00,2022-12-05 22:26:05+00:00,129.78412,34.13740333,169.7,1.3199999999999998,14.799999999999983,-0.30000000000000004,저속 운항
1133,FF-959 부산,532,305062000,frigate,13000,2022-12-05 22:30:02+00:00,2022-12-05 22:32:14+00:00,129.7885867,34.12708333,169.9,2.3,20.400000000000006,1.1999999999999997,우선회(20.4°) 저속 운항
1134,FF-959 부산,533,305062000,frigate,13000,2022-12-05 22:35:12+00:00,2022-12-05 22:35:12+00:00,129.78948,34.12506,177.8,0.7,7.900000000000006,-1.5999999999999999,정박/대기
1135,FF-959 부산,534,305062000,frigate,13000,2022-12-05 22:40:14+00:00,2022-12-05 22:50:06+00:00,129.7901333,34.12297667,175.2,1.7,-2.6000000000000227,1.3,저속 운항
1136,FF-959 부산,535,305062000,frigate,13000,2022-12-05 22:55:04+00:00,2022-12-05 22:56:15+00:00,129.79164,34.11714667,177.3,0.8,2.8000000000000114,-0.30000000000000004,정박/대기
1137,FF-959 부산,536,305062000,frigate,13000,2022-12-05 23:00:04+00:00,2022-12-05 23:00:04+00:00,129.7922267,34.11518667,159.0,2.6,-18.30000000000001,1.8,저속 운항
1138,FF-959 부산,537,305062000,frigate,13000,2022-12-05 23:05:02+00:00,2022-12-05 23:15:04+00:00,129.7927467,34.11329,181.4,0.6,22.400000000000006,-2.2,정박/대기
1139,FF-959 부산,538,305062000,frigate,13000,2022-12-05 23:20:04+00:00,2022-12-05 23:20:15+00:00,129.7948933,34.10773667,179.4,1.2,25.599999999999994,0.3999999999999999,우선회(25.6°) 저속 운항
1140,FF-959 부산,539,305062000,frigate,13000,2022-12-05 23:25:04+00:00,2022-12-05 23:44:14+00:00,129.7956267,34.10561667,164.4,1.75,-15.0,0.9000000000000001,저속 운항
1141,FF-959 부산,540,305062000,frigate,13000,2022-12-05 23:45:00+00:00,2022-12-05 23:45:00+00:00,129.7988,34.09738,238.6,3.7,103.1,2.5,우선회(103.1°) 가속 저속 운항
1142,FF-959 부산,541,305062000,frigate,13000,2022-12-05 23:50:02+00:00,2022-12-05 23:50:04+00:00,129.7939467,34.10137,347.9,7.0,109.29999999999998,3.3,우선회(109.3°) 가속 이동/통과
1143,FF-959 부산,542,305062000,frigate,13000,2022-12-05 23:55:02+00:00,2022-12-05 23:56:16+00:00,129.79012,34.11310333,345.8,9.6,-2.099999999999966,2.5999999999999996,가속 이동/통과
1144,FF-959 부산,543,305062000,frigate,13000,2022-12-06 00:00:04+00:00,2022-12-06 02:08:00+00:00,129.7860133,34.12625667,346.1,10.085714285714285,0.30000000000001137,0.3000000000000007,이동/통과
1145,FF-959 부산,544,305062000,frigate,13000,2022-12-06 02:10:08+00:00,2022-12-06 02:10:08+00:00,129.71344,34.47803,0.3,4.0,-2.2,-6.0,감속 저속 운항
1146,FF-959 부산,545,305062000,frigate,13000,2022-12-06 02:15:08+00:00,2022-12-06 02:30:08+00:00,129.7129733,34.48039667,257.8,0.7,-102.5,-3.8,정박/대기
1147,FF-959 부산,546,305062000,frigate,13000,2022-12-06 02:35:08+00:00,2022-12-06 02:45:08+00:00,129.7186,34.47778333,104.7,1.1666666666666667,-2.299999999999997,0.09999999999999998,저속 운항
1148,FF-959 부산,547,305062000,frigate,13000,2022-12-06 02:50:08+00:00,2022-12-06 02:50:11+00:00,129.7240533,34.47581333,99.3,0.9,-22.200000000000003,-0.6,정박/대기
1149,FF-959 부산,548,305062000,frigate,13000,2022-12-06 02:55:08+00:00,2022-12-06 02:56:00+00:00,129.7258,34.47510667,115.6,1.2,16.299999999999997,0.29999999999999993,저속 운항
1150,FF-959 부산,549,305062000,frigate,13000,2022-12-06 03:00:08+00:00,2022-12-06 03:08:00+00:00,129.7273467,34.47443,99.6,0.8,-16.0,-0.3999999999999999,정박/대기
1151,FF-959 부산,550,305062000,frigate,13000,2022-12-06 03:10:08+00:00,2022-12-06 03:10:08+00:00,129.73016,34.47332333,130.0,1.0,5.900000000000006,0.19999999999999996,저속 운항
1152,FF-959 부산,551,305062000,frigate,13000,2022-12-06 03:15:08+00:00,2022-12-06 03:20:00+00:00,129.7314667,34.47289667,101.3,0.5,-28.700000000000003,-0.5,정박/대기
1153,FF-959 부산,552,305062000,frigate,13000,2022-12-06 03:20:08+00:00,2022-12-06 03:20:08+00:00,129.7329467,34.47254333,104.1,1.1,2.799999999999997,0.6000000000000001,저속 운항
1154,FF-959 부산,553,305062000,frigate,13000,2022-12-06 03:25:08+00:00,2022-12-06 03:44:01+00:00,129.73424,34.472,140.1,0.7,36.0,-0.40000000000000013,정박/대기
1155,FF-959 부산,554,305062000,frigate,13000,2022-12-06 03:45:08+00:00,2022-12-06 03:50:18+00:00,129.7392133,34.47046,82.0,1.05,4.0,0.40000000000000013,저속 운항
1156,FF-959 부산,555,305062000,frigate,13000,2022-12-06 03:55:08+00:00,2022-12-06 03:55:08+00:00,129.7426267,34.47063667,69.4,1.1,-28.39999999999999,0.10000000000000009,좌선회(28.4°) 저속 운항
1157,FF-959 부산,556,305062000,frigate,13000,2022-12-06 04:00:08+00:00,2022-12-06 04:02:11+00:00,129.7443733,34.47061333,92.7,1.1,23.299999999999997,0.0,우선회(23.3°) 저속 운항
1158,FF-959 부산,557,305062000,frigate,13000,2022-12-06 04:05:08+00:00,2022-12-06 04:08:00+00:00,129.74612,34.47035667,84.3,1.0,-8.400000000000006,-0.10000000000000009,저속 운항
1159,FF-959 부산,558,305062000,frigate,13000,2022-12-06 04:10:08+00:00,2022-12-06 04:19:59+00:00,129.74776,34.47041333,85.5,0.6,1.2000000000000028,-0.09999999999999998,정박/대기
1160,FF-959 부산,559,305062000,frigate,13000,2022-12-06 04:20:08+00:00,2022-12-06 04:20:08+00:00,129.7508133,34.47007667,108.5,1.0,50.4,0.7,우선회(50.4°) 저속 운항
1161,FF-959 부산,560,305062000,frigate,13000,2022-12-06 04:25:08+00:00,2022-12-06 04:40:08+00:00,129.7527467,34.46974333,89.4,1.15,-19.099999999999994,0.10000000000000009,저속 운항
1162,FF-959 부산,561,305062000,frigate,13000,2022-12-06 04:44:01+00:00,2022-12-06 04:45:08+00:00,129.7599067,34.46926,102.0,0.7,10.0,-0.5,정박/대기
1163,FF-959 부산,562,305062000,frigate,13000,2022-12-06 04:50:08+00:00,2022-12-06 04:55:59+00:00,129.7624133,34.46889333,95.4,1.2000000000000002,8.100000000000009,0.6000000000000001,저속 운항
1164,FF-959 부산,563,305062000,frigate,13000,2022-12-06 05:00:08+00:00,2022-12-06 05:00:08+00:00,129.7658667,34.46803667,112.1,0.7,17.299999999999997,-0.40000000000000013,정박/대기
1165,FF-959 부산,564,305062000,frigate,13000,2022-12-06 05:05:08+00:00,2022-12-06 05:08:01+00:00,129.7676533,34.46793333,87.5,1.4,-24.599999999999994,0.7,좌선회(24.6°) 저속 운항
1166,FF-959 부산,565,305062000,frigate,13000,2022-12-06 05:10:08+00:00,2022-12-06 05:26:10+00:00,129.7692533,34.46810667,98.3,1.325,10.799999999999997,-0.19999999999999996,저속 운항
1167,FF-959 부산,566,305062000,frigate,13000,2022-12-06 05:30:08+00:00,2022-12-06 05:30:08+00:00,129.7774933,34.46640667,94.2,1.2,-24.5,-0.10000000000000009,좌선회(24.5°) 저속 운항
1168,FF-959 부산,567,305062000,frigate,13000,2022-12-06 05:35:08+00:00,2022-12-06 05:35:08+00:00,129.7796933,34.46644333,89.6,1.0,-4.6000000000000085,-0.19999999999999996,저속 운항
1169,FF-959 부산,568,305062000,frigate,13000,2022-12-06 05:40:18+00:00,2022-12-06 05:44:00+00:00,129.7818,34.46632,80.7,0.9,-8.899999999999991,-0.09999999999999998,정박/대기
1170,FF-959 부산,569,305062000,frigate,13000,2022-12-06 05:45:28+00:00,2022-12-06 07:00:08+00:00,129.7840133,34.46611667,98.9,1.2888888888888888,18.200000000000003,0.4,저속 운항
1171,FF-959 부산,570,305062000,frigate,13000,2022-12-06 07:05:38+00:00,2022-12-06 07:05:38+00:00,129.8165867,34.46247667,91.4,0.9,-16.5,-0.29999999999999993,정박/대기
1172,FF-959 부산,571,305062000,frigate,13000,2022-12-06 07:10:08+00:00,2022-12-06 07:14:10+00:00,129.8181867,34.46213333,110.8,1.1,19.39999999999999,0.20000000000000007,저속 운항
1173,FF-959 부산,572,305062000,frigate,13000,2022-12-06 07:15:08+00:00,2022-12-06 07:15:08+00:00,129.82008,34.46168667,70.0,1.1,-40.8,0.0,좌선회(40.8°) 저속 운항
1174,FF-959 부산,573,305062000,frigate,13000,2022-12-06 07:20:08+00:00,2022-12-06 07:20:08+00:00,129.8218267,34.46122333,114.3,0.9,44.3,-0.20000000000000007,정박/대기
1175,FF-959 부산,574,305062000,frigate,13000,2022-12-06 07:25:08+00:00,2022-12-06 07:26:11+00:00,129.8234267,34.46064,115.3,1.2,1.0,0.29999999999999993,저속 운항
1176,FF-959 부산,575,305062000,frigate,13000,2022-12-06 07:30:08+00:00,2022-12-06 07:32:00+00:00,129.82492,34.46016,92.8,0.6,-22.5,-0.6,정박/대기
1177,FF-959 부산,576,305062000,frigate,13000,2022-12-06 07:35:08+00:00,2022-12-06 07:38:11+00:00,129.82624,34.45937333,118.8,1.2,26.0,0.6,우선회(26.0°) 저속 운항
1178,FF-959 부산,577,305062000,frigate,13000,2022-12-06 07:40:08+00:00,2022-12-06 07:40:08+00:00,129.8276267,34.45862333,120.3,0.9,1.5,-0.29999999999999993,정박/대기
1179,FF-959 부산,578,305062000,frigate,13000,2022-12-06 07:45:28+00:00,2022-12-06 07:50:09+00:00,129.8292533,34.45787333,115.7,1.15,-4.599999999999994,0.29999999999999993,저속 운항
1180,FF-959 부산,579,305062000,frigate,13000,2022-12-06 07:55:08+00:00,2022-12-06 07:56:00+00:00,129.83192,34.45664,122.4,0.8,-4.799999999999997,-0.30000000000000004,정박/대기
1181,FF-959 부산,580,305062000,frigate,13000,2022-12-06 08:00:08+00:00,2022-12-06 08:15:08+00:00,129.8336,34.45606333,106.8,1.05,-5.200000000000003,0.30000000000000004,저속 운항
1182,FF-959 부산,581,305062000,frigate,13000,2022-12-06 08:20:00+00:00,2022-12-06 08:20:08+00:00,129.8388533,34.4548,104.0,0.7,4.099999999999994,-0.19999999999999996,정박/대기
1183,FF-959 부산,582,305062000,frigate,13000,2022-12-06 08:25:08+00:00,2022-12-06 08:26:11+00:00,129.84136,34.45434,106.2,1.1,17.60000000000001,0.5000000000000001,저속 운항
1184,FF-959 부산,583,305062000,frigate,13000,2022-12-06 08:30:08+00:00,2022-12-06 08:56:00+00:00,129.8428,34.45396333,101.1,0.8666666666666667,-5.1000000000000085,-0.20000000000000007,정박/대기
1185,FF-959 부산,584,305062000,frigate,13000,2022-12-06 09:00:08+00:00,2022-12-06 09:00:08+00:00,129.8509733,34.45146333,112.0,1.1,-7.799999999999997,0.20000000000000007,저속 운항
1186,FF-959 부산,585,305062000,frigate,13000,2022-12-06 09:05:08+00:00,2022-12-06 09:05:08+00:00,129.8525067,34.45107,88.5,1.0,-23.5,-0.10000000000000009,좌선회(23.5°) 저속 운항
1187,FF-959 부산,586,305062000,frigate,13000,2022-12-06 09:10:08+00:00,2022-12-06 09:20:00+00:00,129.8543067,34.45070667,105.7,1.0999999999999999,17.200000000000003,0.19999999999999996,저속 운항
1188,FF-959 부산,587,305062000,frigate,13000,2022-12-06 09:20:08+00:00,2022-12-06 09:30:08+00:00,129.8574667,34.44966333,127.9,0.7999999999999999,18.10000000000001,-0.20000000000000007,정박/대기
1189,FF-959 부산,588,305062000,frigate,13000,2022-12-06 09:35:18+00:00,2022-12-06 09:38:10+00:00,129.8611867,34.44828,117.6,1.1,24.599999999999994,0.40000000000000013,우선회(24.6°) 저속 운항
1190,FF-959 부산,589,305062000,frigate,13000,2022-12-06 09:40:08+00:00,2022-12-06 09:44:01+00:00,129.8625467,34.44795667,117.6,0.7,0.0,-0.40000000000000013,정박/대기
1191,FF-959 부산,590,305062000,frigate,13000,2022-12-06 09:45:08+00:00,2022-12-06 09:50:38+00:00,129.8639467,34.44759,117.2,1.2,-0.3999999999999915,0.30000000000000004,저속 운항
1192,FF-959 부산,591,305062000,frigate,13000,2022-12-06 09:55:08+00:00,2022-12-06 10:00:08+00:00,129.86668,34.44683,112.3,0.75,-9.600000000000009,-0.7999999999999999,정박/대기
1193,FF-959 부산,592,305062000,frigate,13000,2022-12-06 10:05:08+00:00,2022-12-06 10:20:00+00:00,129.8692533,34.44649667,117.3,1.2666666666666666,11.200000000000003,0.4999999999999999,저속 운항
1194,FF-959 부산,593,305062000,frigate,13000,2022-12-06 10:20:08+00:00,2022-12-06 10:32:00+00:00,129.8735467,34.44638333,88.3,0.85,-9.200000000000003,-0.19999999999999996,정박/대기
1195,FF-959 부산,594,305062000,frigate,13000,2022-12-06 10:35:08+00:00,2022-12-06 10:40:08+00:00,129.87844,34.44666667,76.8,1.1,-1.7000000000000028,0.19999999999999996,저속 운항
1196,FF-959 부산,595,305062000,frigate,13000,2022-12-06 10:45:08+00:00,2022-12-06 10:45:08+00:00,129.88208,34.44709333,72.5,0.9,-2.9000000000000057,-0.29999999999999993,정박/대기
1197,FF-959 부산,596,305062000,frigate,13000,2022-12-06 10:50:08+00:00,2022-12-06 10:55:18+00:00,129.8839467,34.44716667,77.6,1.05,5.099999999999994,0.09999999999999998,저속 운항
1198,FF-959 부산,597,305062000,frigate,13000,2022-12-06 11:00:08+00:00,2022-12-06 11:14:12+00:00,129.8872667,34.44756667,81.0,0.85,5.400000000000006,-0.20000000000000007,정박/대기
1199,FF-959 부산,598,305062000,frigate,13000,2022-12-06 11:15:18+00:00,2022-12-06 11:15:18+00:00,129.89172,34.44873333,78.4,1.1,11.400000000000006,0.30000000000000004,저속 운항
1200,FF-959 부산,599,305062000,frigate,13000,2022-12-06 11:20:08+00:00,2022-12-06 11:20:08+00:00,129.8930933,34.44924667,57.1,1.0,-21.300000000000004,-0.10000000000000009,좌선회(21.3°) 저속 운항
1201,FF-959 부산,600,305062000,frigate,13000,2022-12-06 11:25:08+00:00,2022-12-06 11:26:11+00:00,129.8946933,34.44974667,72.3,0.9,15.199999999999996,0.0,정박/대기
1202,FF-959 부산,601,305062000,frigate,13000,2022-12-06 11:30:08+00:00,2022-12-06 11:38:11+00:00,129.8963733,34.45026,63.5,1.05,2.5,0.30000000000000004,저속 운항
1203,FF-959 부산,602,305062000,frigate,13000,2022-12-06 11:40:08+00:00,2022-12-06 11:43:59+00:00,129.8997733,34.45114,63.8,0.8500000000000001,-9.200000000000003,-0.09999999999999998,정박/대기
1204,FF-959 부산,603,305062000,frigate,13000,2022-12-06 11:45:08+00:00,2022-12-06 11:50:18+00:00,129.9013467,34.45161,76.3,1.0,0.29999999999999716,0.19999999999999996,저속 운항
1205,FF-959 부산,604,305062000,frigate,13000,2022-12-06 11:55:18+00:00,2022-12-06 12:08:02+00:00,129.9048933,34.45221,72.2,0.9,-3.299999999999997,-0.09999999999999998,정박/대기
1206,FF-959 부산,605,305062000,frigate,13000,2022-12-06 12:10:08+00:00,2022-12-06 12:20:00+00:00,129.9100133,34.45389667,68.3,1.4,9.699999999999996,0.4999999999999999,저속 운항
1207,FF-959 부산,606,305062000,frigate,13000,2022-12-06 12:20:08+00:00,2022-12-06 12:20:08+00:00,129.9141333,34.45455,137.9,1.0,60.5,-0.3999999999999999,우선회(60.5°) 저속 운항
1208,FF-959 부산,607,305062000,frigate,13000,2022-12-06 12:25:08+00:00,2022-12-06 12:26:10+00:00,129.9102533,34.45397,272.5,6.0,134.6,5.0,우선회(134.6°) 가속 이동/통과
1209,FF-959 부산,608,305062000,frigate,13000,2022-12-06 12:30:08+00:00,2022-12-06 12:30:08+00:00,129.8965867,34.45501667,271.2,9.2,-1.3000000000000114,3.1999999999999993,가속 이동/통과
1210,FF-959 부산,609,305062000,frigate,13000,2022-12-06 12:35:08+00:00,2022-12-06 13:19:59+00:00,129.8806,34.45632667,274.1,10.97,2.900000000000034,0.7000000000000011,이동/통과
1211,FF-959 부산,610,305062000,frigate,13000,2022-12-06 13:20:08+00:00,2022-12-06 13:20:08+00:00,129.7141067,34.46313333,272.3,8.8,4.0,-2.299999999999999,감속 이동/통과
1212,FF-959 부산,611,305062000,frigate,13000,2022-12-06 13:25:08+00:00,2022-12-06 13:30:08+00:00,129.70312,34.46387,284.4,2.75,12.099999999999966,-4.800000000000001,감속 저속 운항
1213,FF-959 부산,612,305062000,frigate,13000,2022-12-06 13:35:08+00:00,2022-12-06 13:45:08+00:00,129.6977067,34.46562,9.3,0.8666666666666667,96.19999999999999,-0.7,정박/대기
1214,FF-959 부산,613,305062000,frigate,13000,2022-12-06 13:50:08+00:00,2022-12-06 13:50:08+00:00,129.70176,34.46715,91.7,1.0,8.700000000000003,0.09999999999999998,저속 운항
1215,FF-959 부산,614,305062000,frigate,13000,2022-12-06 13:55:08+00:00,2022-12-06 14:05:08+00:00,129.7032533,34.4672,93.7,0.8333333333333334,2.0,-0.09999999999999998,정박/대기
1216,FF-959 부산,615,305062000,frigate,13000,2022-12-06 14:10:08+00:00,2022-12-06 14:14:10+00:00,129.7078,34.46672333,106.0,1.0,-2.0,0.09999999999999998,저속 운항
1217,FF-959 부산,616,305062000,frigate,13000,2022-12-06 14:15:08+00:00,2022-12-06 14:20:01+00:00,129.7092267,34.46675333,93.5,0.8,-12.5,-0.19999999999999996,정박/대기
1218,FF-959 부산,617,305062000,frigate,13000,2022-12-06 14:20:08+00:00,2022-12-06 14:20:08+00:00,129.71092,34.46671667,69.6,1.0,-23.900000000000006,0.19999999999999996,좌선회(23.9°) 저속 운항
1219,FF-959 부산,618,305062000,frigate,13000,2022-12-06 14:25:08+00:00,2022-12-06 14:25:08+00:00,129.7128933,34.46671667,89.7,1.1,20.10000000000001,0.10000000000000009,우선회(20.1°) 저속 운항
1220,FF-959 부산,619,305062000,frigate,13000,2022-12-06 14:30:08+00:00,2022-12-06 14:30:08+00:00,129.71496,34.46663667,91.7,0.9,2.0,-0.20000000000000007,정박/대기
1221,FF-959 부산,620,305062000,frigate,13000,2022-12-06 14:35:18+00:00,2022-12-06 14:35:18+00:00,129.7168267,34.46628333,123.0,1.2,31.299999999999997,0.29999999999999993,우선회(31.3°) 저속 운항
1222,FF-959 부산,621,305062000,frigate,13000,2022-12-06 14:40:08+00:00,2022-12-06 14:40:08+00:00,129.71872,34.46576333,99.5,1.4,-23.5,0.19999999999999996,좌선회(23.5°) 저속 운항
1223,FF-959 부산,622,305062000,frigate,13000,2022-12-06 14:44:00+00:00,2022-12-06 14:44:00+00:00,129.7195867,34.4656,97.0,1.5,-2.5,0.10000000000000009,저속 운항
1224,FF-959 부산,623,305062000,frigate,13000,2022-12-06 14:45:08+00:00,2022-12-06 15:08:00+00:00,129.7207067,34.46541,82.2,0.89,-14.799999999999997,-0.7,정박/대기
1225,FF-959 부산,624,305062000,frigate,13000,2022-12-06 15:10:01+00:00,2022-12-06 15:14:10+00:00,129.72824,34.46303333,119.0,1.15,-5.0,0.09999999999999998,저속 운항
1226,FF-959 부산,625,305062000,frigate,13000,2022-12-06 15:15:28+00:00,2022-12-06 15:20:01+00:00,129.7301333,34.46213667,128.9,0.9,4.0,-0.4,정박/대기
1227,FF-959 부산,626,305062000,frigate,13000,2022-12-06 15:20:18+00:00,2022-12-06 15:20:18+00:00,129.7315733,34.46135667,122.3,1.2,-6.6000000000000085,0.29999999999999993,저속 운항
1228,FF-959 부산,627,305062000,frigate,13000,2022-12-06 15:25:08+00:00,2022-12-06 15:26:09+00:00,129.7328667,34.46064,113.3,0.7,-9.0,-0.5,정박/대기
1229,FF-959 부산,628,305062000,frigate,13000,2022-12-06 15:30:08+00:00,2022-12-06 15:44:01+00:00,129.73416,34.45985,127.5,1.2,14.200000000000003,0.30000000000000004,저속 운항
1230,FF-959 부산,629,305062000,frigate,13000,2022-12-06 15:45:08+00:00,2022-12-06 15:56:00+00:00,129.7387867,34.45719,114.4,0.9,-7.099999999999994,-0.09999999999999998,정박/대기
1231,FF-959 부산,630,305062000,frigate,13000,2022-12-06 16:00:08+00:00,2022-12-06 16:10:48+00:00,129.7431867,34.45459667,129.2,1.0999999999999999,4.099999999999994,0.20000000000000007,저속 운항
1232,FF-959 부산,631,305062000,frigate,13000,2022-12-06 16:14:09+00:00,2022-12-06 16:20:00+00:00,129.7474667,34.45271,127.0,0.9,9.700000000000003,-0.29999999999999993,정박/대기
1233,FF-959 부산,632,305062000,frigate,13000,2022-12-06 16:20:18+00:00,2022-12-06 16:35:08+00:00,129.7493867,34.45157333,130.3,1.15,-0.09999999999999432,0.29999999999999993,저속 운항
1234,FF-959 부산,633,305062000,frigate,13000,2022-12-06 16:40:18+00:00,2022-12-06 16:45:08+00:00,129.7553867,34.44835333,117.4,0.8,-7.8999999999999915,-0.3999999999999999,정박/대기
1235,FF-959 부산,634,305062000,frigate,13000,2022-12-06 16:50:08+00:00,2022-12-06 16:50:11+00:00,129.7579467,34.44682667,135.9,1.0,11.700000000000003,0.19999999999999996,저속 운항
1236,FF-959 부산,635,305062000,frigate,13000,2022-12-06 16:55:08+00:00,2022-12-06 17:56:02+00:00,129.7591733,34.44608,115.4,0.7464285714285713,-20.5,-0.30000000000000004,정박/대기
1237,FF-959 부산,636,305062000,frigate,13000,2022-12-06 18:00:08+00:00,2022-12-06 18:25:08+00:00,129.77072,34.43475333,141.8,1.0833333333333333,-16.19999999999999,0.30000000000000004,저속 운항
1238,FF-959 부산,637,305062000,frigate,13000,2022-12-06 18:30:08+00:00,2022-12-06 18:30:08+00:00,129.7775333,34.42810333,143.7,0.9,9.299999999999983,-0.29999999999999993,정박/대기
1239,FF-959 부산,638,305062000,frigate,13000,2022-12-06 18:35:08+00:00,2022-12-06 19:20:02+00:00,129.7786667,34.42692333,146.4,1.1777777777777778,2.700000000000017,0.20000000000000007,저속 운항
1240,FF-959 부산,639,305062000,frigate,13000,2022-12-06 19:20:08+00:00,2022-12-06 19:20:08+00:00,129.7888933,34.41563333,140.3,0.8,1.200000000000017,-0.5,정박/대기
1241,FF-959 부산,640,305062000,frigate,13000,2022-12-06 19:25:18+00:00,2022-12-06 19:50:08+00:00,129.7902533,34.41422667,139.6,1.1833333333333333,-0.700000000000017,0.3999999999999999,저속 운항
1242,FF-959 부산,641,305062000,frigate,13000,2022-12-06 19:55:08+00:00,2022-12-06 19:55:59+00:00,129.7979067,34.40598667,147.7,0.8,4.299999999999983,-0.5,정박/대기
1243,FF-959 부산,642,305062000,frigate,13000,2022-12-06 20:00:08+00:00,2022-12-06 20:44:01+00:00,129.7990933,34.40461667,148.8,1.375,1.1000000000000227,0.19999999999999996,저속 운항
1244,FF-959 부산,643,305062000,frigate,13000,2022-12-06 20:45:08+00:00,2022-12-06 20:45:08+00:00,129.8093733,34.38985667,153.2,0.8,0.5999999999999943,-0.5,정박/대기
1245,FF-959 부산,644,305062000,frigate,13000,2022-12-06 20:50:08+00:00,2022-12-06 20:50:08+00:00,129.8107067,34.38882333,123.7,1.1,-29.499999999999986,0.30000000000000004,좌선회(29.5°) 저속 운항
1246,FF-959 부산,645,305062000,frigate,13000,2022-12-06 20:55:18+00:00,2022-12-06 20:56:01+00:00,129.8120267,34.38787,102.0,1.1,-21.700000000000003,0.0,좌선회(21.7°) 저속 운항
1247,FF-959 부산,646,305062000,frigate,13000,2022-12-06 21:00:08+00:00,2022-12-06 21:00:08+00:00,129.8134667,34.38674667,132.9,1.3,30.900000000000006,0.19999999999999996,우선회(30.9°) 저속 운항
1248,FF-959 부산,647,305062000,frigate,13000,2022-12-06 21:05:08+00:00,2022-12-06 21:20:02+00:00,129.8150533,34.38584,123.0,1.1833333333333333,-9.900000000000006,-0.19999999999999996,저속 운항
1249,FF-959 부산,648,305062000,frigate,13000,2022-12-06 21:20:18+00:00,2022-12-06 21:20:18+00:00,129.8202667,34.38284,115.7,0.8,-4.299999999999997,-0.3999999999999999,정박/대기
1250,FF-959 부산,649,305062000,frigate,13000,2022-12-06 21:25:08+00:00,2022-12-06 21:25:08+00:00,129.8218133,34.38205,123.2,1.2,7.5,0.3999999999999999,저속 운항
1251,FF-959 부산,650,305062000,frigate,13000,2022-12-06 21:30:08+00:00,2022-12-06 21:32:00+00:00,129.8236533,34.38121667,115.8,0.9,-7.400000000000006,-0.29999999999999993,정박/대기
1252,FF-959 부산,651,305062000,frigate,13000,2022-12-06 21:35:08+00:00,2022-12-07 07:20:02+00:00,129.8253067,34.38057333,117.4,1.930327868852459,1.6000000000000085,0.20000000000000007,저속 운항
1253,FF-959 부산,652,305062000,frigate,13000,2022-12-07 07:20:18+00:00,2022-12-07 07:20:18+00:00,130.18524,34.44258667,35.5,3.3,-51.5,1.1999999999999997,좌선회(51.5°) 저속 운항
1254,FF-959 부산,653,305062000,frigate,13000,2022-12-07 07:25:08+00:00,2022-12-07 07:25:08+00:00,130.1832533,34.44775,279.3,5.9,-116.19999999999999,2.6000000000000005,좌선회(116.2°) 가속 이동/통과
1255,FF-959 부산,654,305062000,frigate,13000,2022-12-07 07:30:08+00:00,2022-12-07 07:30:08+00:00,130.1692267,34.44883333,268.7,9.2,-10.600000000000023,3.299999999999999,가속 이동/통과
1256,FF-959 부산,655,305062000,frigate,13000,2022-12-07 07:35:18+00:00,2022-12-07 09:55:08+00:00,130.1530533,34.45027,278.0,9.716129032258063,9.300000000000011,0.20000000000000107,이동/통과
1257,FF-959 부산,656,305062000,frigate,13000,2022-12-07 10:00:08+00:00,2022-12-07 10:00:08+00:00,129.68604,34.49214,275.0,4.9,-1.1000000000000227,-5.199999999999999,감속 저속 운항
1258,FF-959 부산,657,305062000,frigate,13000,2022-12-07 10:05:08+00:00,2022-12-07 10:05:08+00:00,129.6812,34.49287667,321.3,1.6,46.30000000000001,-3.3000000000000003,우선회(46.3°) 감속 저속 운항
1259,FF-959 부산,658,305062000,frigate,13000,2022-12-07 10:08:01+00:00,2022-12-07 10:15:08+00:00,129.6805333,34.49362,285.0,0.75,-36.30000000000001,-0.6000000000000001,정박/대기
1260,FF-959 부산,659,305062000,frigate,13000,2022-12-07 10:20:08+00:00,2022-12-07 10:20:08+00:00,129.6829867,34.49489667,92.1,1.3,3.299999999999997,0.6000000000000001,저속 운항
1261,FF-959 부산,660,305062000,frigate,13000,2022-12-07 10:25:08+00:00,2022-12-07 10:26:11+00:00,129.6847467,34.49449333,103.8,0.9,11.700000000000003,-0.4,정박/대기
1262,FF-959 부산,661,305062000,frigate,13000,2022-12-07 10:30:08+00:00,2022-12-07 11:35:08+00:00,129.6865333,34.49395333,107.8,1.1857142857142857,4.0,0.29999999999999993,저속 운항
1263,FF-959 부산,662,305062000,frigate,13000,2022-12-07 11:40:08+00:00,2022-12-07 11:44:01+00:00,129.7134133,34.48567333,102.2,0.9,4.6000000000000085,-0.09999999999999998,정박/대기
1264,FF-959 부산,663,305062000,frigate,13000,2022-12-07 11:45:18+00:00,2022-12-07 12:38:11+00:00,129.7154933,34.48522,94.7,1.2166666666666666,-7.299999999999997,0.20000000000000007,저속 운항
1265,FF-959 부산,664,305062000,frigate,13000,2022-12-07 12:40:08+00:00,2022-12-07 12:40:08+00:00,129.73804,34.48161333,83.2,1.3,-21.799999999999997,-0.09999999999999987,좌선회(21.8°) 저속 운항
1266,FF-959 부산,665,305062000,frigate,13000,2022-12-07 12:43:59+00:00,2022-12-07 14:55:08+00:00,129.7388933,34.48160333,86.0,1.3483870967741935,2.799999999999997,-0.10000000000000009,저속 운항
1267,FF-959 부산,666,305062000,frigate,13000,2022-12-07 15:00:08+00:00,2022-12-07 15:00:08+00:00,129.80344,34.48573333,49.9,3.8,-37.50000000000001,2.5999999999999996,좌선회(37.5°) 가속 저속 운항
1268,FF-959 부산,667,305062000,frigate,13000,2022-12-07 15:05:02+00:00,2022-12-07 15:07:59+00:00,129.8023867,34.48972333,246.0,4.7,-163.9,0.9000000000000004,좌선회(163.9°) 저속 운항
1269,FF-959 부산,668,305062000,frigate,13000,2022-12-07 15:10:08+00:00,2022-12-07 15:10:08+00:00,129.7953733,34.48097667,212.1,8.7,-33.900000000000006,3.999999999999999,좌선회(33.9°) 가속 이동/통과
1270,FF-959 부산,669,305062000,frigate,13000,2022-12-07 15:15:18+00:00,2022-12-07 19:31:59+00:00,129.7867733,34.47039,219.8,9.167241379310346,7.700000000000017,0.20000000000000107,이동/통과
1271,FF-959 부산,670,305062000,frigate,13000,2022-12-07 19:35:08+00:00,2022-12-07 19:38:11+00:00,129.3096667,33.93597333,237.7,9.1,21.899999999999977,-0.40000000000000036,우선회(21.9°) 이동/통과
1272,FF-959 부산,671,305062000,frigate,13000,2022-12-07 19:40:08+00:00,2022-12-08 04:58:20+00:00,129.2960267,33.92912667,239.2,9.86060606060606,1.5,0.40000000000000036,이동/통과
1273,FF-961 청주,0,538009442,frigate,13000,2022-12-02 09:21:17+00:00,2022-12-02 22:49:14+00:00,131.2279533,35.82323333,220.6,11.6019801980198,0.0,0.0,이동/통과
1274,FF-961 청주,1,538009442,frigate,13000,2022-12-02 22:50:08+00:00,2022-12-02 22:50:08+00:00,129.206955,33.82022333,253.2,11.3,21.19999999999999,0.0,우선회(21.2°) 이동/통과
1275,FF-961 청주,2,538009442,frigate,13000,2022-12-02 22:55:08+00:00,2022-12-03 01:58:57+00:00,129.1886333,33.81626833,256.4,11.897297297297296,3.1999999999999886,0.09999999999999964,이동/통과
1276,FF-961 청주,3,538009442,frigate,13000,2022-12-03 12:23:33+00:00,2022-12-03 12:23:33+00:00,127.34682,31.82225,195.6,11.4,-41.70000000000002,-0.5999999999999996,좌선회(41.7°) 이동/통과
1277,FFG-813 전북,0,636022499,frigate,13000,2022-12-02 06:29:44+00:00,2022-12-02 10:35:32+00:00,125.97155,32.28276333,64.0,12.675,0.0,0.0,이동/통과
1278,FFG-813 전북,1,636022499,frigate,13000,2022-12-02 17:56:52+00:00,2022-12-02 17:56:52+00:00,128.3159167,33.69492167,36.5,13.8,-27.599999999999994,0.8000000000000007,좌선회(27.6°) 이동/통과
1279,FFG-813 전북,2,636022499,frigate,13000,2022-12-02 18:14:31+00:00,2022-12-02 23:47:31+00:00,128.36401,33.74983,35.2,14.119230769230768,-1.2999999999999972,0.0,이동/통과
1280,FFG-813 전북,3,636022499,frigate,13000,2022-12-03 00:33:07+00:00,2022-12-03 00:33:07+00:00,129.454365,34.93326167,63.5,13.9,21.799999999999997,-0.09999999999999964,우선회(21.8°) 이동/통과
1281,FFG-813 전북,4,636022499,frigate,13000,2022-12-03 01:29:23+00:00,2022-12-03 01:29:23+00:00,129.5703333,35.12127333,16.8,14.4,-46.7,0.5,좌선회(46.7°) 이동/통과
1282,FFG-813 전북,5,636022499,frigate,13000,2022-12-03 04:33:50+00:00,2022-12-03 04:33:50+00:00,129.87338,35.79999,17.5,13.8,0.6999999999999993,-0.5999999999999996,이동/통과
1283,FFG-813 전북,6,636022499,frigate,13000,2022-12-11 15:31:31+00:00,2022-12-11 15:31:31+00:00,129.7495867,35.65624,206.5,10.7,-171.0,-3.1000000000000014,좌선회(171.0°) 감속 이동/통과
1284,FFG-813 전북,7,636022499,frigate,13000,2022-12-11 16:19:48+00:00,2022-12-12 03:59:38+00:00,129.6923417,35.52872667,201.9,11.605970149253732,-4.599999999999994,-0.7999999999999989,이동/통과
1285,FFG-817 광주,0,636015431,frigate,13000,2022-12-01 00:00:24+00:00,2022-12-01 07:00:04+00:00,129.7955333,32.72490333,76.0,0.2666991341991342,0.0,0.0,정박/대기
1286,FFG-817 광주,1,636015431,frigate,13000,2022-12-01 07:00:17+00:00,2022-12-01 07:04:38+00:00,129.7960983,32.72413833,258.0,1.8999999999999997,127.80000000000001,1.2,우선회(127.8°) 저속 운항
1287,FFG-817 광주,2,636015431,frigate,13000,2022-12-01 07:05:36+00:00,2022-12-01 07:05:36+00:00,129.7894333,32.72478667,282.2,5.9,24.19999999999999,4.0,우선회(24.2°) 가속 이동/통과
1288,FFG-817 광주,3,636015431,frigate,13000,2022-12-01 07:10:26+00:00,2022-12-01 07:10:38+00:00,129.778345,32.72724167,285.6,8.1,3.400000000000034,2.1999999999999993,가속 이동/통과
1289,FFG-817 광주,4,636015431,frigate,13000,2022-12-01 07:15:05+00:00,2022-12-01 07:28:41+00:00,129.7650983,32.72964167,268.3,10.033333333333333,-17.30000000000001,1.200000000000001,이동/통과
1290,FFG-817 광주,5,636015431,frigate,13000,2022-12-01 07:30:07+00:00,2022-12-01 07:34:39+00:00,129.7155333,32.72494,225.8,9.2,-39.5,-1.3000000000000007,좌선회(39.5°) 이동/통과
1291,FFG-817 광주,6,636015431,frigate,13000,2022-12-01 07:35:07+00:00,2022-12-01 11:40:38+00:00,129.70561,32.714175,215.8,12.61896551724138,-10.0,1.1000000000000014,이동/통과
1292,FFG-818 대구,0,352002106,frigate,13000,2022-12-01 00:00:04+00:00,2022-12-01 00:00:04+00:00,129.2065833,34.95156667,274.0,2.1,0.0,0.0,저속 운항
1293,FFG-818 대구,1,352002106,frigate,13000,2022-12-01 00:05:04+00:00,2022-12-01 00:06:56+00:00,129.2034167,34.95095,245.0,1.8,-29.0,-0.30000000000000004,좌선회(29.0°) 저속 운항
1294,FFG-818 대구,2,352002106,frigate,13000,2022-12-01 00:10:05+00:00,2022-12-01 00:10:05+00:00,129.2011667,34.9493,221.0,1.7,-24.0,-0.10000000000000009,좌선회(24.0°) 저속 운항
1295,FFG-818 대구,3,352002106,frigate,13000,2022-12-01 00:15:04+00:00,2022-12-01 01:30:56+00:00,129.1995333,34.94765,213.0,1.2052631578947368,-8.0,-0.19999999999999996,저속 운항
1296,FFG-818 대구,4,352002106,frigate,13000,2022-12-01 01:35:14+00:00,2022-12-01 01:40:24+00:00,129.1842333,34.92448333,211.0,0.9,11.0,-0.09999999999999998,정박/대기
1297,FFG-818 대구,5,352002106,frigate,13000,2022-12-01 01:45:03+00:00,2022-12-01 02:18:54+00:00,129.1835833,34.9219,187.0,1.0142857142857142,-8.0,0.09999999999999998,저속 운항
1298,FFG-818 대구,6,352002106,frigate,13000,2022-12-01 02:20:04+00:00,2022-12-01 02:25:04+00:00,129.1848667,34.91183333,173.0,0.9,3.0,-0.09999999999999998,정박/대기
1299,FFG-818 대구,7,352002106,frigate,13000,2022-12-01 02:30:14+00:00,2022-12-01 02:30:14+00:00,129.18545,34.90878333,172.0,1.0,-1.0,0.09999999999999998,저속 운항
1300,FFG-818 대구,8,352002106,frigate,13000,2022-12-01 02:35:03+00:00,2022-12-01 02:35:03+00:00,129.1857,34.9073,181.0,0.9,9.0,-0.09999999999999998,정박/대기
1301,FFG-818 대구,9,352002106,frigate,13000,2022-12-01 02:40:04+00:00,2022-12-01 02:40:04+00:00,129.186,34.90568333,165.0,1.0,-16.0,0.09999999999999998,저속 운항
1302,FFG-818 대구,10,352002106,frigate,13000,2022-12-01 02:45:05+00:00,2022-12-01 02:48:56+00:00,129.1863667,34.90418333,175.0,0.9,10.0,-0.09999999999999998,정박/대기
1303,FFG-818 대구,11,352002106,frigate,13000,2022-12-01 02:50:04+00:00,2022-12-01 04:30:06+00:00,129.1865833,34.90261667,175.0,1.2571428571428571,-4.0,0.09999999999999998,저속 운항
1304,FFG-818 대구,12,352002106,frigate,13000,2022-12-01 04:35:25+00:00,2022-12-01 04:36:57+00:00,129.1898333,34.86545,180.0,0.9,10.0,-0.4,정박/대기
1305,FFG-818 대구,13,352002106,frigate,13000,2022-12-01 04:40:06+00:00,2022-12-01 04:42:56+00:00,129.1899333,34.86416667,167.0,1.0,-13.0,0.09999999999999998,저속 운항
1306,FFG-818 대구,14,352002106,frigate,13000,2022-12-01 04:45:15+00:00,2022-12-01 07:30:55+00:00,129.1898333,34.86301667,177.0,0.6453125,10.0,-0.30000000000000004,정박/대기
1307,FFG-818 대구,15,352002106,frigate,13000,2022-12-01 07:35:24+00:00,2022-12-01 07:35:24+00:00,129.22135,34.84693333,93.0,1.0,5.0,0.19999999999999996,저속 운항
1308,FFG-818 대구,16,352002106,frigate,13000,2022-12-01 07:40:03+00:00,2022-12-01 08:00:04+00:00,129.2228167,34.84693333,85.0,0.8800000000000001,-8.0,-0.09999999999999998,정박/대기
1309,FFG-818 대구,17,352002106,frigate,13000,2022-12-01 08:05:05+00:00,2022-12-01 11:00:25+00:00,129.2309,34.84763333,86.0,1.2078947368421051,6.0,0.20000000000000007,저속 운항
1310,FFG-818 대구,18,352002106,frigate,13000,2022-12-01 11:05:46+00:00,2022-12-01 11:05:46+00:00,129.3093167,34.84623333,93.0,0.9,0.0,-0.09999999999999998,정박/대기
1311,FFG-818 대구,19,352002106,frigate,13000,2022-12-01 11:10:45+00:00,2022-12-01 14:15:55+00:00,129.3112667,34.84595,93.0,1.1647058823529413,0.0,0.09999999999999998,저속 운항
1312,FFG-818 대구,20,352002106,frigate,13000,2022-12-01 14:21:04+00:00,2022-12-01 14:24:56+00:00,129.3823667,34.81743333,217.0,2.9,90.0,1.7,우선회(90.0°) 저속 운항
1313,FFG-818 대구,21,352002106,frigate,13000,2022-12-01 14:27:24+00:00,2022-12-01 14:27:24+00:00,129.3743,34.81631667,284.0,4.7,67.0,1.8000000000000003,우선회(67.0°) 저속 운항
1314,FFG-818 대구,22,352002106,frigate,13000,2022-12-01 14:35:04+00:00,2022-12-01 14:41:46+00:00,129.3618,34.8194,287.0,5.3,3.0,0.39999999999999947,이동/통과
1315,FFG-818 대구,23,352002106,frigate,13000,2022-12-01 14:47:43+00:00,2022-12-01 14:47:43+00:00,129.3405667,34.82696667,309.0,5.3,25.0,-0.20000000000000018,우선회(25.0°) 이동/통과
1316,FFG-818 대구,24,352002106,frigate,13000,2022-12-01 14:50:25+00:00,2022-12-01 14:50:25+00:00,129.33785,34.82995,333.0,4.5,24.0,-0.7999999999999998,우선회(24.0°) 저속 운항
1317,FFG-818 대구,25,352002106,frigate,13000,2022-12-01 14:56:34+00:00,2022-12-01 14:56:34+00:00,129.3361167,34.83675,344.0,4.1,11.0,-0.40000000000000036,저속 운항
1318,FFG-818 대구,26,352002106,frigate,13000,2022-12-01 15:00:03+00:00,2022-12-01 15:00:03+00:00,129.33605,34.8417,7.0,5.8,23.0,1.7000000000000002,우선회(23.0°) 이동/통과
1319,FFG-818 대구,27,352002106,frigate,13000,2022-12-01 15:05:13+00:00,2022-12-01 15:05:13+00:00,129.3379833,34.85385,4.0,10.5,-3.0,4.7,가속 이동/통과
1320,FFG-818 대구,28,352002106,frigate,13000,2022-12-01 15:06:56+00:00,2022-12-01 15:55:13+00:00,129.3384167,34.85916667,4.0,11.916666666666666,0.0,0.0,이동/통과
1321,FFG-818 대구,29,352002106,frigate,13000,2022-12-01 16:03:45+00:00,2022-12-01 16:03:45+00:00,129.39495,35.03296667,41.0,4.2,27.0,-6.6000000000000005,우선회(27.0°) 감속 저속 운항
1322,FFG-818 대구,30,352002106,frigate,13000,2022-12-01 16:06:02+00:00,2022-12-01 18:31:00+00:00,129.3972167,35.03456667,53.0,2.0933333333333333,12.0,-0.40000000000000036,저속 운항
1323,FFG-818 대구,31,352002106,frigate,13000,2022-12-01 18:52:01+00:00,2022-12-01 18:52:01+00:00,129.5055167,35.03443333,114.0,1.8,24.0,-0.19999999999999996,우선회(24.0°) 저속 운항
1324,FFG-818 대구,32,352002106,frigate,13000,2022-12-01 19:07:02+00:00,2022-12-01 22:16:03+00:00,129.5136667,35.03185,114.0,1.3565217391304347,0.0,-0.10000000000000009,저속 운항
1325,FFG-818 대구,33,352002106,frigate,13000,2022-12-01 22:25:02+00:00,2022-12-01 22:25:02+00:00,129.57,34.96838333,205.0,5.2,52.0,3.7,우선회(52.0°) 가속 이동/통과
1326,FFG-818 대구,34,352002106,frigate,13000,2022-12-01 22:40:04+00:00,2022-12-01 22:40:04+00:00,129.5338333,34.95838333,271.0,10.3,66.0,5.1000000000000005,우선회(66.0°) 가속 이동/통과
1327,FFG-818 대구,35,352002106,frigate,13000,2022-12-01 22:46:14+00:00,2022-12-01 23:26:53+00:00,129.5109667,34.9605,277.0,11.555555555555555,6.0,1.0999999999999996,이동/통과
1328,FFG-818 대구,36,352002106,frigate,13000,2022-12-01 23:30:12+00:00,2022-12-01 23:30:12+00:00,129.3525833,35.00821667,277.0,11.0,-23.0,-0.5999999999999996,좌선회(23.0°) 이동/통과
1329,FFG-818 대구,37,352002106,frigate,13000,2022-12-01 23:35:03+00:00,2022-12-02 00:24:56+00:00,129.3344833,35.00871667,271.0,11.2,-6.0,0.09999999999999964,이동/통과
1330,FFG-818 대구,38,352002106,frigate,13000,2022-12-02 00:25:01+00:00,2022-12-02 00:25:01+00:00,129.1481667,35.01533333,274.0,7.8,1.0,-2.1000000000000005,감속 이동/통과
1331,FFG-818 대구,39,352002106,frigate,13000,2022-12-02 00:30:02+00:00,2022-12-02 00:36:54+00:00,129.1360167,35.01591667,273.0,6.233333333333333,-1.0,-1.2999999999999998,이동/통과
1332,FFG-818 대구,40,352002106,frigate,13000,2022-12-02 00:40:03+00:00,2022-12-02 01:24:56+00:00,129.1178,35.01756667,272.0,2.6972222222222224,-4.0,-1.6000000000000005,저속 운항
1333,FFG-818 대구,41,352002106,frigate,13000,2022-12-02 01:25:02+00:00,2022-12-05 15:42:53+00:00,129.0812833,35.02023333,260.0,0.13111707557157734,-17.0,-0.5,정박/대기
1334,FFG-818 대구,42,352002106,frigate,13000,2022-12-05 15:42:59+00:00,2022-12-05 15:42:59+00:00,129.0820167,35.01741667,218.0,1.0,122.0,0.4,우선회(122.0°) 저속 운항
1335,FFG-818 대구,43,352002106,frigate,13000,2022-12-05 15:45:56+00:00,2022-12-13 03:12:54+00:00,129.0812,35.01695,226.0,0.17677330576940659,8.0,-0.19999999999999996,정박/대기
1336,FFG-818 대구,44,352002106,frigate,13000,2022-12-13 03:12:57+00:00,2022-12-13 03:12:57+00:00,129.0829833,35.01998333,73.0,1.2,71.0,0.6,우선회(71.0°) 저속 운항
1337,FFG-818 대구,45,352002106,frigate,13000,2022-12-13 03:15:57+00:00,2022-12-13 03:24:55+00:00,129.0835167,35.02033333,114.0,1.3999999999999997,41.0,0.19999999999999996,우선회(41.0°) 저속 운항
1338,FFG-818 대구,46,352002106,frigate,13000,2022-12-13 03:30:35+00:00,2022-12-13 03:30:55+00:00,129.0824167,35.01983333,91.0,0.2,-23.0,-1.2,정박/대기
1339,FFG-818 대구,47,352002106,frigate,13000,2022-12-13 03:30:56+00:00,2022-12-13 03:42:53+00:00,129.0806667,35.02098333,326.0,1.0666666666666667,-125.0,0.39999999999999997,좌선회(125.0°) 저속 운항
1340,FFG-818 대구,48,352002106,frigate,13000,2022-12-13 03:48:56+00:00,2022-12-13 07:42:55+00:00,129.0827667,35.02005,79.0,0.36292822636300903,114.0,-1.1,정박/대기
1341,FFG-818 대구,49,352002106,frigate,13000,2022-12-13 07:42:56+00:00,2022-12-13 07:42:56+00:00,129.0842667,35.02055,173.0,1.2,-177.0,0.3999999999999999,좌선회(177.0°) 저속 운항
1342,FFG-818 대구,50,352002106,frigate,13000,2022-12-13 07:45:56+00:00,2022-12-13 07:48:56+00:00,129.08445,35.01988333,173.0,0.6,0.0,-0.6,정박/대기
1343,FFG-818 대구,51,352002106,frigate,13000,2022-12-13 07:54:56+00:00,2022-12-13 07:54:56+00:00,129.0846,35.02076667,355.0,1.7,-178.0,1.1,좌선회(178.0°) 저속 운항
1344,FFG-818 대구,52,352002106,frigate,13000,2022-12-13 08:00:55+00:00,2022-12-13 08:00:55+00:00,129.0845833,35.02198333,195.0,0.6,-160.0,-1.1,정박/대기
1345,FFG-818 대구,53,352002106,frigate,13000,2022-12-13 08:00:57+00:00,2022-12-13 08:00:57+00:00,129.0846667,35.02105,171.0,1.2,-24.0,0.6,좌선회(24.0°) 저속 운항
1346,FFG-818 대구,54,352002106,frigate,13000,2022-12-13 08:12:53+00:00,2022-12-13 08:12:53+00:00,129.08535,35.02111667,16.0,1.5,-155.0,0.30000000000000004,좌선회(155.0°) 저속 운항
1347,FFG-818 대구,55,352002106,frigate,13000,2022-12-13 08:12:57+00:00,2022-12-13 08:18:55+00:00,129.0858333,35.0223,12.0,1.3,-4.0,-0.19999999999999996,저속 운항
1348,FFG-818 대구,56,352002106,frigate,13000,2022-12-13 08:18:57+00:00,2022-12-13 08:18:57+00:00,129.0860667,35.02098333,170.0,1.1,158.0,-0.19999999999999996,우선회(158.0°) 저속 운항
1349,FFG-818 대구,57,352002106,frigate,13000,2022-12-13 08:21:57+00:00,2022-12-13 08:24:56+00:00,129.0862333,35.0204,130.0,0.4,-40.0,-0.7000000000000001,정박/대기
1350,FFG-818 대구,58,352002106,frigate,13000,2022-12-13 08:27:57+00:00,2022-12-13 08:36:56+00:00,129.0866667,35.02196667,8.0,1.3,-122.0,0.9,좌선회(122.0°) 저속 운항
1351,FFG-818 대구,59,352002106,frigate,13000,2022-12-13 08:39:57+00:00,2022-12-13 08:42:59+00:00,129.0874333,35.02061667,119.0,0.5,111.0,-1.2,정박/대기
1352,FFG-818 대구,60,352002106,frigate,13000,2022-12-13 08:45:58+00:00,2022-12-13 08:48:56+00:00,129.0870833,35.02195,342.0,1.0,3.0,0.09999999999999998,저속 운항
1353,FFG-818 대구,61,352002106,frigate,13000,2022-12-13 08:54:56+00:00,2022-12-13 08:54:56+00:00,129.0870167,35.02206667,183.0,1.3,-159.0,0.30000000000000004,좌선회(159.0°) 저속 운항
1354,FFG-818 대구,62,352002106,frigate,13000,2022-12-13 08:54:57+00:00,2022-12-13 09:30:57+00:00,129.08715,35.0212,166.0,0.5942857142857143,-17.0,-0.19999999999999996,정박/대기
1355,FFG-818 대구,63,352002106,frigate,13000,2022-12-13 09:36:54+00:00,2022-12-13 09:36:54+00:00,129.0870333,35.02155,176.0,1.5,-22.0,0.8,좌선회(22.0°) 저속 운항
1356,FFG-818 대구,64,352002106,frigate,13000,2022-12-13 09:36:57+00:00,2022-12-13 09:42:58+00:00,129.0872,35.0204,179.0,0.39999999999999997,3.0,-0.8,정박/대기
1357,FFG-818 대구,65,352002106,frigate,13000,2022-12-13 09:42:59+00:00,2022-12-13 09:45:06+00:00,129.08765,35.02055,352.0,1.1,-116.0,0.8,좌선회(116.0°) 저속 운항
1358,FFG-818 대구,66,352002106,frigate,13000,2022-12-13 09:46:01+00:00,2022-12-13 10:48:56+00:00,129.0872833,35.02155,348.0,0.5409090909090909,-4.0,-0.20000000000000007,정박/대기
1359,FFG-818 대구,67,352002106,frigate,13000,2022-12-13 10:51:57+00:00,2022-12-13 10:54:54+00:00,129.0885333,35.02271667,19.0,1.4,19.0,0.7999999999999999,저속 운항
1360,FFG-818 대구,68,352002106,frigate,13000,2022-12-13 11:00:54+00:00,2022-12-13 11:00:54+00:00,129.0891,35.02395,172.0,0.0,153.0,-1.4,정박/대기
1361,FFG-818 대구,69,352002106,frigate,13000,2022-12-13 11:01:00+00:00,2022-12-13 11:02:58+00:00,129.08935,35.02306667,161.0,1.5,-11.0,1.5,저속 운항
1362,FFG-818 대구,70,352002106,frigate,13000,2022-12-13 11:06:53+00:00,2022-12-13 11:18:54+00:00,129.0896333,35.02185,176.0,0.4791666666666667,15.0,-0.3999999999999999,정박/대기
1363,FFG-818 대구,71,352002106,frigate,13000,2022-12-13 11:24:55+00:00,2022-12-13 11:30:55+00:00,129.0901667,35.02226667,174.0,1.7,179.0,1.2999999999999998,우선회(179.0°) 저속 운항
1364,FFG-818 대구,72,352002106,frigate,13000,2022-12-13 11:30:58+00:00,2022-12-13 11:36:56+00:00,129.0907,35.02275,356.0,1.2,-178.0,-0.5,좌선회(178.0°) 저속 운항
1365,FFG-818 대구,73,352002106,frigate,13000,2022-12-13 11:36:58+00:00,2022-12-13 11:36:58+00:00,129.0906167,35.024,213.0,0.2,-143.0,-1.0,정박/대기
1366,FFG-818 대구,74,352002106,frigate,13000,2022-12-13 11:48:57+00:00,2022-12-13 11:48:57+00:00,129.0927167,35.0222,355.0,1.3,142.0,1.1,우선회(142.0°) 저속 운항
1367,FFG-818 대구,75,352002106,frigate,13000,2022-12-13 11:51:58+00:00,2022-12-13 11:54:54+00:00,129.0929,35.0233,10.0,1.3,15.0,0.0,저속 운항
1368,FFG-818 대구,76,352002106,frigate,13000,2022-12-13 12:00:53+00:00,2022-12-13 12:18:55+00:00,129.093,35.02426667,352.0,0.6749999999999999,-18.0,-0.6000000000000001,정박/대기
1369,FFG-818 대구,77,352002106,frigate,13000,2022-12-13 12:18:57+00:00,2022-12-13 12:19:00+00:00,129.0945833,35.02288333,176.0,1.7,-178.0,1.0,좌선회(178.0°) 저속 운항
1370,FFG-818 대구,78,352002106,frigate,13000,2022-12-13 12:21:57+00:00,2022-12-13 12:30:53+00:00,129.0946333,35.0217,180.0,0.9,4.0,-0.7999999999999999,정박/대기
1371,FFG-818 대구,79,352002106,frigate,13000,2022-12-13 12:30:58+00:00,2022-12-13 12:36:56+00:00,129.0956333,35.02366667,355.0,1.1,175.0,0.20000000000000007,우선회(175.0°) 저속 운항
1372,FFG-818 대구,80,352002106,frigate,13000,2022-12-13 12:39:58+00:00,2022-12-13 12:42:53+00:00,129.0953833,35.02251667,183.0,1.1,-172.0,0.0,좌선회(172.0°) 저속 운항
1373,FFG-818 대구,81,352002106,frigate,13000,2022-12-13 12:42:57+00:00,2022-12-13 12:42:57+00:00,129.09565,35.02198333,142.0,0.5,-41.0,-0.6000000000000001,정박/대기
1374,FFG-818 대구,82,352002106,frigate,13000,2022-12-13 12:45:58+00:00,2022-12-13 12:45:58+00:00,129.0958,35.02245,352.0,1.3,-150.0,0.8,좌선회(150.0°) 저속 운항
1375,FFG-818 대구,83,352002106,frigate,13000,2022-12-13 12:51:56+00:00,2022-12-13 12:54:56+00:00,129.0956333,35.02413333,11.0,0.6,19.0,-0.7000000000000001,정박/대기
1376,FFG-818 대구,84,352002106,frigate,13000,2022-12-13 12:57:58+00:00,2022-12-13 13:00:56+00:00,129.0955833,35.02288333,175.0,1.0,164.0,0.4,우선회(164.0°) 저속 운항
1377,FFG-818 대구,85,352002106,frigate,13000,2022-12-13 13:00:59+00:00,2022-12-13 13:12:55+00:00,129.0957667,35.02213333,167.0,0.6333333333333333,-8.0,-0.4,정박/대기
1378,FFG-818 대구,86,352002106,frigate,13000,2022-12-13 13:16:00+00:00,2022-12-13 13:18:54+00:00,129.0959167,35.02353333,171.0,1.2,175.0,0.7,우선회(175.0°) 저속 운항
1379,FFG-818 대구,87,352002106,frigate,13000,2022-12-13 13:21:58+00:00,2022-12-13 13:57:55+00:00,129.0961667,35.02255,12.0,0.7444444444444445,-159.0,-0.7,정박/대기
1380,FFG-818 대구,88,352002106,frigate,13000,2022-12-13 14:00:17+00:00,2022-12-13 14:00:56+00:00,129.09595,35.02318333,333.0,1.2,-24.0,0.3999999999999999,좌선회(24.0°) 저속 운항
1381,FFG-818 대구,89,352002106,frigate,13000,2022-12-13 14:05:07+00:00,2022-12-13 14:06:54+00:00,129.09375,35.02388333,238.0,1.8,-95.0,0.6000000000000001,좌선회(95.0°) 저속 운항
1382,FFG-818 대구,90,352002106,frigate,13000,2022-12-13 14:10:07+00:00,2022-12-13 14:10:07+00:00,129.0948333,35.02168333,125.0,2.2,-113.0,0.40000000000000013,좌선회(113.0°) 저속 운항
1383,FFG-818 대구,91,352002106,frigate,13000,2022-12-13 14:12:56+00:00,2022-12-13 14:12:56+00:00,129.09575,35.0212,121.0,1.5,-4.0,-0.7000000000000002,저속 운항
1384,FFG-818 대구,92,352002106,frigate,13000,2022-12-13 14:15:06+00:00,2022-12-13 14:18:54+00:00,129.0957333,35.02148333,339.0,1.7,-142.0,0.19999999999999996,좌선회(142.0°) 저속 운항
1385,FFG-818 대구,93,352002106,frigate,13000,2022-12-13 14:20:06+00:00,2022-12-13 14:24:56+00:00,129.0941333,35.02366667,281.0,1.3,-58.0,-0.3999999999999999,좌선회(58.0°) 저속 운항
1386,FFG-818 대구,94,352002106,frigate,13000,2022-12-13 14:25:08+00:00,2022-12-13 14:25:08+00:00,129.09345,35.023,167.0,1.0,-114.0,-0.30000000000000004,좌선회(114.0°) 저속 운항
1387,FFG-818 대구,95,352002106,frigate,13000,2022-12-13 14:30:26+00:00,2022-12-13 14:42:54+00:00,129.0948,35.02138333,129.0,0.3666666666666667,-38.0,-0.7,정박/대기
1388,FFG-818 대구,96,352002106,frigate,13000,2022-12-13 14:45:35+00:00,2022-12-13 14:45:35+00:00,129.0943167,35.02138333,166.0,2.4,-127.0,2.1,좌선회(127.0°) 가속 저속 운항
1389,FFG-818 대구,97,352002106,frigate,13000,2022-12-13 14:47:59+00:00,2022-12-13 14:48:53+00:00,129.0944667,35.02043333,173.0,3.1,7.0,0.7000000000000002,저속 운항
1390,FFG-818 대구,98,352002106,frigate,13000,2022-12-13 14:50:08+00:00,2022-12-13 14:54:53+00:00,129.09355,35.0174,211.0,3.3,38.0,0.19999999999999973,우선회(38.0°) 저속 운항
1391,FFG-818 대구,99,352002106,frigate,13000,2022-12-13 14:55:17+00:00,2022-12-13 14:55:17+00:00,129.0876833,35.01648333,277.0,4.1,66.0,0.7999999999999998,우선회(66.0°) 저속 운항
1392,FFG-818 대구,100,352002106,frigate,13000,2022-12-13 15:00:07+00:00,2022-12-13 15:00:56+00:00,129.08155,35.01808333,289.0,2.45,12.0,-1.3999999999999995,저속 운항
1393,FFG-818 대구,101,352002106,frigate,13000,2022-12-13 15:05:48+00:00,2022-12-13 15:06:53+00:00,129.0819667,35.01915,65.0,1.2,130.0,-1.0000000000000002,우선회(130.0°) 저속 운항
1394,FFG-818 대구,102,352002106,frigate,13000,2022-12-13 15:11:04+00:00,2022-12-14 09:24:57+00:00,129.0841167,35.01855,156.0,0.28481238841687506,91.0,-0.29999999999999993,정박/대기
1395,FFG-818 대구,103,352002106,frigate,13000,2022-12-14 09:29:03+00:00,2022-12-14 09:30:53+00:00,129.0805,35.01853333,272.0,1.9,-7.0,1.5999999999999999,저속 운항
1396,FFG-818 대구,104,352002106,frigate,13000,2022-12-14 09:32:07+00:00,2022-12-14 09:32:07+00:00,129.0795333,35.01686667,181.0,3.0,-91.0,1.1,좌선회(91.0°) 저속 운항
1397,FFG-818 대구,105,352002106,frigate,13000,2022-12-14 09:35:16+00:00,2022-12-14 09:35:16+00:00,129.0784,35.01363333,202.0,4.5,21.0,1.5,우선회(21.0°) 저속 운항
1398,FFG-818 대구,106,352002106,frigate,13000,2022-12-14 09:36:55+00:00,2022-12-14 09:36:55+00:00,129.0767,35.01216667,202.0,4.5,0.0,0.0,저속 운항
1399,FFG-818 대구,107,352002106,frigate,13000,2022-12-14 09:40:18+00:00,2022-12-14 09:40:18+00:00,129.0724167,35.01018333,276.0,4.0,74.0,-0.5,우선회(74.0°) 저속 운항
1400,FFG-818 대구,108,352002106,frigate,13000,2022-12-14 09:42:53+00:00,2022-12-14 09:42:53+00:00,129.0711333,35.01061667,295.0,4.4,19.0,0.40000000000000036,저속 운항
1401,FFG-818 대구,109,352002106,frigate,13000,2022-12-14 09:45:26+00:00,2022-12-14 09:45:26+00:00,129.07305,35.01611667,53.0,7.1,118.0,2.6999999999999993,우선회(118.0°) 가속 이동/통과
1402,FFG-818 대구,110,352002106,frigate,13000,2022-12-14 09:48:53+00:00,2022-12-14 09:48:54+00:00,129.0774833,35.0172,78.0,8.4,25.0,1.3000000000000007,우선회(25.0°) 이동/통과
1403,FFG-818 대구,111,352002106,frigate,13000,2022-12-14 09:50:08+00:00,2022-12-14 09:54:54+00:00,129.0852667,35.01443333,134.0,8.9,56.0,0.5,우선회(56.0°) 이동/통과
1404,FFG-818 대구,112,352002106,frigate,13000,2022-12-14 09:55:07+00:00,2022-12-14 09:55:07+00:00,129.08765,35.002,180.0,9.8,46.0,0.9000000000000004,우선회(46.0°) 이동/통과
1405,FFG-818 대구,113,352002106,frigate,13000,2022-12-14 10:00:17+00:00,2022-12-14 10:06:55+00:00,129.09115,34.9866,172.0,11.450000000000001,-8.0,1.5,이동/통과
1406,FFG-818 대구,114,352002106,frigate,13000,2022-12-14 10:10:08+00:00,2022-12-14 10:10:08+00:00,129.08635,34.95566667,202.0,11.5,22.0,-0.09999999999999964,우선회(22.0°) 이동/통과
1407,FFG-818 대구,115,352002106,frigate,13000,2022-12-14 10:12:55+00:00,2022-12-14 10:30:55+00:00,129.08435,34.95123333,198.0,11.071428571428571,-4.0,-0.09999999999999964,이동/통과
1408,FFG-818 대구,116,352002106,frigate,13000,2022-12-14 10:35:07+00:00,2022-12-14 10:36:53+00:00,129.0501,34.88833333,193.0,11.2,-28.0,1.6999999999999993,좌선회(28.0°) 이동/통과
1409,FFG-818 대구,117,352002106,frigate,13000,2022-12-14 10:40:36+00:00,2022-12-14 10:54:55+00:00,129.044,34.87141667,197.0,11.040000000000001,4.0,0.3000000000000007,이동/통과
1410,FFG-818 대구,118,352002106,frigate,13000,2022-12-14 10:55:15+00:00,2022-12-14 10:57:26+00:00,129.02745,34.82938333,196.0,7.3,-1.0,-2.1000000000000005,감속 이동/통과
1411,FFG-818 대구,119,352002106,frigate,13000,2022-12-14 10:59:01+00:00,2022-12-14 10:59:02+00:00,129.02085,34.8185,196.0,7.3,0.0,0.0,이동/통과
1412,FFG-818 대구,120,352002106,frigate,13000,2022-12-14 11:00:26+00:00,2022-12-14 11:00:26+00:00,129.0246,34.82208333,210.0,3.8,14.0,-3.5,감속 저속 운항
1413,FFG-818 대구,121,352002106,frigate,13000,2022-12-14 11:05:07+00:00,2022-12-14 11:15:11+00:00,129.0217,34.81913333,225.0,1.7333333333333334,15.0,-1.4,저속 운항
1414,FFG-818 대구,122,352002106,frigate,13000,2022-12-14 11:24:10+00:00,2022-12-14 11:24:55+00:00,129.0152333,34.81376667,206.0,1.2,-21.0,-0.10000000000000009,좌선회(21.0°) 저속 운항
1415,FFG-818 대구,123,352002106,frigate,13000,2022-12-14 11:27:08+00:00,2022-12-14 11:27:08+00:00,129.0147167,34.81293333,209.0,1.1,3.0,-0.09999999999999987,저속 운항
1416,FFG-818 대구,124,352002106,frigate,13000,2022-12-14 11:30:11+00:00,2022-12-14 11:30:11+00:00,129.0142667,34.81226667,208.0,0.9,-1.0,-0.20000000000000007,정박/대기
1417,FFG-818 대구,125,352002106,frigate,13000,2022-12-14 11:36:12+00:00,2022-12-14 11:48:55+00:00,129.0136333,34.81063333,198.0,1.0333333333333334,-10.0,0.20000000000000007,저속 운항
1418,FFG-818 대구,126,352002106,frigate,13000,2022-12-14 11:51:09+00:00,2022-12-14 11:51:09+00:00,129.0124167,34.80661667,200.0,0.9,3.0,-0.09999999999999998,정박/대기
1419,FFG-818 대구,127,352002106,frigate,13000,2022-12-14 11:57:10+00:00,2022-12-14 12:06:53+00:00,129.0120833,34.80503333,195.0,1.0,-5.0,0.09999999999999998,저속 운항
1420,FFG-818 대구,128,352002106,frigate,13000,2022-12-14 12:09:10+00:00,2022-12-14 12:09:10+00:00,129.0114,34.80185,195.0,0.9,3.0,-0.09999999999999998,정박/대기
1421,FFG-818 대구,129,352002106,frigate,13000,2022-12-14 12:12:10+00:00,2022-12-14 12:42:53+00:00,129.01115,34.80113333,192.0,1.0833333333333333,-3.0,0.09999999999999998,저속 운항
1422,FFG-818 대구,130,352002106,frigate,13000,2022-12-14 12:48:11+00:00,2022-12-14 12:48:11+00:00,129.0084,34.79013333,213.0,2.2,21.0,1.0000000000000002,우선회(21.0°) 저속 운항
1423,FFG-818 대구,131,352002106,frigate,13000,2022-12-14 12:50:20+00:00,2022-12-14 12:50:20+00:00,129.0070667,34.78858333,216.0,3.7,3.0,1.5,저속 운항
1424,FFG-818 대구,132,352002106,frigate,13000,2022-12-14 12:54:55+00:00,2022-12-14 12:54:55+00:00,129.0022333,34.7847,226.0,5.8,10.0,2.0999999999999996,가속 이동/통과
1425,FFG-818 대구,133,352002106,frigate,13000,2022-12-14 12:55:09+00:00,2022-12-14 13:00:18+00:00,129.0010833,34.78368333,222.0,6.5,-4.0,0.2999999999999998,이동/통과
1426,FFG-818 대구,134,352002106,frigate,13000,2022-12-14 13:05:09+00:00,2022-12-14 13:05:09+00:00,128.9902333,34.76743333,188.0,7.0,-25.0,0.09999999999999964,좌선회(25.0°) 이동/통과
1427,FFG-818 대구,135,352002106,frigate,13000,2022-12-14 13:10:10+00:00,2022-12-14 13:15:09+00:00,128.9888667,34.75605,182.0,10.45,-6.0,2.4000000000000004,가속 이동/통과
1428,FFG-818 대구,136,352002106,frigate,13000,2022-12-14 13:20:07+00:00,2022-12-14 15:54:57+00:00,128.9886667,34.72461667,179.0,11.738888888888889,-1.0,0.40000000000000036,이동/통과
1429,FFG-818 대구,137,352002106,frigate,13000,2022-12-14 15:55:28+00:00,2022-12-14 15:55:28+00:00,128.7145333,34.27763333,207.0,11.3,-22.0,0.10000000000000142,좌선회(22.0°) 이동/통과
1430,FFG-818 대구,138,352002106,frigate,13000,2022-12-14 16:00:07+00:00,2022-12-14 18:35:39+00:00,128.7065333,34.26416667,206.0,11.4875,-1.0,0.29999999999999893,이동/통과
1431,LPH-6111 독도,0,311039000,amphibious,9000,2022-12-01 20:04:30+00:00,2022-12-01 23:20:12+00:00,125.6786983,33.86517167,94.6,19.020000000000003,0.0,0.0,이동/통과
1432,LPH-6111 독도,1,311039000,amphibious,9000,2022-12-02 00:47:42+00:00,2022-12-02 00:47:42+00:00,127.47477,33.86152,87.1,14.5,-0.8000000000000114,-5.300000000000001,감속 이동/통과
1433,LPH-6111 독도,2,311039000,amphibious,9000,2022-12-02 00:56:45+00:00,2022-12-02 00:56:45+00:00,127.48493,33.86222833,84.0,14.4,-3.0999999999999943,-0.09999999999999964,이동/통과
1434,LPH-6111 독도,3,311039000,amphibious,9000,2022-12-02 01:31:29+00:00,2022-12-02 01:31:29+00:00,127.6626183,33.93225833,33.6,18.0,-50.4,3.5999999999999996,좌선회(50.4°) 가속 이동/통과
1435,LPH-6111 독도,4,311039000,amphibious,9000,2022-12-02 01:36:23+00:00,2022-12-02 03:55:22+00:00,127.6792617,33.95383,31.8,18.136486486486486,-1.8000000000000007,1.1000000000000014,이동/통과
1436,LPH-6111 독도,5,311039000,amphibious,9000,2022-12-02 04:00:16+00:00,2022-12-02 04:00:16+00:00,127.9475,34.61224,345.8,13.1,-8.5,-2.200000000000001,감속 이동/통과
1437,LPH-6111 독도,6,311039000,amphibious,9000,2022-12-02 04:01:26+00:00,2022-12-02 04:01:26+00:00,127.9459267,34.61736,345.8,13.1,0.0,0.0,이동/통과
1438,LPH-6111 독도,7,311039000,amphibious,9000,2022-12-02 04:06:15+00:00,2022-12-02 04:06:15+00:00,127.9432483,34.63126167,347.5,9.7,1.6999999999999886,-3.4000000000000004,감속 이동/통과
1439,LPH-6111 독도,8,311039000,amphibious,9000,2022-12-02 04:07:25+00:00,2022-12-02 04:20:51+00:00,127.9422533,34.63462,347.5,10.36,0.0,0.0,이동/통과
1440,LPH-6111 독도,9,311039000,amphibious,9000,2022-12-02 04:25:29+00:00,2022-12-02 04:25:54+00:00,127.9221417,34.68171833,300.0,9.899999999999999,-47.19999999999999,-0.8000000000000007,좌선회(47.2°) 이동/통과
1441,LPH-6111 독도,10,311039000,amphibious,9000,2022-12-02 04:30:25+00:00,2022-12-02 04:37:27+00:00,127.90948,34.68826167,303.7,7.8500000000000005,2.3999999999999773,-1.3999999999999986,이동/통과
1442,LPH-6111 독도,11,311039000,amphibious,9000,2022-12-02 04:40:03+00:00,2022-12-02 04:45:05+00:00,127.8889717,34.70069,304.1,11.3,-4.699999999999989,2.5,가속 이동/통과
1443,LPH-6111 독도,12,311039000,amphibious,9000,2022-12-02 04:49:30+00:00,2022-12-02 04:50:04+00:00,127.8541,34.71828833,299.8,12.8,0.0,0.0,이동/통과
1444,LPH-6111 독도,13,311039000,amphibious,9000,2022-12-02 04:55:24+00:00,2022-12-02 04:55:32+00:00,127.8372517,34.730975,325.0,11.8,22.80000000000001,-0.5999999999999996,우선회(22.8°) 이동/통과
1445,LPH-6111 독도,14,311039000,amphibious,9000,2022-12-02 05:00:04+00:00,2022-12-02 05:00:04+00:00,127.83038,34.74123,335.0,7.9,10.0,-3.9000000000000004,감속 이동/통과
1446,LPH-6111 독도,15,311039000,amphibious,9000,2022-12-02 05:01:32+00:00,2022-12-02 05:01:32+00:00,127.8279783,34.745435,335.0,7.9,0.0,0.0,이동/통과
1447,LPH-6111 독도,16,311039000,amphibious,9000,2022-12-02 05:05:14+00:00,2022-12-02 05:05:14+00:00,127.8227083,34.75581167,338.4,13.0,3.3999999999999773,5.1,가속 이동/통과
1448,LPH-6111 독도,17,311039000,amphibious,9000,2022-12-02 05:07:35+00:00,2022-12-02 05:25:35+00:00,127.8187033,34.76478,338.4,13.985714285714286,0.0,0.0,이동/통과
1449,LPH-6111 독도,18,311039000,amphibious,9000,2022-12-02 05:30:15+00:00,2022-12-02 05:30:15+00:00,127.7973567,34.84815,332.4,11.4,-17.600000000000023,-2.799999999999999,감속 이동/통과
1450,LPH-6111 독도,19,311039000,amphibious,9000,2022-12-02 05:31:37+00:00,2022-12-02 05:50:05+00:00,127.7941717,34.85253,332.4,11.82,0.0,0.0,이동/통과
1451,LPH-6111 독도,20,311039000,amphibious,9000,2022-12-02 05:55:32+00:00,2022-12-02 05:55:32+00:00,127.72595,34.90472333,283.1,11.9,-22.5,0.3000000000000007,좌선회(22.5°) 이동/통과
1452,LPH-6111 독도,21,311039000,amphibious,9000,2022-12-02 05:55:42+00:00,2022-12-02 06:01:40+00:00,127.7244483,34.90500833,283.1,11.9,0.0,0.0,이동/통과
1453,LPH-6111 독도,22,311039000,amphibious,9000,2022-12-02 06:16:11+00:00,2022-12-02 06:16:11+00:00,127.6627367,34.89424,235.8,7.1,-41.19999999999999,-4.800000000000001,좌선회(41.2°) 감속 이동/통과
1454,LPH-6111 독도,23,311039000,amphibious,9000,2022-12-02 06:19:43+00:00,2022-12-02 06:20:02+00:00,127.65599,34.89062667,238.0,5.7,2.1999999999999886,-1.2999999999999998,이동/통과
1455,LPH-6111 독도,24,311039000,amphibious,9000,2022-12-02 06:25:02+00:00,2022-12-02 06:25:02+00:00,127.648305,34.88699167,241.5,4.7,2.0999999999999943,-0.7999999999999998,저속 운항
1456,LPH-6111 독도,25,311039000,amphibious,9000,2022-12-02 06:30:02+00:00,2022-12-02 06:30:02+00:00,127.6426317,34.884495,240.4,2.5,-1.0999999999999943,-2.2,감속 저속 운항
1457,LPH-6111 독도,26,311039000,amphibious,9000,2022-12-02 06:35:01+00:00,2022-12-03 01:35:06+00:00,127.6409783,34.884075,283.3,0.2826018374795486,42.900000000000006,-2.0,정박/대기
1458,LPH-6111 독도,27,311039000,amphibious,9000,2022-12-03 01:40:00+00:00,2022-12-03 01:40:00+00:00,127.64176,34.88328667,96.9,2.4,-59.099999999999994,1.5,좌선회(59.1°) 저속 운항
1459,LPH-6111 독도,28,311039000,amphibious,9000,2022-12-03 01:42:40+00:00,2022-12-03 01:42:40+00:00,127.64331,34.88282833,96.9,2.4,0.0,0.0,저속 운항
1460,LPH-6111 독도,29,311039000,amphibious,9000,2022-12-03 01:45:27+00:00,2022-12-03 01:48:42+00:00,127.6456267,34.884265,53.0,5.2,-43.900000000000006,2.8000000000000003,좌선회(43.9°) 가속 이동/통과
1461,LPH-6111 독도,30,311039000,amphibious,9000,2022-12-03 01:50:16+00:00,2022-12-03 01:50:16+00:00,127.655625,34.89026333,54.5,7.8,1.5,2.5999999999999996,가속 이동/통과
1462,LPH-6111 독도,31,311039000,amphibious,9000,2022-12-03 01:56:16+00:00,2022-12-03 02:00:07+00:00,127.6676883,34.89731167,54.2,6.550000000000001,-0.29999999999999716,-1.0999999999999996,이동/통과
1463,LPH-6111 독도,32,311039000,amphibious,9000,2022-12-03 02:05:27+00:00,2022-12-03 02:05:27+00:00,127.6819183,34.90585833,55.0,2.3,0.10000000000000142,-4.1000000000000005,감속 저속 운항
1464,LPH-6111 독도,33,311039000,amphibious,9000,2022-12-03 02:10:43+00:00,2022-12-03 02:10:43+00:00,127.68346,34.90627833,128.6,0.7,73.6,-1.5999999999999999,정박/대기
1465,LPH-6111 독도,34,311039000,amphibious,9000,2022-12-03 02:17:46+00:00,2022-12-03 02:18:47+00:00,127.683855,34.90793333,334.4,1.2,-154.20000000000002,0.5,좌선회(154.2°) 저속 운항
1466,LPH-6111 독도,35,311039000,amphibious,9000,2022-12-03 02:22:27+00:00,2022-12-03 02:22:27+00:00,127.682925,34.90912333,325.2,1.2,-9.199999999999989,0.0,저속 운항
1467,LPH-6111 독도,36,311039000,amphibious,9000,2022-12-03 02:27:47+00:00,2022-12-03 22:04:19+00:00,127.6821767,34.90984,332.1,0.03620689655172414,6.900000000000034,-0.8999999999999999,정박/대기
1468,LPH-6111 독도,37,311039000,amphibious,9000,2022-12-03 22:12:52+00:00,2022-12-03 22:12:52+00:00,127.6806883,34.90782333,223.1,4.4,28.19999999999999,4.4,우선회(28.2°) 가속 저속 운항
1469,LPH-6111 독도,38,311039000,amphibious,9000,2022-12-03 22:13:38+00:00,2022-12-03 22:13:38+00:00,127.6754,34.903585,222.0,4.8,-1.0999999999999943,0.39999999999999947,저속 운항
1470,LPH-6111 독도,39,311039000,amphibious,9000,2022-12-03 22:16:02+00:00,2022-12-03 22:16:02+00:00,127.6754,34.903585,229.3,8.7,7.300000000000011,3.8999999999999995,가속 이동/통과
1471,LPH-6111 독도,40,311039000,amphibious,9000,2022-12-03 22:21:22+00:00,2022-12-03 22:31:42+00:00,127.6620817,34.895275,234.2,7.099999999999999,4.899999999999977,0.0,이동/통과
1472,LPH-6111 독도,41,311039000,amphibious,9000,2022-12-03 22:35:05+00:00,2022-12-04 07:36:39+00:00,127.6413367,34.883995,268.5,0.31858974358974357,25.900000000000006,-4.9,정박/대기
1473,LPH-6111 독도,42,311039000,amphibious,9000,2022-12-04 07:40:19+00:00,2022-12-04 07:43:12+00:00,127.6419617,34.88387667,100.6,1.5,1.0999999999999943,1.0,저속 운항
1474,LPH-6111 독도,43,311039000,amphibious,9000,2022-12-04 07:45:23+00:00,2022-12-04 07:45:23+00:00,127.6442183,34.88366833,59.7,2.4,-40.89999999999999,0.8999999999999999,좌선회(40.9°) 저속 운항
1475,LPH-6111 독도,44,311039000,amphibious,9000,2022-12-04 07:50:06+00:00,2022-12-04 07:58:50+00:00,127.6527533,34.88764833,58.7,10.55,-1.0,6.799999999999999,가속 이동/통과
1476,LPH-6111 독도,45,311039000,amphibious,9000,2022-12-04 08:00:09+00:00,2022-12-04 08:00:09+00:00,127.6852033,34.90622667,60.3,12.0,7.099999999999994,0.09999999999999964,이동/통과
1477,LPH-6111 독도,46,311039000,amphibious,9000,2022-12-04 08:04:52+00:00,2022-12-04 08:05:25+00:00,127.705945,34.90664167,101.0,11.9,40.7,-0.09999999999999964,우선회(40.7°) 이동/통과
1478,LPH-6111 독도,47,311039000,amphibious,9000,2022-12-04 08:06:56+00:00,2022-12-04 08:18:58+00:00,127.7119917,34.905625,101.0,11.74,0.09999999999999432,0.0,이동/통과
1479,LPH-6111 독도,48,311039000,amphibious,9000,2022-12-04 08:20:26+00:00,2022-12-04 08:20:26+00:00,127.7548833,34.88329,161.4,11.5,41.0,-0.09999999999999964,우선회(41.0°) 이동/통과
1480,LPH-6111 독도,49,311039000,amphibious,9000,2022-12-04 08:25:26+00:00,2022-12-04 08:25:26+00:00,127.7661333,34.87160833,132.3,11.1,-29.099999999999994,-0.40000000000000036,좌선회(29.1°) 이동/통과
1481,LPH-6111 독도,50,311039000,amphibious,9000,2022-12-04 08:30:16+00:00,2022-12-04 08:30:57+00:00,127.780335,34.861025,136.9,11.5,4.599999999999994,0.40000000000000036,이동/통과
1482,LPH-6111 독도,51,311039000,amphibious,9000,2022-12-04 08:35:46+00:00,2022-12-04 08:35:46+00:00,127.7901483,34.84459333,160.7,13.1,23.799999999999983,1.5999999999999996,우선회(23.8°) 이동/통과
1483,LPH-6111 독도,52,311039000,amphibious,9000,2022-12-04 08:36:59+00:00,2022-12-04 08:51:03+00:00,127.7925517,34.83817167,160.7,13.65,0.0,0.0,이동/통과
1484,LPH-6111 독도,53,311039000,amphibious,9000,2022-12-04 08:55:01+00:00,2022-12-04 08:55:01+00:00,127.8061617,34.774675,166.2,9.5,-4.400000000000006,-3.9000000000000004,감속 이동/통과
1485,LPH-6111 독도,54,311039000,amphibious,9000,2022-12-04 08:55:04+00:00,2022-12-04 09:02:01+00:00,127.806305,34.77421333,166.2,8.133333333333333,0.0,0.0,이동/통과
1486,LPH-6111 독도,55,311039000,amphibious,9000,2022-12-04 09:05:33+00:00,2022-12-04 09:13:06+00:00,127.8127733,34.75043667,164.5,12.375,-4.800000000000011,3.299999999999999,가속 이동/통과
1487,LPH-6111 독도,56,311039000,amphibious,9000,2022-12-04 09:15:10+00:00,2022-12-04 09:15:10+00:00,127.829565,34.71669833,128.3,14.3,-35.89999999999998,0.3000000000000007,좌선회(35.9°) 이동/통과
1488,LPH-6111 독도,57,311039000,amphibious,9000,2022-12-04 09:19:04+00:00,2022-12-04 09:25:05+00:00,127.8492567,34.70639,123.0,14.866666666666665,-5.300000000000011,0.8999999999999986,이동/통과
1489,LPH-6111 독도,58,311039000,amphibious,9000,2022-12-04 09:25:24+00:00,2022-12-04 09:31:07+00:00,127.8704517,34.69537667,122.3,11.6,-1.2000000000000028,-3.0999999999999996,감속 이동/통과
1490,LPH-6111 독도,59,311039000,amphibious,9000,2022-12-04 09:32:15+00:00,2022-12-04 09:37:08+00:00,127.8927217,34.68405167,120.8,12.066666666666668,-1.5,0.20000000000000107,이동/통과
1491,LPH-6111 독도,60,311039000,amphibious,9000,2022-12-04 09:41:02+00:00,2022-12-04 09:41:02+00:00,127.9186133,34.66451333,167.8,12.0,40.80000000000001,-0.1999999999999993,우선회(40.8°) 이동/통과
1492,LPH-6111 독도,61,311039000,amphibious,9000,2022-12-04 09:43:07+00:00,2022-12-04 10:45:30+00:00,127.92003,34.65600667,167.8,13.131578947368421,0.0,0.0,이동/통과
1493,LPH-6111 독도,62,311039000,amphibious,9000,2022-12-04 11:00:24+00:00,2022-12-04 11:00:24+00:00,127.9671683,34.37024667,160.2,14.9,-20.100000000000023,0.09999999999999964,좌선회(20.1°) 이동/통과
1494,LPH-6111 독도,63,311039000,amphibious,9000,2022-12-04 11:09:18+00:00,2022-12-04 11:15:15+00:00,127.9827517,34.33401667,160.5,15.649999999999999,0.30000000000001137,0.7999999999999989,이동/통과
1495,LPH-6111 독도,64,311039000,amphibious,9000,2022-12-04 11:23:17+00:00,2022-12-04 11:23:17+00:00,128.033945,34.304305,91.1,17.1,-60.400000000000006,1.5000000000000018,좌선회(60.4°) 이동/통과
1496,LPH-6111 독도,65,311039000,amphibious,9000,2022-12-04 11:31:36+00:00,2022-12-04 13:10:01+00:00,128.0837033,34.30334167,91.3,19.076190476190476,0.20000000000000284,1.0999999999999979,이동/통과
1497,LPH-6111 독도,66,311039000,amphibious,9000,2022-12-04 13:15:00+00:00,2022-12-04 13:15:00+00:00,128.72798,34.32413333,69.4,18.2,-40.3,0.3000000000000007,좌선회(40.3°) 이동/통과
1498,LPH-6111 독도,67,311039000,amphibious,9000,2022-12-04 13:19:36+00:00,2022-12-04 13:35:05+00:00,128.749455,34.32987667,73.0,18.619999999999997,3.5999999999999943,0.6000000000000014,이동/통과
1499,LPH-6111 독도,68,311039000,amphibious,9000,2022-12-04 13:37:37+00:00,2022-12-04 13:37:37+00:00,128.85132,34.37949667,40.0,17.9,-21.6,-0.8000000000000007,좌선회(21.6°) 이동/통과
1500,LPH-6111 독도,69,311039000,amphibious,9000,2022-12-04 13:40:00+00:00,2022-12-04 15:16:53+00:00,128.8601633,34.38916333,36.9,18.77777777777778,-3.1000000000000014,0.40000000000000213,이동/통과
1501,LPH-6112 마라도,0,564575000,amphibious,9000,2022-12-01 04:45:08+00:00,2022-12-01 06:00:14+00:00,125.6955783,35.96555333,97.2,19.491666666666667,0.0,0.0,이동/통과
1502,LPH-6112 마라도,1,564575000,amphibious,9000,2022-12-01 06:16:38+00:00,2022-12-01 06:21:20+00:00,126.2730683,35.94411333,91.9,15.6,8.700000000000003,-1.3000000000000007,감속 이동/통과
1503,LPH-6112 마라도,2,564575000,amphibious,9000,2022-12-01 06:45:09+00:00,2022-12-01 09:03:37+00:00,126.3711717,35.94449333,176.2,0.29444444444444445,83.99999999999999,-13.6,정박/대기
1504,LPH-6112 마라도,3,564575000,amphibious,9000,2022-12-01 09:03:42+00:00,2022-12-01 09:03:42+00:00,126.2746967,35.94685667,269.9,15.7,-128.8,15.5,좌선회(128.8°) 가속 이동/통과
1505,LPH-6112 마라도,4,564575000,amphibious,9000,2022-12-01 09:51:35+00:00,2022-12-01 10:03:37+00:00,126.029595,35.94302833,263.8,15.3,-6.099999999999966,-0.3999999999999986,이동/통과
1506,LPH-6112 마라도,5,564575000,amphibious,9000,2022-12-01 10:22:47+00:00,2022-12-01 10:22:47+00:00,125.885005,35.899775,228.9,14.9,-34.900000000000006,-0.40000000000000036,좌선회(34.9°) 이동/통과
1507,LPH-6112 마라도,6,564575000,amphibious,9000,2022-12-01 10:38:00+00:00,2022-12-01 11:13:17+00:00,125.826805,35.85814667,228.8,15.166666666666666,-0.09999999999999432,0.29999999999999893,이동/통과
1508,LST-672 덕봉,0,244693000,amphibious,9000,2022-12-01 00:00:38+00:00,2022-12-01 10:10:18+00:00,129.07587,35.04169833,312.4,0.1326421768863133,0.0,0.0,정박/대기
1509,LST-672 덕봉,1,244693000,amphibious,9000,2022-12-01 10:15:06+00:00,2022-12-01 10:15:06+00:00,129.0752917,35.04429167,329.0,1.2,36.30000000000001,0.6,우선회(36.3°) 저속 운항
1510,LST-672 덕봉,2,244693000,amphibious,9000,2022-12-01 10:16:16+00:00,2022-12-01 10:16:16+00:00,129.07492,35.04461,323.0,1.4,-6.0,0.19999999999999996,저속 운항
1511,LST-672 덕봉,3,244693000,amphibious,9000,2022-12-01 10:20:02+00:00,2022-12-01 10:20:02+00:00,129.07378,35.043495,182.6,2.9,-140.4,1.5,좌선회(140.4°) 저속 운항
1512,LST-672 덕봉,4,244693000,amphibious,9000,2022-12-01 10:25:05+00:00,2022-12-01 10:25:05+00:00,129.078605,35.03669,141.8,7.7,-40.79999999999998,4.800000000000001,좌선회(40.8°) 가속 이동/통과
1513,LST-672 덕봉,5,244693000,amphibious,9000,2022-12-01 10:28:21+00:00,2022-12-01 10:34:20+00:00,129.0834783,35.032795,132.0,10.5,-9.800000000000011,1.4999999999999991,이동/통과
1514,LST-672 덕봉,6,244693000,amphibious,9000,2022-12-01 10:35:07+00:00,2022-12-01 10:35:07+00:00,129.1097233,35.02231833,88.2,13.0,-35.8,1.6999999999999993,좌선회(35.8°) 이동/통과
1515,LST-672 덕봉,7,244693000,amphibious,9000,2022-12-01 10:40:47+00:00,2022-12-01 10:40:47+00:00,129.1335683,35.02966833,65.2,13.6,-23.0,0.5999999999999996,좌선회(23.0°) 이동/통과
1516,LST-672 덕봉,8,244693000,amphibious,9000,2022-12-01 10:45:16+00:00,2022-12-01 18:15:39+00:00,129.1524067,35.03684667,64.8,13.421794871794873,-0.4000000000000057,0.09999999999999964,이동/통과
1517,LST-673 비봉,0,636015481,amphibious,9000,2022-12-01 00:00:57+00:00,2022-12-01 09:46:29+00:00,129.0597067,35.12147833,49.3,0.008097826086956523,0.0,0.0,정박/대기
1518,LST-673 비봉,1,636015481,amphibious,9000,2022-12-01 09:50:03+00:00,2022-12-01 09:52:28+00:00,129.0603067,35.120345,159.1,1.9,-173.20000000000002,1.9,좌선회(173.2°) 저속 운항
1519,LST-673 비봉,2,636015481,amphibious,9000,2022-12-01 09:55:04+00:00,2022-12-01 09:58:31+00:00,129.06063,35.119775,222.9,1.8,63.80000000000001,-0.09999999999999987,우선회(63.8°) 저속 운항
1520,LST-673 비봉,3,636015481,amphibious,9000,2022-12-01 10:00:11+00:00,2022-12-01 10:00:11+00:00,129.058735,35.11491167,183.1,4.7,-39.80000000000001,2.9000000000000004,좌선회(39.8°) 가속 저속 운항
1521,LST-673 비봉,4,636015481,amphibious,9000,2022-12-01 10:04:26+00:00,2022-12-01 10:04:27+00:00,129.0591217,35.11075833,166.0,7.6,-17.099999999999994,2.8999999999999995,가속 이동/통과
1522,LST-673 비봉,5,636015481,amphibious,9000,2022-12-01 10:05:33+00:00,2022-12-01 10:05:33+00:00,129.06319,35.10606,132.3,8.8,-33.69999999999999,1.200000000000001,좌선회(33.7°) 이동/통과
1523,LST-673 비봉,6,636015481,amphibious,9000,2022-12-01 10:10:11+00:00,2022-12-01 10:10:11+00:00,129.0794433,35.096525,124.8,12.8,-7.500000000000014,4.0,가속 이동/통과
1524,LST-673 비봉,7,636015481,amphibious,9000,2022-12-01 10:15:11+00:00,2022-12-01 10:20:00+00:00,129.0958883,35.08713833,124.9,8.5,0.10000000000000853,-3.0,감속 이동/통과
1525,LST-673 비봉,8,636015481,amphibious,9000,2022-12-01 10:22:28+00:00,2022-12-01 10:22:28+00:00,129.105845,35.08121333,127.0,7.2,-2.0,0.0,이동/통과
1526,LST-673 비봉,9,636015481,amphibious,9000,2022-12-01 10:25:00+00:00,2022-12-01 10:30:05+00:00,129.115095,35.07183,141.6,13.6,14.599999999999994,3.8,가속 이동/통과
1527,LST-673 비봉,10,636015481,amphibious,9000,2022-12-01 10:34:29+00:00,2022-12-01 12:40:30+00:00,129.13508,35.05184833,141.0,17.2375,0.8000000000000114,0.1999999999999993,이동/통과
1528,LST-673 비봉,11,636015481,amphibious,9000,2022-12-01 12:45:06+00:00,2022-12-01 12:46:27+00:00,128.9607917,34.46637,230.7,18.5,26.399999999999977,0.3999999999999986,우선회(26.4°) 이동/통과
1529,LST-673 비봉,12,636015481,amphibious,9000,2022-12-01 12:50:06+00:00,2022-12-01 18:50:00+00:00,128.9338667,34.45309667,239.8,18.68529411764706,9.100000000000023,0.3000000000000007,이동/통과
1530,LST-675 개봉,0,371473000,amphibious,9000,2022-12-01 00:00:03+00:00,2022-12-01 03:04:51+00:00,129.173025,33.52255333,184.8,1.6258980785296575,0.0,0.0,저속 운항
1531,LST-675 개봉,1,371473000,amphibious,9000,2022-12-01 03:05:02+00:00,2022-12-01 03:07:39+00:00,129.169225,33.43886833,251.0,2.2,57.30000000000001,0.20000000000000018,우선회(57.3°) 저속 운항
1532,LST-675 개봉,2,371473000,amphibious,9000,2022-12-01 03:10:02+00:00,2022-12-01 03:13:52+00:00,129.1654433,33.43814,265.1,2.7,14.100000000000023,0.5,저속 운항
1533,LST-675 개봉,3,371473000,amphibious,9000,2022-12-01 03:15:03+00:00,2022-12-01 03:19:26+00:00,129.1617083,33.44030667,351.6,4.0,86.5,1.2999999999999998,우선회(86.5°) 저속 운항
1534,LST-675 개봉,4,371473000,amphibious,9000,2022-12-01 03:20:03+00:00,2022-12-01 04:14:34+00:00,129.157885,33.44675667,339.2,5.866666666666667,-12.400000000000034,1.5999999999999996,이동/통과
1535,LST-675 개봉,5,371473000,amphibious,9000,2022-12-01 04:15:03+00:00,2022-12-01 04:19:51+00:00,129.1291433,33.53265833,280.9,3.2,-69.10000000000002,-2.8,좌선회(69.1°) 감속 저속 운항
1536,LST-675 개봉,6,371473000,amphibious,9000,2022-12-01 04:20:02+00:00,2022-12-01 04:24:24+00:00,129.126245,33.5322,210.2,1.3,-70.69999999999999,-1.9000000000000001,좌선회(70.7°) 저속 운항
1537,LST-675 개봉,7,371473000,amphibious,9000,2022-12-01 04:25:02+00:00,2022-12-01 06:59:50+00:00,129.12549,33.53021333,192.7,1.3296969696969696,-17.5,0.3999999999999999,저속 운항
1538,LST-675 개봉,8,371473000,amphibious,9000,2022-12-01 07:00:02+00:00,2022-12-01 07:03:15+00:00,129.107675,33.476325,170.9,0.9,-13.400000000000006,-0.4,정박/대기
1539,LST-675 개봉,9,371473000,amphibious,9000,2022-12-01 07:05:03+00:00,2022-12-01 07:19:18+00:00,129.1080133,33.47498,162.5,1.0333333333333334,-8.400000000000006,0.09999999999999998,저속 운항
1540,LST-675 개봉,10,371473000,amphibious,9000,2022-12-01 07:20:02+00:00,2022-12-01 07:23:57+00:00,129.1091583,33.470965,150.9,0.8000000000000002,-12.299999999999983,-0.30000000000000004,정박/대기
1541,LST-675 개봉,11,371473000,amphibious,9000,2022-12-01 07:25:03+00:00,2022-12-01 07:29:24+00:00,129.1091533,33.469675,188.9,1.0,38.0,0.19999999999999996,우선회(38.0°) 저속 운항
1542,LST-675 개봉,12,371473000,amphibious,9000,2022-12-01 07:30:02+00:00,2022-12-01 07:39:59+00:00,129.1091567,33.468325,178.6,1.15,-10.300000000000011,0.19999999999999996,저속 운항
1543,LST-675 개봉,13,371473000,amphibious,9000,2022-12-01 07:40:03+00:00,2022-12-01 07:53:49+00:00,129.1089433,33.46577833,182.6,0.9,-0.4000000000000057,-0.20000000000000007,정박/대기
1544,LST-675 개봉,14,371473000,amphibious,9000,2022-12-01 07:55:02+00:00,2022-12-01 08:10:01+00:00,129.1095367,33.46186833,170.0,1.1666666666666667,-7.800000000000011,0.3999999999999999,저속 운항
1545,LST-675 개봉,15,371473000,amphibious,9000,2022-12-01 08:10:03+00:00,2022-12-01 08:24:52+00:00,129.1101633,33.45787,189.4,0.8333333333333334,17.30000000000001,-0.20000000000000007,정박/대기
1546,LST-675 개봉,16,371473000,amphibious,9000,2022-12-01 08:25:02+00:00,2022-12-01 08:29:26+00:00,129.1103783,33.45402167,179.5,1.1,12.099999999999994,0.20000000000000007,저속 운항
1547,LST-675 개봉,17,371473000,amphibious,9000,2022-12-01 08:30:02+00:00,2022-12-01 08:49:19+00:00,129.1103583,33.45258167,178.8,0.8,-0.6999999999999886,-0.30000000000000004,정박/대기
1548,LST-675 개봉,18,371473000,amphibious,9000,2022-12-01 08:50:02+00:00,2022-12-01 08:55:01+00:00,129.110355,33.44741,177.7,1.0,-7.400000000000006,0.09999999999999998,저속 운항
1549,LST-675 개봉,19,371473000,amphibious,9000,2022-12-01 08:55:02+00:00,2022-12-01 08:59:19+00:00,129.1105933,33.4461,165.6,0.9,-12.099999999999994,-0.09999999999999998,정박/대기
1550,LST-675 개봉,20,371473000,amphibious,9000,2022-12-01 09:00:13+00:00,2022-12-01 09:04:43+00:00,129.1109467,33.444635,172.6,1.2,7.0,0.29999999999999993,저속 운항
1551,LST-675 개봉,21,371473000,amphibious,9000,2022-12-01 09:05:03+00:00,2022-12-01 09:08:38+00:00,129.109605,33.44327333,267.6,2.9,95.00000000000003,1.7,우선회(95.0°) 저속 운항
1552,LST-675 개봉,22,371473000,amphibious,9000,2022-12-01 09:10:03+00:00,2022-12-01 09:14:45+00:00,129.101255,33.44270833,258.4,6.8,-9.200000000000045,3.9,가속 이동/통과
1553,LST-675 개봉,23,371473000,amphibious,9000,2022-12-01 09:15:04+00:00,2022-12-01 11:19:20+00:00,129.0889083,33.44073333,261.8,9.564285714285715,3.400000000000034,1.2000000000000002,이동/통과
1554,LST-675 개봉,24,371473000,amphibious,9000,2022-12-01 11:22:02+00:00,2022-12-01 11:22:02+00:00,128.7195117,33.29403667,222.1,10.4,-20.0,0.40000000000000036,좌선회(20.0°) 이동/통과
1555,LST-675 개봉,25,371473000,amphibious,9000,2022-12-01 11:25:03+00:00,2022-12-01 22:31:52+00:00,128.7128033,33.28736167,220.6,10.797169811320755,-1.5,-0.09999999999999964,이동/통과
1556,LST-675 개봉,26,371473000,amphibious,9000,2022-12-01 22:47:03+00:00,2022-12-01 22:47:03+00:00,127.1043217,31.75938333,246.6,11.0,23.299999999999983,0.0,우선회(23.3°) 이동/통과
1557,LST-675 개봉,27,371473000,amphibious,9000,2022-12-01 23:03:53+00:00,2022-12-01 23:03:53+00:00,127.0617817,31.72396833,219.6,11.1,-27.0,0.09999999999999964,좌선회(27.0°) 이동/통과
1558,LST-676 위봉,0,273358000,amphibious,9000,2022-12-01 20:51:26+00:00,2022-12-02 07:42:26+00:00,125.6816667,34.08666667,104.0,7.511764705882353,0.0,0.0,이동/통과
1559,LST-676 위봉,1,273358000,amphibious,9000,2022-12-02 08:13:54+00:00,2022-12-02 08:13:54+00:00,127.37108,34.10983833,67.3,6.8,-21.400000000000006,-0.10000000000000053,좌선회(21.4°) 이동/통과
1560,LST-676 위봉,2,273358000,amphibious,9000,2022-12-02 08:20:06+00:00,2022-12-02 21:15:05+00:00,127.3843117,34.114085,67.5,7.55420168067227,0.20000000000000284,0.10000000000000053,이동/통과
1561,LST-676 위봉,3,273358000,amphibious,9000,2022-12-02 21:20:17+00:00,2022-12-02 21:20:36+00:00,129.0420667,34.92381167,25.9,4.2,7.699999999999999,-3.7,감속 저속 운항
1562,LST-676 위봉,4,273358000,amphibious,9000,2022-12-02 21:25:05+00:00,2022-12-02 23:38:02+00:00,129.04476,34.92757667,31.1,1.6010752688172043,5.200000000000003,-1.7000000000000002,저속 운항
1563,LST-676 위봉,5,273358000,amphibious,9000,2022-12-02 23:40:01+00:00,2022-12-02 23:44:15+00:00,129.104865,34.96496333,345.3,1.5,-71.0,-0.10000000000000009,좌선회(71.0°) 저속 운항
1564,LST-676 위봉,6,273358000,amphibious,9000,2022-12-02 23:45:05+00:00,2022-12-02 23:45:05+00:00,129.1033567,34.96374333,220.1,2.8,-125.20000000000002,1.2999999999999998,좌선회(125.2°) 저속 운항
1565,LST-676 위봉,7,273358000,amphibious,9000,2022-12-02 23:50:05+00:00,2022-12-03 00:50:05+00:00,129.1000717,34.96058833,220.4,3.519791666666667,0.30000000000001137,0.30000000000000027,저속 운항
1566,LST-676 위봉,8,273358000,amphibious,9000,2022-12-03 00:55:05+00:00,2022-12-03 00:56:11+00:00,129.0485183,34.91755,333.5,0.7,118.30000000000001,-3.2,정박/대기
1567,LST-676 위봉,9,273358000,amphibious,9000,2022-12-03 01:00:05+00:00,2022-12-03 01:02:02+00:00,129.0483667,34.91888,13.7,1.4,40.19999999999999,0.7,우선회(40.2°) 저속 운항
1568,LST-676 위봉,10,273358000,amphibious,9000,2022-12-03 01:05:05+00:00,2022-12-03 01:44:01+00:00,129.0490167,34.92061667,24.4,1.3,8.399999999999999,0.10000000000000009,저속 운항
1569,LST-676 위봉,11,273358000,amphibious,9000,2022-12-03 01:45:17+00:00,2022-12-03 01:45:17+00:00,129.0591617,34.93221167,45.7,0.7,1.7000000000000028,-0.7,정박/대기
1570,LST-676 위봉,12,273358000,amphibious,9000,2022-12-03 01:50:05+00:00,2022-12-03 01:56:12+00:00,129.060375,34.93313833,46.8,1.05,1.0999999999999943,0.40000000000000013,저속 운항
1571,LST-676 위봉,13,273358000,amphibious,9000,2022-12-03 02:00:05+00:00,2022-12-03 04:50:05+00:00,129.0628517,34.934825,56.6,0.7365625,6.600000000000001,-0.19999999999999996,정박/대기
1572,LST-676 위봉,14,273358000,amphibious,9000,2022-12-03 04:55:05+00:00,2022-12-03 05:10:05+00:00,129.0903883,34.95922167,38.7,1.05,-0.5999999999999943,0.10000000000000009,저속 운항
1573,LST-676 위봉,15,273358000,amphibious,9000,2022-12-03 05:15:05+00:00,2022-12-03 05:15:05+00:00,129.09364,34.96354667,4.8,1.7,-27.400000000000002,0.5999999999999999,좌선회(27.4°) 저속 운항
1574,LST-676 위봉,16,273358000,amphibious,9000,2022-12-03 05:20:05+00:00,2022-12-03 05:20:17+00:00,129.090035,34.963875,221.8,4.2,-143.0,2.5,좌선회(143.0°) 가속 저속 운항
1575,LST-676 위봉,17,273358000,amphibious,9000,2022-12-03 05:25:09+00:00,2022-12-03 05:26:25+00:00,129.0848833,34.95868167,216.8,5.0,-5.0,0.7999999999999998,이동/통과
1576,LST-676 위봉,18,273358000,amphibious,9000,2022-12-03 05:30:05+00:00,2022-12-03 05:38:03+00:00,129.0798133,34.95313167,215.9,4.9,-0.9000000000000057,-0.09999999999999964,저속 운항
1577,LST-676 위봉,19,273358000,amphibious,9000,2022-12-03 05:40:05+00:00,2022-12-03 05:56:14+00:00,129.06967,34.94213667,216.5,5.074999999999999,0.5,0.09999999999999964,이동/통과
1578,LST-676 위봉,20,273358000,amphibious,9000,2022-12-03 05:57:21+00:00,2022-12-03 06:10:05+00:00,129.0516667,34.92166667,218.0,3.425,1.0,-1.0999999999999996,저속 운항
1579,LST-676 위봉,21,273358000,amphibious,9000,2022-12-03 06:15:05+00:00,2022-12-03 07:43:30+00:00,129.0424217,34.91170333,212.8,0.6221428571428571,-0.19999999999998863,-1.0,정박/대기
1580,LST-676 위봉,22,273358000,amphibious,9000,2022-12-03 07:45:09+00:00,2022-12-03 07:49:45+00:00,129.0514717,34.92168167,44.8,1.0,2.0,0.09999999999999998,저속 운항
1581,LST-676 위봉,23,273358000,amphibious,9000,2022-12-03 07:50:05+00:00,2022-12-03 08:05:05+00:00,129.0523867,34.92258833,31.4,0.825,-13.399999999999999,-0.30000000000000004,정박/대기
1582,LST-676 위봉,24,273358000,amphibious,9000,2022-12-03 08:07:35+00:00,2022-12-03 08:20:09+00:00,129.0557667,34.92589333,51.0,1.0333333333333334,9.799999999999997,0.29999999999999993,저속 운항
1583,LST-676 위봉,25,273358000,amphibious,9000,2022-12-03 08:25:05+00:00,2022-12-03 08:25:45+00:00,129.05993,34.92942,40.5,0.9,-5.5,-0.09999999999999998,정박/대기
1584,LST-676 위봉,26,273358000,amphibious,9000,2022-12-03 08:30:05+00:00,2022-12-03 10:10:05+00:00,129.061195,34.93042833,45.2,1.440909090909091,4.700000000000003,0.09999999999999998,저속 운항
1585,LST-676 위봉,27,273358000,amphibious,9000,2022-12-03 10:15:17+00:00,2022-12-03 10:19:31+00:00,129.100875,34.95763,113.3,1.7,67.4,-0.10000000000000009,우선회(67.4°) 저속 운항
1586,LST-676 위봉,28,273358000,amphibious,9000,2022-12-03 10:20:05+00:00,2022-12-03 10:20:05+00:00,129.1022583,34.953065,176.6,4.3,63.3,2.5999999999999996,우선회(63.3°) 가속 저속 운항
1587,LST-676 위봉,29,273358000,amphibious,9000,2022-12-03 10:25:05+00:00,2022-12-03 10:31:30+00:00,129.10196,34.94819,188.6,1.9500000000000002,12.0,-1.5999999999999996,저속 운항
1588,LST-676 위봉,30,273358000,amphibious,9000,2022-12-03 10:35:05+00:00,2022-12-03 10:43:52+00:00,129.1017217,34.94449833,20.3,0.44999999999999996,-158.89999999999998,-1.0,정박/대기
1589,LST-676 위봉,31,273358000,amphibious,9000,2022-12-03 10:45:09+00:00,2022-12-03 12:43:55+00:00,129.1026817,34.94644167,23.4,1.696551724137931,-0.5,0.40000000000000013,저속 운항
1590,LST-676 위봉,32,273358000,amphibious,9000,2022-12-03 12:45:05+00:00,2022-12-03 12:49:45+00:00,129.1559183,34.983155,77.8,0.8,20.799999999999997,-1.0,정박/대기
1591,LST-676 위봉,33,273358000,amphibious,9000,2022-12-03 12:50:05+00:00,2022-12-03 12:50:05+00:00,129.154955,34.980265,198.8,3.8,121.00000000000001,3.0,우선회(121.0°) 가속 저속 운항
1592,LST-676 위봉,34,273358000,amphibious,9000,2022-12-03 12:55:05+00:00,2022-12-03 13:01:42+00:00,129.15335,34.97488,180.5,4.25,-18.30000000000001,0.40000000000000036,저속 운항
1593,LST-676 위봉,35,273358000,amphibious,9000,2022-12-03 13:05:05+00:00,2022-12-03 13:07:55+00:00,129.152375,34.96308833,206.7,4.0,23.799999999999983,-0.2999999999999998,우선회(23.8°) 저속 운항
1594,LST-676 위봉,36,273358000,amphibious,9000,2022-12-03 13:10:05+00:00,2022-12-03 13:55:35+00:00,129.1490883,34.95806,222.5,4.264285714285714,15.5,0.0,저속 운항
1595,LST-676 위봉,37,273358000,amphibious,9000,2022-12-03 14:00:09+00:00,2022-12-03 14:01:46+00:00,129.085585,34.92665667,243.7,5.0,0.5999999999999943,0.09999999999999964,이동/통과
1596,LST-676 위봉,38,273358000,amphibious,9000,2022-12-03 14:05:05+00:00,2022-12-03 14:07:32+00:00,129.0800533,34.92425833,236.1,1.7,-7.599999999999994,-3.3,감속 저속 운항
1597,LST-676 위봉,39,273358000,amphibious,9000,2022-12-03 14:10:05+00:00,2022-12-03 14:20:09+00:00,129.079145,34.92337167,163.8,0.5666666666666667,-72.29999999999998,-1.5,정박/대기
1598,LST-676 위봉,40,273358000,amphibious,9000,2022-12-03 14:25:05+00:00,2022-12-03 15:19:51+00:00,129.082645,34.92325,92.9,1.05,0.6000000000000085,0.09999999999999998,저속 운항
1599,LST-676 위봉,41,273358000,amphibious,9000,2022-12-03 15:20:05+00:00,2022-12-03 16:40:37+00:00,129.1012517,34.92060333,108.8,0.6823529411764706,0.3999999999999915,-0.09999999999999998,정박/대기
1600,LST-676 위봉,42,273358000,amphibious,9000,2022-12-03 16:42:19+00:00,2022-12-03 16:56:05+00:00,129.115,34.91,147.0,1.15,1.3000000000000114,0.09999999999999998,저속 운항
1601,LST-676 위봉,43,273358000,amphibious,9000,2022-12-03 17:00:17+00:00,2022-12-03 17:00:17+00:00,129.11744,34.904725,240.2,2.2,83.6,0.8000000000000003,우선회(83.6°) 저속 운항
1602,LST-676 위봉,44,273358000,amphibious,9000,2022-12-03 17:05:05+00:00,2022-12-03 17:40:05+00:00,129.1129483,34.90249667,237.4,4.4625,-2.799999999999983,1.6999999999999997,저속 운항
1603,LST-676 위봉,45,273358000,amphibious,9000,2022-12-03 17:45:05+00:00,2022-12-03 17:45:05+00:00,129.0653283,34.87346,226.6,2.4,-7.300000000000011,-2.1999999999999997,감속 저속 운항
1604,LST-676 위봉,46,273358000,amphibious,9000,2022-12-03 17:49:45+00:00,2022-12-03 22:00:17+00:00,129.0634233,34.87186,215.0,1.2576923076923079,-11.599999999999994,-0.8999999999999999,저속 운항
1605,LST-676 위봉,47,273358000,amphibious,9000,2022-12-03 22:16:57+00:00,2022-12-03 22:20:37+00:00,129.0804433,34.78225333,135.0,0.9,-6.599999999999994,-0.09999999999999998,정박/대기
1606,LST-676 위봉,48,273358000,amphibious,9000,2022-12-03 22:27:57+00:00,2022-12-03 22:32:17+00:00,129.0829383,34.78023833,132.3,1.0,-0.29999999999998295,0.09999999999999998,저속 운항
1607,LST-676 위봉,49,273358000,amphibious,9000,2022-12-03 22:39:05+00:00,2022-12-03 22:39:05+00:00,129.0815983,34.77936833,308.6,2.4,175.60000000000002,1.4,우선회(175.6°) 저속 운항
1608,LST-676 위봉,50,273358000,amphibious,9000,2022-12-03 22:47:05+00:00,2022-12-03 22:47:05+00:00,129.077225,34.78509833,330.6,3.4,22.0,1.0,우선회(22.0°) 저속 운항
1609,LST-676 위봉,51,273358000,amphibious,9000,2022-12-03 22:52:05+00:00,2022-12-04 00:55:53+00:00,129.0744517,34.78919167,332.0,4.258064516129032,1.3999999999999773,0.0,저속 운항
1610,LST-676 위봉,52,273358000,amphibious,9000,2022-12-04 01:00:01+00:00,2022-12-04 01:00:01+00:00,129.0571267,34.93603833,41.2,3.2,47.80000000000001,-1.5,우선회(47.8°) 저속 운항
1611,LST-676 위봉,53,273358000,amphibious,9000,2022-12-04 01:03:20+00:00,2022-12-04 01:03:20+00:00,129.06,34.935,95.0,3.0,53.8,-0.20000000000000018,우선회(53.8°) 저속 운항
1612,LST-676 위봉,54,273358000,amphibious,9000,2022-12-04 01:05:17+00:00,2022-12-04 01:15:25+00:00,129.0631233,34.93635,97.7,2.52,2.700000000000003,0.8999999999999999,저속 운항
1613,LST-676 위봉,55,273358000,amphibious,9000,2022-12-04 01:20:05+00:00,2022-12-04 01:20:05+00:00,129.0733283,34.93576667,89.4,0.8,8.400000000000006,-0.3999999999999999,정박/대기
1614,LST-676 위봉,56,273358000,amphibious,9000,2022-12-04 01:25:05+00:00,2022-12-04 01:35:05+00:00,129.0749133,34.935495,108.2,1.0666666666666667,18.799999999999997,0.30000000000000004,저속 운항
1615,LST-676 위봉,57,273358000,amphibious,9000,2022-12-04 01:40:17+00:00,2022-12-04 03:43:52+00:00,129.0794117,34.93354,124.7,0.6727272727272727,3.9000000000000057,-0.09999999999999998,정박/대기
1616,LST-676 위봉,58,273358000,amphibious,9000,2022-12-04 03:45:11+00:00,2022-12-04 03:45:11+00:00,129.0953233,34.91601833,24.1,2.4,-95.30000000000001,1.5999999999999999,좌선회(95.3°) 저속 운항
1617,LST-676 위봉,59,273358000,amphibious,9000,2022-12-04 03:50:07+00:00,2022-12-04 03:50:07+00:00,129.0942433,34.92011,339.6,3.8,-44.5,1.4,좌선회(44.5°) 저속 운항
1618,LST-676 위봉,60,273358000,amphibious,9000,2022-12-04 03:55:07+00:00,2022-12-04 05:31:53+00:00,129.09196,34.92494,338.6,3.3857142857142857,-1.0,0.0,저속 운항
1619,LST-676 위봉,61,273358000,amphibious,9000,2022-12-04 05:35:09+00:00,2022-12-04 05:43:55+00:00,129.05302,35.01046167,356.8,0.39999999999999997,10.300000000000011,-0.6,정박/대기
1620,LST-676 위봉,62,273358000,amphibious,9000,2022-12-04 05:45:05+00:00,2022-12-04 05:49:43+00:00,129.0537367,35.01124333,22.8,1.3,-39.8,0.7000000000000001,좌선회(39.8°) 저속 운항
1621,LST-676 위봉,63,273358000,amphibious,9000,2022-12-04 05:50:05+00:00,2022-12-04 05:50:05+00:00,129.0514133,35.01503833,317.2,4.9,-65.60000000000002,3.6000000000000005,좌선회(65.6°) 가속 저속 운항
1622,LST-676 위봉,64,273358000,amphibious,9000,2022-12-04 05:55:05+00:00,2022-12-04 06:20:05+00:00,129.04535,35.02039167,314.4,6.577777777777778,-2.8000000000000114,0.5999999999999996,이동/통과
1623,LST-676 위봉,65,273358000,amphibious,9000,2022-12-04 06:25:05+00:00,2022-12-04 06:25:45+00:00,129.00074,35.05941167,318.6,4.5,-11.799999999999955,-1.4000000000000004,저속 운항
1624,LST-676 위봉,66,273358000,amphibious,9000,2022-12-04 06:30:05+00:00,2022-12-04 06:31:56+00:00,128.9971183,35.062355,306.8,1.5,-11.800000000000011,-3.0,감속 저속 운항
1625,LST-676 위봉,67,273358000,amphibious,9000,2022-12-04 06:35:05+00:00,2022-12-04 06:37:41+00:00,128.9958267,35.06398667,343.6,1.3999999999999997,36.80000000000001,-0.10000000000000009,우선회(36.8°) 저속 운항
1626,LST-676 위봉,68,273358000,amphibious,9000,2022-12-04 06:39:23+00:00,2022-12-06 21:06:17+00:00,128.995,35.06333333,356.0,0.0009613375130616509,12.399999999999977,-1.4,정박/대기
1627,LST-676 위봉,69,273358000,amphibious,9000,2022-12-06 21:08:20+00:00,2022-12-06 21:08:20+00:00,128.9957233,35.06525167,40.0,1.2,53.10000000000002,0.8999999999999999,우선회(53.1°) 저속 운항
1628,LST-676 위봉,70,273358000,amphibious,9000,2022-12-06 21:10:01+00:00,2022-12-06 21:14:48+00:00,128.9965733,35.06609,63.5,2.3,23.5,1.0999999999999999,우선회(23.5°) 저속 운항
1629,LST-676 위봉,71,273358000,amphibious,9000,2022-12-06 21:15:01+00:00,2022-12-06 21:15:01+00:00,129.0000683,35.06251167,155.6,5.3,92.1,3.0,우선회(92.1°) 가속 이동/통과
1630,LST-676 위봉,72,273358000,amphibious,9000,2022-12-06 21:20:01+00:00,2022-12-06 21:20:38+00:00,129.004065,35.05538667,153.8,5.8,-1.799999999999983,0.5,이동/통과
1631,LST-676 위봉,73,273358000,amphibious,9000,2022-12-06 21:25:01+00:00,2022-12-06 21:26:31+00:00,129.00925,35.04871833,129.1,5.9,-24.700000000000017,0.10000000000000053,좌선회(24.7°) 이동/통과
1632,LST-676 위봉,74,273358000,amphibious,9000,2022-12-06 21:30:01+00:00,2022-12-06 21:30:01+00:00,129.0152983,35.04215333,175.0,5.7,45.900000000000006,-0.20000000000000018,우선회(45.9°) 이동/통과
1633,LST-676 위봉,75,273358000,amphibious,9000,2022-12-06 21:32:16+00:00,2022-12-06 22:08:19+00:00,129.0154483,35.039445,177.0,5.720000000000001,2.0,0.20000000000000018,이동/통과
1634,LST-676 위봉,76,273358000,amphibious,9000,2022-12-06 22:10:13+00:00,2022-12-06 22:10:13+00:00,129.056985,34.99131167,104.7,6.6,-24.299999999999997,0.5999999999999996,좌선회(24.3°) 이동/통과
1635,LST-676 위봉,77,273358000,amphibious,9000,2022-12-06 22:14:29+00:00,2022-12-06 22:20:19+00:00,129.0613183,34.99036167,106.0,6.733333333333333,1.2999999999999972,0.0,이동/통과
1636,LST-676 위봉,78,273358000,amphibious,9000,2022-12-06 22:25:01+00:00,2022-12-06 22:25:01+00:00,129.089655,34.98680167,84.5,6.9,-21.099999999999994,0.10000000000000053,좌선회(21.1°) 이동/통과
1637,LST-676 위봉,79,273358000,amphibious,9000,2022-12-06 22:30:01+00:00,2022-12-07 03:47:59+00:00,129.10122,34.98784,77.7,8.572727272727272,-6.799999999999997,0.09999999999999964,이동/통과
1638,LST-676 위봉,80,273358000,amphibious,9000,2022-12-07 05:33:12+00:00,2022-12-07 05:33:12+00:00,129.665,35.87166667,9.0,6.0,-7.5,-3.0999999999999996,감속 이동/통과
1639,LST-676 위봉,81,273358000,amphibious,9000,2022-12-07 05:36:11+00:00,2022-12-07 06:06:20+00:00,129.665,35.87666667,8.0,6.0,-1.0,0.0,이동/통과
1640,LST-678 북한,0,374314000,amphibious,9000,2022-12-01 00:05:17+00:00,2022-12-01 03:10:18+00:00,131.219265,33.89451667,0.0,0.10064247921390779,0.0,0.0,정박/대기
1641,LST-678 북한,1,374314000,amphibious,9000,2022-12-01 03:12:51+00:00,2022-12-01 03:12:51+00:00,131.21867,33.89545333,345.0,1.1,-32.5,0.40000000000000013,좌선회(32.5°) 저속 운항
1642,LST-678 북한,2,374314000,amphibious,9000,2022-12-01 03:15:03+00:00,2022-12-01 03:15:03+00:00,131.2129883,33.89605167,276.8,6.2,-68.19999999999999,5.1,좌선회(68.2°) 가속 이동/통과
1643,LST-678 북한,3,374314000,amphibious,9000,2022-12-01 03:18:51+00:00,2022-12-01 04:42:54+00:00,131.211535,33.89615333,275.0,8.230434782608697,-1.8000000000000114,0.2999999999999998,이동/통과
1644,LST-678 북한,4,374314000,amphibious,9000,2022-12-01 04:45:15+00:00,2022-12-01 04:48:54+00:00,130.9913483,33.98033,241.8,8.4,-56.19999999999999,-0.40000000000000036,좌선회(56.2°) 이동/통과
1645,LST-678 북한,5,374314000,amphibious,9000,2022-12-01 04:50:03+00:00,2022-12-01 04:55:03+00:00,130.9788233,33.97458333,241.1,9.05,-0.700000000000017,0.40000000000000036,이동/통과
1646,LST-678 북한,6,374314000,amphibious,9000,2022-12-01 05:00:14+00:00,2022-12-01 05:00:55+00:00,130.9521133,33.95809333,224.7,11.7,-14.5,2.3999999999999986,가속 이동/통과
1647,LST-678 북한,7,374314000,amphibious,9000,2022-12-01 05:05:03+00:00,2022-12-01 05:06:55+00:00,130.941175,33.9476,219.2,9.7,-5.5,-2.0,이동/통과
1648,LST-678 북한,8,374314000,amphibious,9000,2022-12-01 05:11:07+00:00,2022-12-01 05:12:55+00:00,130.9349067,33.93217167,195.3,10.4,-23.899999999999977,0.7000000000000011,좌선회(23.9°) 이동/통과
1649,LST-678 북한,9,374314000,amphibious,9000,2022-12-01 05:17:26+00:00,2022-12-01 05:18:56+00:00,130.9273667,33.91442833,203.9,11.199999999999998,8.599999999999994,0.7999999999999989,이동/통과
1650,LST-678 북한,10,374314000,amphibious,9000,2022-12-01 05:20:26+00:00,2022-12-01 05:20:26+00:00,130.9194967,33.90909333,249.6,10.6,45.69999999999999,-0.5999999999999996,우선회(45.7°) 이동/통과
1651,LST-678 북한,11,374314000,amphibious,9000,2022-12-01 05:24:55+00:00,2022-12-01 05:24:55+00:00,130.904555,33.90975667,292.0,10.0,42.400000000000006,-0.5999999999999996,우선회(42.4°) 이동/통과
1652,LST-678 북한,12,374314000,amphibious,9000,2022-12-01 05:25:16+00:00,2022-12-01 05:25:16+00:00,130.90352,33.9101,291.7,10.0,-0.30000000000001137,0.0,이동/통과
1653,LST-678 북한,13,374314000,amphibious,9000,2022-12-01 05:30:05+00:00,2022-12-01 05:30:56+00:00,130.89324,33.919595,323.3,9.7,31.600000000000023,-0.3000000000000007,우선회(31.6°) 이동/통과
1654,LST-678 북한,14,374314000,amphibious,9000,2022-12-01 05:35:13+00:00,2022-12-01 05:55:06+00:00,130.8835633,33.93049667,323.2,8.933333333333334,-0.10000000000002274,-0.3999999999999986,이동/통과
1655,LST-678 북한,15,374314000,amphibious,9000,2022-12-01 06:00:13+00:00,2022-12-01 06:00:57+00:00,130.8404333,33.97726833,2.1,8.3,40.80000000000001,-0.1999999999999993,우선회(40.8°) 이동/통과
1656,LST-678 북한,16,374314000,amphibious,9000,2022-12-01 06:05:04+00:00,2022-12-01 06:06:57+00:00,130.8408517,33.98817167,2.5,7.900000000000001,0.3999999999999999,-0.40000000000000036,이동/통과
1657,LST-678 북한,17,374314000,amphibious,9000,2022-12-01 06:10:03+00:00,2022-12-01 06:12:56+00:00,130.837985,33.9981,328.8,7.7,-33.69999999999999,-0.20000000000000018,좌선회(33.7°) 이동/통과
1658,LST-678 북한,18,374314000,amphibious,9000,2022-12-01 06:18:44+00:00,2022-12-01 18:04:54+00:00,130.8248933,34.01307,321.0,7.26896551724138,-7.800000000000011,0.0,이동/통과
1659,LST-678 북한,19,374314000,amphibious,9000,2022-12-01 18:18:33+00:00,2022-12-01 18:18:33+00:00,129.7914783,35.14487667,348.2,7.0,21.19999999999999,-0.09999999999999964,우선회(21.2°) 이동/통과
1660,LST-678 북한,20,374314000,amphibious,9000,2022-12-01 18:19:18+00:00,2022-12-02 00:53:53+00:00,129.7883617,35.156125,348.0,7.644117647058823,-0.19999999999998863,0.0,이동/통과
1661,LST-678 북한,21,374314000,amphibious,9000,2022-12-03 16:27:01+00:00,2022-12-03 16:27:01+00:00,129.3881367,35.18226167,219.4,6.2,-130.4,-2.2,좌선회(130.4°) 감속 이동/통과
1662,LST-678 북한,22,374314000,amphibious,9000,2022-12-03 16:38:30+00:00,2022-12-03 18:00:32+00:00,129.37001,35.16926333,232.3,6.741176470588235,12.900000000000006,0.0,이동/통과
1663,LST-678 북한,23,374314000,amphibious,9000,2022-12-03 18:05:21+00:00,2022-12-03 18:05:21+00:00,129.207245,35.082945,237.4,1.7,-12.400000000000006,-5.3,감속 저속 운항
1664,LST-678 북한,24,374314000,amphibious,9000,2022-12-03 18:10:30+00:00,2022-12-03 18:26:23+00:00,129.206,35.08201333,210.2,0.5222222222222223,-27.200000000000017,-1.1,정박/대기
1665,LST-678 북한,25,374314000,amphibious,9000,2022-12-03 18:30:08+00:00,2022-12-03 18:30:08+00:00,129.2061517,35.07927833,250.7,4.3,124.79999999999998,3.8,우선회(124.8°) 가속 저속 운항
1666,LST-678 북한,26,374314000,amphibious,9000,2022-12-03 18:35:00+00:00,2022-12-03 18:35:00+00:00,129.1954067,35.07667167,253.4,7.6,2.700000000000017,3.3,가속 이동/통과
1667,LST-678 북한,27,374314000,amphibious,9000,2022-12-03 18:40:20+00:00,2022-12-03 19:12:10+00:00,129.1818983,35.07370833,255.8,8.39090909090909,2.4000000000000057,0.20000000000000018,이동/통과
1668,LST-678 북한,28,374314000,amphibious,9000,2022-12-03 19:15:02+00:00,2022-12-03 19:18:10+00:00,129.0942817,35.09170333,340.0,5.7,29.80000000000001,-3.6000000000000005,우선회(29.8°) 감속 이동/통과
1669,LST-678 북한,29,374314000,amphibious,9000,2022-12-03 19:20:00+00:00,2022-12-03 19:20:00+00:00,129.093165,35.098305,354.4,3.6,14.399999999999977,-2.1,감속 저속 운항
1670,LST-678 북한,30,374314000,amphibious,9000,2022-12-03 19:24:10+00:00,2022-12-03 19:24:10+00:00,129.0936833,35.10113833,19.0,1.9,24.600000000000023,-1.7000000000000002,우선회(24.6°) 저속 운항
1671,LST-678 북한,31,374314000,amphibious,9000,2022-12-03 19:25:10+00:00,2022-12-06 07:56:40+00:00,129.0940083,35.10171667,23.4,0.023023402909550916,4.399999999999999,-0.3999999999999999,정박/대기
1672,LST-678 북한,32,374314000,amphibious,9000,2022-12-06 08:00:00+00:00,2022-12-06 08:00:00+00:00,129.0934767,35.10245167,282.3,1.9,-77.69999999999999,1.7999999999999998,좌선회(77.7°) 저속 운항
1673,LST-678 북한,33,374314000,amphibious,9000,2022-12-06 08:04:09+00:00,2022-12-06 08:04:09+00:00,129.0906033,35.09881833,192.0,7.4,-90.30000000000001,5.5,좌선회(90.3°) 가속 이동/통과
1674,LST-678 북한,34,374314000,amphibious,9000,2022-12-06 08:04:11+00:00,2022-12-06 08:05:00+00:00,129.0904133,35.09706667,192.0,7.8500000000000005,0.0,0.0,이동/통과
1675,LST-678 북한,35,374314000,amphibious,9000,2022-12-06 08:10:00+00:00,2022-12-06 08:10:09+00:00,129.096725,35.08686667,126.7,7.8,-61.499999999999986,-0.5000000000000009,좌선회(61.5°) 이동/통과
1676,LST-678 북한,36,374314000,amphibious,9000,2022-12-06 08:16:09+00:00,2022-12-06 08:28:10+00:00,129.1062133,35.08068,138.0,8.716666666666667,11.299999999999997,0.10000000000000053,이동/통과
1677,LST-678 북한,37,374314000,amphibious,9000,2022-12-06 08:30:31+00:00,2022-12-06 08:30:31+00:00,129.1274717,35.04819333,194.3,8.1,49.0,-0.7000000000000011,우선회(49.0°) 이동/통과
1678,LST-678 북한,38,374314000,amphibious,9000,2022-12-06 08:34:10+00:00,2022-12-06 14:15:01+00:00,129.12639,35.044915,196.0,7.978,1.6999999999999886,0.0,이동/통과
1679,LST-678 북한,39,374314000,amphibious,9000,2022-12-06 14:21:13+00:00,2022-12-06 14:21:13+00:00,128.4904367,34.47973333,272.7,6.9,32.69999999999999,-0.5999999999999996,우선회(32.7°) 이동/통과
1680,LST-678 북한,40,374314000,amphibious,9000,2022-12-06 14:26:39+00:00,2022-12-06 17:50:32+00:00,128.47781,34.48238833,283.4,7.783928571428571,10.699999999999989,0.1999999999999993,이동/통과
1681,LST-678 북한,41,374314000,amphibious,9000,2022-12-06 17:54:10+00:00,2022-12-06 17:54:10+00:00,127.9588333,34.59720667,343.0,7.7,57.39999999999998,-0.7999999999999998,우선회(57.4°) 이동/통과
1682,LST-678 북한,42,374314000,amphibious,9000,2022-12-06 17:56:11+00:00,2022-12-06 18:30:11+00:00,127.9580183,34.60162667,349.6,8.911111111111111,6.600000000000023,0.9999999999999991,이동/통과
1683,LST-678 북한,43,374314000,amphibious,9000,2022-12-06 18:30:12+00:00,2022-12-06 18:30:12+00:00,127.928415,34.68111833,306.2,9.0,-38.60000000000002,0.0,좌선회(38.6°) 이동/통과
1684,LST-678 북한,44,374314000,amphibious,9000,2022-12-06 18:30:32+00:00,2022-12-06 19:12:14+00:00,127.92761,34.68162333,307.1,9.070833333333333,0.9000000000000341,-0.09999999999999964,이동/통과
1685,LST-678 북한,45,374314000,amphibious,9000,2022-12-06 19:15:10+00:00,2022-12-06 19:15:10+00:00,127.8079883,34.72919167,283.6,3.8,0.8000000000000114,-4.0,감속 저속 운항
1686,LST-678 북한,46,374314000,amphibious,9000,2022-12-06 19:18:13+00:00,2022-12-06 19:18:13+00:00,127.8051633,34.72986,283.0,3.4,-0.6000000000000227,-0.3999999999999999,저속 운항
1687,LST-678 북한,47,374314000,amphibious,9000,2022-12-06 19:20:01+00:00,2022-12-07 03:38:25+00:00,127.80564,34.72959833,124.6,0.16130421865715983,-158.4,-2.2,정박/대기
1688,LST-678 북한,48,374314000,amphibious,9000,2022-12-07 03:40:04+00:00,2022-12-07 03:40:04+00:00,127.8050517,34.73074167,24.1,4.3,24.1,4.0,우선회(24.1°) 가속 저속 운항
1689,LST-678 북한,49,374314000,amphibious,9000,2022-12-07 03:45:49+00:00,2022-12-07 03:45:49+00:00,127.8078717,34.74163167,3.3,8.5,-20.8,4.2,좌선회(20.8°) 가속 이동/통과
1690,LST-678 북한,50,374314000,amphibious,9000,2022-12-07 03:50:09+00:00,2022-12-07 05:02:28+00:00,127.8088267,34.75186333,5.1,8.181818181818182,1.7999999999999998,-0.09999999999999964,이동/통과
1691,LST-678 북한,51,374314000,amphibious,9000,2022-12-07 05:05:08+00:00,2022-12-07 05:08:28+00:00,127.738,34.90093167,285.2,8.6,-28.30000000000001,0.40000000000000036,좌선회(28.3°) 이동/통과
1692,LST-678 북한,52,374314000,amphibious,9000,2022-12-07 05:10:28+00:00,2022-12-07 05:15:07+00:00,127.723045,34.90422667,284.9,8.7,-0.30000000000001137,0.0,이동/통과
1693,LST-678 북한,53,374314000,amphibious,9000,2022-12-07 05:20:17+00:00,2022-12-07 05:20:17+00:00,127.69442,34.907735,262.2,8.9,-21.19999999999999,0.09999999999999964,좌선회(21.2°) 이동/통과
1694,LST-678 북한,54,374314000,amphibious,9000,2022-12-07 05:26:28+00:00,2022-12-07 05:26:28+00:00,127.6845617,34.90546,239.0,8.9,-23.19999999999999,0.0,좌선회(23.2°) 이동/통과
1695,LST-678 북한,55,374314000,amphibious,9000,2022-12-07 05:26:49+00:00,2022-12-07 05:35:27+00:00,127.67635,34.901065,233.2,9.299999999999999,-5.800000000000011,0.29999999999999893,이동/통과
1696,LST-678 북한,56,374314000,amphibious,9000,2022-12-07 05:40:29+00:00,2022-12-07 05:40:29+00:00,127.6402017,34.88271167,269.1,8.3,33.400000000000034,-0.8999999999999986,우선회(33.4°) 이동/통과
1697,LST-678 북한,57,374314000,amphibious,9000,2022-12-07 05:44:29+00:00,2022-12-07 05:44:29+00:00,127.62964,34.885415,284.0,8.3,14.899999999999977,0.0,이동/통과
1698,LST-678 북한,58,374314000,amphibious,9000,2022-12-07 05:45:10+00:00,2022-12-07 05:45:10+00:00,127.628415,34.88631167,312.2,7.2,28.19999999999999,-1.1000000000000005,우선회(28.2°) 이동/통과
1699,LST-678 북한,59,374314000,amphibious,9000,2022-12-07 05:50:28+00:00,2022-12-07 05:50:29+00:00,127.619865,34.8923,292.4,3.7,-19.80000000000001,-3.5,감속 저속 운항
1700,LST-678 북한,60,374314000,amphibious,9000,2022-12-07 05:55:11+00:00,2022-12-07 05:56:30+00:00,127.6147233,34.89492333,318.3,1.0,25.900000000000034,-2.7,우선회(25.9°) 감속 저속 운항
1701,LST-678 북한,61,374314000,amphibious,9000,2022-12-07 06:00:00+00:00,2022-12-09 15:55:11+00:00,127.6132,34.89587833,137.6,0.001541850220264317,179.29999999999998,-0.6,정박/대기
1702,LST-678 북한,62,374314000,amphibious,9000,2022-12-09 16:00:00+00:00,2022-12-09 16:00:00+00:00,127.6140433,34.89596333,61.9,1.6,61.9,1.4000000000000001,우선회(61.9°) 저속 운항
1703,LST-678 북한,63,374314000,amphibious,9000,2022-12-09 16:05:09+00:00,2022-12-09 16:05:09+00:00,127.6149283,34.89623667,127.7,4.2,65.80000000000001,2.6,우선회(65.8°) 가속 저속 운항
1704,LST-678 북한,64,374314000,amphibious,9000,2022-12-09 16:10:29+00:00,2022-12-09 16:10:29+00:00,127.6245167,34.88826,129.5,9.0,1.7999999999999972,4.8,가속 이동/통과
1705,LST-678 북한,65,374314000,amphibious,9000,2022-12-09 16:15:08+00:00,2022-12-09 16:15:08+00:00,127.636525,34.88161667,103.0,8.9,-26.5,-0.09999999999999964,좌선회(26.5°) 이동/통과
1706,LST-678 북한,66,374314000,amphibious,9000,2022-12-09 16:19:39+00:00,2022-12-09 16:19:39+00:00,127.6383617,34.88150167,90.0,8.7,-13.0,-0.20000000000000107,이동/통과
1707,LST-678 북한,67,374314000,amphibious,9000,2022-12-09 16:20:19+00:00,2022-12-09 16:20:19+00:00,127.6503667,34.886795,57.4,9.3,-32.6,0.6000000000000014,좌선회(32.6°) 이동/통과
1708,LST-678 북한,68,374314000,amphibious,9000,2022-12-09 16:25:51+00:00,2022-12-09 16:30:38+00:00,127.664165,34.89523,51.9,9.149999999999999,-5.5,-0.10000000000000142,이동/통과
1709,LST-678 북한,69,374314000,amphibious,9000,2022-12-09 16:35:04+00:00,2022-12-09 16:37:39+00:00,127.68892,34.90684667,81.0,9.1,24.1,0.0,우선회(24.1°) 이동/통과
1710,LST-678 북한,70,374314000,amphibious,9000,2022-12-09 16:40:18+00:00,2022-12-09 16:40:18+00:00,127.70493,34.90604,101.7,9.2,20.700000000000003,0.09999999999999964,우선회(20.7°) 이동/통과
1711,LST-678 북한,71,374314000,amphibious,9000,2022-12-09 16:43:39+00:00,2022-12-09 16:50:39+00:00,127.715345,34.90416333,101.7,9.375,0.0,0.0,이동/통과
1712,LST-678 북한,72,374314000,amphibious,9000,2022-12-09 16:55:37+00:00,2022-12-09 16:55:41+00:00,127.74917,34.89132667,142.7,9.3,27.19999999999999,-0.09999999999999964,우선회(27.2°) 이동/통과
1713,LST-678 북한,73,374314000,amphibious,9000,2022-12-09 17:01:00+00:00,2022-12-09 18:01:41+00:00,127.759965,34.87724167,137.7,9.536111111111111,-7.800000000000011,0.09999999999999964,이동/통과
1714,LST-678 북한,74,374314000,amphibious,9000,2022-12-09 18:06:30+00:00,2022-12-09 18:07:41+00:00,127.83346,34.71684167,129.9,9.3,-30.099999999999994,-0.5,좌선회(30.1°) 이동/통과
1715,LST-678 북한,75,374314000,amphibious,9000,2022-12-09 18:10:20+00:00,2022-12-09 18:37:43+00:00,127.8435833,34.711015,122.8,9.31111111111111,-7.1000000000000085,0.29999999999999893,이동/통과
1716,LST-678 북한,76,374314000,amphibious,9000,2022-12-09 18:40:11+00:00,2022-12-09 18:40:11+00:00,127.917825,34.6665,168.6,9.3,28.599999999999994,0.3000000000000007,우선회(28.6°) 이동/통과
1717,LST-678 북한,77,374314000,amphibious,9000,2022-12-09 18:43:42+00:00,2022-12-09 19:10:09+00:00,127.92045,34.65641,168.6,9.28,0.0,0.0,이동/통과
1718,LST-678 북한,78,374314000,amphibious,9000,2022-12-09 19:13:44+00:00,2022-12-09 19:13:44+00:00,127.9465,34.58489167,122.0,9.4,-46.5,0.3000000000000007,좌선회(46.5°) 이동/통과
1719,LST-678 북한,79,374314000,amphibious,9000,2022-12-09 19:15:08+00:00,2022-12-10 03:05:14+00:00,127.94997,34.58307333,122.8,8.73313953488372,0.7999999999999972,-0.09999999999999964,이동/통과
1720,LST-678 북한,80,374314000,amphibious,9000,2022-12-10 03:07:57+00:00,2022-12-10 03:07:58+00:00,129.1662833,34.03273,104.0,7.2,-26.099999999999994,-0.20000000000000018,좌선회(26.1°) 이동/통과
1721,LST-678 북한,81,374314000,amphibious,9000,2022-12-10 03:10:09+00:00,2022-12-10 11:56:59+00:00,129.1783933,34.03272667,90.2,9.052631578947368,-13.799999999999997,1.1000000000000005,이동/통과
1722,LST-678 북한,82,374314000,amphibious,9000,2022-12-10 12:00:11+00:00,2022-12-10 12:03:02+00:00,130.7856367,34.03878833,118.0,8.3,28.599999999999994,-0.09999999999999964,우선회(28.6°) 이동/통과
1723,LST-678 북한,83,374314000,amphibious,9000,2022-12-10 12:05:00+00:00,2022-12-10 12:09:00+00:00,130.7990133,34.03677,97.7,8.5,-20.299999999999997,0.1999999999999993,좌선회(20.3°) 이동/통과
1724,LST-678 북한,84,374314000,amphibious,9000,2022-12-10 12:10:04+00:00,2022-12-10 12:14:59+00:00,130.8130867,34.034635,121.1,8.0,23.39999999999999,-0.5,우선회(23.4°) 이동/통과
1725,LST-678 북한,85,374314000,amphibious,9000,2022-12-10 12:15:00+00:00,2022-12-10 12:15:00+00:00,130.8213083,34.02530833,145.3,8.6,24.200000000000017,0.5999999999999996,우선회(24.2°) 이동/통과
1726,LST-678 북한,86,374314000,amphibious,9000,2022-12-10 12:20:10+00:00,2022-12-10 12:26:15+00:00,130.8299267,34.01511667,144.4,8.55,-0.9000000000000057,0.0,이동/통과
1727,LST-678 북한,87,374314000,amphibious,9000,2022-12-10 12:30:09+00:00,2022-12-10 12:32:59+00:00,130.8391233,33.99339667,180.1,8.4,20.599999999999994,-0.09999999999999964,우선회(20.6°) 이동/통과
1728,LST-678 북한,88,374314000,amphibious,9000,2022-12-10 12:36:11+00:00,2022-12-10 13:15:02+00:00,130.8379867,33.97953833,185.8,8.01,5.700000000000017,-0.09999999999999964,이동/통과
1729,LST-678 북한,89,374314000,amphibious,9000,2022-12-10 13:20:00+00:00,2022-12-10 13:20:59+00:00,130.9042583,33.90258,111.3,7.599999999999999,-30.39999999999999,-0.20000000000000018,좌선회(30.4°) 이동/통과
1730,LST-678 북한,90,374314000,amphibious,9000,2022-12-10 13:25:20+00:00,2022-12-10 13:25:20+00:00,130.9160867,33.903565,59.0,7.2,-52.3,-0.39999999999999947,좌선회(52.3°) 이동/통과
1731,LST-678 북한,91,374314000,amphibious,9000,2022-12-10 13:30:00+00:00,2022-12-10 13:32:18+00:00,130.925625,33.90759167,47.9,6.099999999999999,-11.100000000000001,-1.1000000000000005,이동/통과
1732,LST-678 북한,92,374314000,amphibious,9000,2022-12-10 13:35:09+00:00,2022-12-10 13:38:17+00:00,130.9306183,33.91567167,24.8,6.3,-23.099999999999998,0.20000000000000018,좌선회(23.1°) 이동/통과
1733,LST-678 북한,93,374314000,amphibious,9000,2022-12-10 13:40:22+00:00,2022-12-10 13:45:01+00:00,130.93442,33.924225,18.6,6.6,-6.199999999999999,0.20000000000000018,이동/통과
1734,LST-678 북한,94,374314000,amphibious,9000,2022-12-10 13:50:11+00:00,2022-12-10 13:50:29+00:00,130.942615,33.94106667,39.7,6.9,20.1,0.20000000000000018,우선회(20.1°) 이동/통과
1735,LST-678 북한,95,374314000,amphibious,9000,2022-12-10 13:55:09+00:00,2022-12-10 14:03:00+00:00,130.9501267,33.94994,35.4,8.15,-4.300000000000004,1.5,이동/통과
1736,LST-678 북한,96,374314000,amphibious,9000,2022-12-10 14:05:08+00:00,2022-12-10 14:09:01+00:00,130.9671333,33.96586333,64.4,7.6,22.200000000000003,-0.3000000000000007,우선회(22.2°) 이동/통과
1737,LST-678 북한,97,374314000,amphibious,9000,2022-12-10 14:12:30+00:00,2022-12-10 14:15:00+00:00,130.9848167,33.97157,69.5,7.6,5.099999999999994,-0.09999999999999964,이동/통과
1738,LST-678 북한,98,374314000,amphibious,9000,2022-12-10 14:20:10+00:00,2022-12-10 14:20:18+00:00,131.0039333,33.97576833,93.0,8.0,24.099999999999994,0.2999999999999998,우선회(24.1°) 이동/통과
1739,LST-678 북한,99,374314000,amphibious,9000,2022-12-10 14:25:08+00:00,2022-12-10 14:26:18+00:00,131.0162883,33.97087167,117.9,8.5,24.900000000000006,0.5,우선회(24.9°) 이동/통과
1740,LST-678 북한,100,374314000,amphibious,9000,2022-12-10 14:30:05+00:00,2022-12-10 15:50:22+00:00,131.028585,33.96509,130.2,9.16,12.299999999999983,-0.09999999999999964,이동/통과
1741,LST-679 화산,0,440204000,amphibious,9000,2022-12-01 00:12:19+00:00,2022-12-01 09:38:47+00:00,128.5921633,35.18664667,149.2,0.0,0.0,0.0,정박/대기
1742,LST-679 화산,1,440204000,amphibious,9000,2022-12-01 09:58:00+00:00,2022-12-01 09:58:00+00:00,128.586965,35.17851,192.8,6.5,43.60000000000002,6.5,우선회(43.6°) 가속 이동/통과
1743,LST-679 화산,2,440204000,amphibious,9000,2022-12-01 10:00:50+00:00,2022-12-01 10:00:50+00:00,128.58682,35.17498,166.9,7.0,-25.900000000000006,0.5,좌선회(25.9°) 이동/통과
1744,LST-679 화산,3,440204000,amphibious,9000,2022-12-01 10:12:29+00:00,2022-12-01 10:12:29+00:00,128.599365,35.14708333,166.5,11.0,-0.4000000000000057,4.0,가속 이동/통과
1745,LST-679 화산,4,440204000,amphibious,9000,2022-12-01 10:15:49+00:00,2022-12-01 11:06:09+00:00,128.6025417,35.13680333,166.4,12.061538461538463,-0.09999999999999432,0.5,이동/통과
1746,LST-679 화산,5,440204000,amphibious,9000,2022-12-01 11:10:09+00:00,2022-12-01 11:10:09+00:00,128.767965,35.02497333,120.9,8.5,3.1000000000000085,-3.1999999999999993,감속 이동/통과
1747,LST-679 화산,6,440204000,amphibious,9000,2022-12-01 11:15:18+00:00,2022-12-01 11:15:19+00:00,128.7802517,35.01902167,120.9,8.55,0.0,0.0,이동/통과
1748,LST-679 화산,7,440204000,amphibious,9000,2022-12-01 11:20:08+00:00,2022-12-01 11:21:18+00:00,128.78882,35.00941667,170.3,10.3,50.20000000000002,1.700000000000001,우선회(50.2°) 이동/통과
1749,LST-679 화산,8,440204000,amphibious,9000,2022-12-01 11:26:29+00:00,2022-12-01 11:30:10+00:00,128.7952767,34.99020333,161.1,11.65,-9.200000000000017,1.5,이동/통과
1750,LST-679 화산,9,440204000,amphibious,9000,2022-12-01 11:35:29+00:00,2022-12-01 11:35:29+00:00,128.8059517,34.96403167,167.4,8.6,8.0,-2.9000000000000004,감속 이동/통과
1751,LST-679 화산,10,440204000,amphibious,9000,2022-12-01 11:41:48+00:00,2022-12-01 12:15:09+00:00,128.809835,34.95036167,162.6,10.333333333333334,-4.800000000000011,0.40000000000000036,이동/통과
1752,LST-679 화산,11,440204000,amphibious,9000,2022-12-01 12:21:10+00:00,2022-12-01 12:21:10+00:00,128.8414467,34.83907833,170.9,10.5,-21.299999999999983,0.3000000000000007,좌선회(21.3°) 이동/통과
1753,LST-679 화산,12,440204000,amphibious,9000,2022-12-01 12:30:30+00:00,2022-12-02 09:36:31+00:00,128.8467483,34.81150167,172.4,10.942063492063493,1.5,0.1999999999999993,이동/통과
1754,LST-681 고준봉,0,215183000,amphibious,9000,2022-12-01 00:01:05+00:00,2022-12-01 12:10:03+00:00,129.0735833,35.10426667,305.0,0.08816574585635359,0.0,0.0,정박/대기
1755,LST-681 고준봉,1,215183000,amphibious,9000,2022-12-01 12:14:09+00:00,2022-12-01 12:14:09+00:00,129.0729167,35.1031,158.0,1.1,25.099999999999994,0.9000000000000001,우선회(25.1°) 저속 운항
1756,LST-681 고준봉,2,215183000,amphibious,9000,2022-12-01 12:15:02+00:00,2022-12-01 12:16:19+00:00,129.0723833,35.10176667,291.1,0.2,133.10000000000002,-0.9000000000000001,정박/대기
1757,LST-681 고준봉,3,215183000,amphibious,9000,2022-12-01 12:20:04+00:00,2022-12-01 12:22:20+00:00,129.0721333,35.10236667,149.2,1.2,-141.90000000000003,1.0,좌선회(141.9°) 저속 운항
1758,LST-681 고준봉,4,215183000,amphibious,9000,2022-12-01 12:25:04+00:00,2022-12-01 12:25:04+00:00,129.0792167,35.0974,142.6,9.7,-6.599999999999994,8.5,가속 이동/통과
1759,LST-681 고준봉,5,215183000,amphibious,9000,2022-12-01 12:30:04+00:00,2022-12-01 12:34:24+00:00,129.09375,35.0881,130.0,10.0,-12.599999999999994,0.3000000000000007,이동/통과
1760,LST-681 고준봉,6,215183000,amphibious,9000,2022-12-01 12:35:05+00:00,2022-12-01 12:35:05+00:00,129.1055333,35.0811,136.6,7.8,6.599999999999994,-2.2,감속 이동/통과
1761,LST-681 고준봉,7,215183000,amphibious,9000,2022-12-01 12:40:04+00:00,2022-12-01 12:58:24+00:00,129.1145167,35.0738,135.1,8.166666666666666,-1.5,-0.7000000000000002,이동/통과
1762,LST-681 고준봉,8,215183000,amphibious,9000,2022-12-01 13:00:03+00:00,2022-12-01 13:00:03+00:00,129.1543167,35.0382,154.9,11.7,18.0,2.6999999999999993,가속 이동/통과
1763,LST-681 고준봉,9,215183000,amphibious,9000,2022-12-01 13:04:24+00:00,2022-12-02 07:34:43+00:00,129.1602,35.0291,155.0,12.762424242424244,0.09999999999999432,1.0,이동/통과
1764,LST-682 비로봉,0,372024000,amphibious,9000,2022-12-01 00:06:43+00:00,2022-12-01 10:28:35+00:00,128.6110767,33.45313167,19.8,10.673021582733812,0.0,0.0,이동/통과
1765,LST-682 비로봉,1,372024000,amphibious,9000,2022-12-01 10:41:44+00:00,2022-12-01 10:41:44+00:00,129.4716117,35.187695,63.6,5.9,40.0,-1.2999999999999998,우선회(40.0°) 이동/통과
1766,LST-682 비로봉,2,372024000,amphibious,9000,2022-12-01 10:46:54+00:00,2022-12-01 10:59:43+00:00,129.4806167,35.19169667,61.2,5.4,-2.3999999999999986,-0.10000000000000053,이동/통과
1767,LST-682 비로봉,3,372024000,amphibious,9000,2022-12-01 11:02:44+00:00,2022-12-01 11:02:44+00:00,129.5067183,35.19966167,67.0,4.4,-6.5,-0.5999999999999996,저속 운항
1768,LST-682 비로봉,4,372024000,amphibious,9000,2022-12-01 11:05:34+00:00,2022-12-01 11:05:34+00:00,129.5098417,35.20142833,45.4,3.4,-21.6,-1.0000000000000004,좌선회(21.6°) 저속 운항
1769,LST-682 비로봉,5,372024000,amphibious,9000,2022-12-01 11:10:13+00:00,2022-12-01 11:15:15+00:00,129.5133417,35.20417333,45.1,2.3499999999999996,-0.29999999999999716,-0.6000000000000001,저속 운항
1770,LST-682 비로봉,6,372024000,amphibious,9000,2022-12-01 11:24:13+00:00,2022-12-01 11:24:13+00:00,129.51885,35.20953333,61.0,1.9,24.299999999999997,0.0,우선회(24.3°) 저속 운항
1771,LST-682 비로봉,7,372024000,amphibious,9000,2022-12-01 11:30:12+00:00,2022-12-01 11:30:12+00:00,129.52114,35.211025,61.0,0.7,0.0,-1.2,정박/대기
1772,LST-682 비로봉,8,372024000,amphibious,9000,2022-12-01 11:42:15+00:00,2022-12-01 11:42:15+00:00,129.5242483,35.21332167,39.8,1.3,-21.200000000000003,0.6000000000000001,좌선회(21.2°) 저속 운항
1773,LST-682 비로봉,9,372024000,amphibious,9000,2022-12-01 11:51:16+00:00,2022-12-01 12:09:16+00:00,129.52631,35.21462667,37.3,1.85,-2.5,0.8,저속 운항
1774,LST-682 비로봉,10,372024000,amphibious,9000,2022-12-01 12:12:14+00:00,2022-12-01 12:12:14+00:00,129.5305317,35.218245,198.0,0.5,165.0,-1.1,정박/대기
1775,LST-682 비로봉,11,372024000,amphibious,9000,2022-12-01 12:27:14+00:00,2022-12-01 12:27:14+00:00,129.53298,35.22121333,34.6,1.1,-163.4,0.6000000000000001,좌선회(163.4°) 저속 운항
1776,LST-682 비로봉,12,372024000,amphibious,9000,2022-12-01 12:33:15+00:00,2022-12-01 12:33:15+00:00,129.5337483,35.22257667,233.6,1.1,-161.0,0.0,좌선회(161.0°) 저속 운항
1777,LST-682 비로봉,13,372024000,amphibious,9000,2022-12-01 12:39:50+00:00,2022-12-01 12:39:50+00:00,129.531905,35.22526333,321.9,2.3,88.29999999999998,1.1999999999999997,우선회(88.3°) 저속 운항
1778,LST-682 비로봉,14,372024000,amphibious,9000,2022-12-01 12:41:11+00:00,2022-12-01 12:41:11+00:00,129.5311533,35.22573167,301.5,2.2,-20.399999999999977,-0.09999999999999964,좌선회(20.4°) 저속 운항
1779,LST-682 비로봉,15,372024000,amphibious,9000,2022-12-01 12:48:19+00:00,2022-12-01 12:57:51+00:00,129.5246383,35.22734333,283.8,4.25,-17.69999999999999,1.7999999999999998,저속 운항
1780,LST-682 비로봉,16,372024000,amphibious,9000,2022-12-01 13:08:52+00:00,2022-12-01 13:08:52+00:00,129.4955783,35.22949167,288.4,4.0,24.0,-0.5,우선회(24.0°) 저속 운항
1781,LST-682 비로봉,17,372024000,amphibious,9000,2022-12-01 13:12:41+00:00,2022-12-01 13:28:01+00:00,129.4909633,35.23031667,287.5,3.733333333333333,-0.8999999999999773,-0.20000000000000018,저속 운항
1782,LST-682 비로봉,18,372024000,amphibious,9000,2022-12-01 13:33:49+00:00,2022-12-01 13:33:49+00:00,129.46725,35.23428667,310.1,3.6,27.0,0.30000000000000027,우선회(27.0°) 저속 운항
1783,LST-682 비로봉,19,372024000,amphibious,9000,2022-12-01 13:48:44+00:00,2022-12-01 13:48:44+00:00,129.46175,35.24016333,9.7,0.9,59.599999999999966,-2.7,정박/대기
1784,LST-682 비로봉,20,372024000,amphibious,9000,2022-12-01 13:51:46+00:00,2022-12-01 13:51:46+00:00,129.4618817,35.24108667,339.8,1.3,-29.899999999999977,0.4,좌선회(29.9°) 저속 운항
1785,LST-682 비로봉,21,372024000,amphibious,9000,2022-12-01 14:08:22+00:00,2022-12-01 14:08:22+00:00,129.46425,35.25443167,9.0,4.0,29.19999999999999,2.7,우선회(29.2°) 가속 저속 운항
1786,LST-682 비로봉,22,372024000,amphibious,9000,2022-12-01 14:10:04+00:00,2022-12-01 14:15:44+00:00,129.4647533,35.25630167,13.1,4.15,4.1,0.09999999999999964,저속 운항
1787,LST-682 비로봉,23,372024000,amphibious,9000,2022-12-01 14:21:23+00:00,2022-12-01 14:56:24+00:00,129.4692133,35.26961833,12.9,5.857142857142857,-3.700000000000001,0.8999999999999995,이동/통과
1788,LST-682 비로봉,24,372024000,amphibious,9000,2022-12-01 15:00:34+00:00,2022-12-01 15:00:34+00:00,129.4750117,35.33526833,327.9,7.0,-20.700000000000045,1.0999999999999996,좌선회(20.7°) 이동/통과
1789,LST-682 비로봉,25,372024000,amphibious,9000,2022-12-01 15:02:15+00:00,2022-12-01 15:07:24+00:00,129.4740133,35.336715,332.0,7.0,4.100000000000023,0.40000000000000036,이동/통과
1790,LST-682 비로봉,26,372024000,amphibious,9000,2022-12-01 15:16:23+00:00,2022-12-01 15:16:23+00:00,129.45762,35.3592,310.6,4.3,-23.0,-2.3,좌선회(23.0°) 감속 저속 운항
1791,LST-682 비로봉,27,372024000,amphibious,9000,2022-12-01 15:22:44+00:00,2022-12-01 15:22:44+00:00,129.4488967,35.36512667,306.8,6.7,-3.8000000000000114,2.4000000000000004,가속 이동/통과
1792,LST-682 비로봉,28,372024000,amphibious,9000,2022-12-01 15:36:13+00:00,2022-12-01 15:36:13+00:00,129.433,35.3773,305.0,3.2,-1.8000000000000114,-3.5,감속 저속 운항
1793,LST-682 비로봉,29,372024000,amphibious,9000,2022-12-01 15:46:43+00:00,2022-12-01 15:46:43+00:00,129.4134033,35.3785,264.6,8.6,-40.39999999999998,5.3999999999999995,좌선회(40.4°) 가속 이동/통과
1794,LST-682 비로봉,30,372024000,amphibious,9000,2022-12-01 16:00:15+00:00,2022-12-01 16:00:15+00:00,129.378835,35.39084833,348.0,8.8,83.39999999999998,0.20000000000000107,우선회(83.4°) 이동/통과
1795,LST-682 비로봉,31,372024000,amphibious,9000,2022-12-01 16:10:25+00:00,2022-12-01 16:10:25+00:00,129.3765767,35.41556833,346.6,7.2,-1.3999999999999773,-1.6000000000000005,이동/통과
1796,LST-682 비로봉,32,372024000,amphibious,9000,2022-12-01 16:17:59+00:00,2022-12-01 16:17:59+00:00,129.375,35.4277,1.0,5.1,14.399999999999977,-2.1000000000000005,감속 이동/통과
1797,LST-682 비로봉,33,372024000,amphibious,9000,2022-12-01 16:21:03+00:00,2022-12-01 16:21:03+00:00,129.3752583,35.431995,344.4,3.7,-16.600000000000023,-1.3999999999999995,저속 운항
1798,LST-682 비로봉,34,372024000,amphibious,9000,2022-12-01 16:29:36+00:00,2022-12-01 16:29:36+00:00,129.3719833,35.43714333,342.9,0.8,-1.5,-2.9000000000000004,정박/대기
1799,LST-682 비로봉,35,372024000,amphibious,9000,2022-12-01 16:31:43+00:00,2022-12-01 16:31:43+00:00,129.371325,35.43731,274.2,1.7,-68.69999999999999,0.8999999999999999,좌선회(68.7°) 저속 운항
1800,LST-682 비로봉,36,372024000,amphibious,9000,2022-12-01 16:49:21+00:00,2022-12-04 02:09:33+00:00,129.3675417,35.43680333,162.7,0.03426666666666667,-111.5,-1.7,정박/대기
1801,LST-682 비로봉,37,372024000,amphibious,9000,2022-12-04 02:52:57+00:00,2022-12-04 02:52:57+00:00,129.390795,35.3661,153.9,5.8,-53.400000000000006,5.8,좌선회(53.4°) 가속 이동/통과
1802,LST-682 비로봉,38,372024000,amphibious,9000,2022-12-04 03:15:55+00:00,2022-12-04 03:15:55+00:00,129.3832767,35.30718167,207.4,11.5,53.5,5.7,우선회(53.5°) 가속 이동/통과
1803,LST-682 비로봉,39,372024000,amphibious,9000,2022-12-04 03:22:06+00:00,2022-12-04 03:25:49+00:00,129.3720917,35.29012833,209.0,11.0,1.5999999999999943,-0.40000000000000036,이동/통과
1804,LST-682 비로봉,40,372024000,amphibious,9000,2022-12-04 03:36:17+00:00,2022-12-04 03:36:17+00:00,129.3727883,35.24675833,158.8,12.2,-38.69999999999999,1.299999999999999,좌선회(38.7°) 이동/통과
1805,LST-682 비로봉,41,372024000,amphibious,9000,2022-12-04 03:37:50+00:00,2022-12-04 09:07:51+00:00,129.3736617,35.24467333,164.0,12.218666666666666,5.199999999999989,0.0,이동/통과
1806,LST-682 비로봉,42,372024000,amphibious,9000,2022-12-04 09:10:05+00:00,2022-12-04 09:13:50+00:00,128.7234917,34.286355,250.5,11.9,42.599999999999994,-0.5999999999999996,우선회(42.6°) 이동/통과
1807,LST-682 비로봉,43,372024000,amphibious,9000,2022-12-04 09:15:07+00:00,2022-12-04 09:15:07+00:00,128.7039767,34.28415833,274.6,11.8,24.100000000000023,-0.09999999999999964,우선회(24.1°) 이동/통과
1808,LST-682 비로봉,44,372024000,amphibious,9000,2022-12-04 09:19:51+00:00,2022-12-04 12:50:06+00:00,128.6973683,34.28451667,271.0,11.545,-3.6000000000000227,0.1999999999999993,이동/통과
1809,LST-682 비로봉,45,372024000,amphibious,9000,2022-12-04 13:03:07+00:00,2022-12-04 13:03:07+00:00,127.9573083,34.59103333,346.3,11.1,31.19999999999999,-0.3000000000000007,우선회(31.2°) 이동/통과
1810,LST-682 비로봉,46,372024000,amphibious,9000,2022-12-04 13:05:26+00:00,2022-12-04 13:25:49+00:00,127.9553817,34.59806833,346.5,10.971428571428572,0.19999999999998863,0.0,이동/통과
1811,LST-682 비로봉,47,372024000,amphibious,9000,2022-12-04 13:30:33+00:00,2022-12-04 13:31:51+00:00,127.9377167,34.67320167,328.0,9.6,-20.19999999999999,-1.3000000000000007,좌선회(20.2°) 이동/통과
1812,LST-682 비로봉,48,372024000,amphibious,9000,2022-12-04 13:35:45+00:00,2022-12-04 13:35:45+00:00,127.9241367,34.68137167,302.4,10.0,-24.80000000000001,0.40000000000000036,좌선회(24.8°) 이동/통과
1813,LST-682 비로봉,49,372024000,amphibious,9000,2022-12-04 13:37:48+00:00,2022-12-04 14:01:51+00:00,127.9193817,34.68395167,303.0,9.700000000000001,0.6000000000000227,0.0,이동/통과
1814,LST-682 비로봉,50,372024000,amphibious,9000,2022-12-04 14:05:55+00:00,2022-12-04 14:05:55+00:00,127.8436567,34.72169,288.5,5.2,-6.600000000000023,-3.3,감속 이동/통과
1815,LST-682 비로봉,51,372024000,amphibious,9000,2022-12-04 14:07:49+00:00,2022-12-04 14:07:49+00:00,127.843075,34.72185833,289.0,4.9,0.5,-0.2999999999999998,저속 운항
1816,LST-682 비로봉,52,372024000,amphibious,9000,2022-12-04 14:10:16+00:00,2022-12-04 14:10:16+00:00,127.83824,34.72300833,280.2,2.9,-8.800000000000011,-2.0000000000000004,감속 저속 운항
1817,LST-682 비로봉,53,372024000,amphibious,9000,2022-12-04 14:13:48+00:00,2022-12-04 14:19:47+00:00,127.834265,34.72343833,280.2,3.25,0.0,0.0,저속 운항
1818,LST-682 비로봉,54,372024000,amphibious,9000,2022-12-04 14:20:36+00:00,2022-12-04 14:20:56+00:00,127.8281383,34.72307167,305.5,2.2666666666666666,41.69999999999999,-1.4,우선회(41.7°) 저속 운항
1819,LST-682 비로봉,55,372024000,amphibious,9000,2022-12-04 14:25:07+00:00,2022-12-04 14:25:07+00:00,127.8239767,34.72331167,269.5,3.3,-38.60000000000002,1.0,좌선회(38.6°) 저속 운항
1820,LST-682 비로봉,56,372024000,amphibious,9000,2022-12-04 14:25:49+00:00,2022-12-04 14:37:47+00:00,127.82243,34.72333667,269.5,2.9,0.0,0.0,저속 운항
1821,LST-682 비로봉,57,372024000,amphibious,9000,2022-12-04 14:40:45+00:00,2022-12-04 14:43:49+00:00,127.81196,34.72523167,45.9,3.4,141.4,0.7999999999999998,우선회(141.4°) 저속 운항
1822,LST-682 비로봉,58,372024000,amphibious,9000,2022-12-04 14:45:05+00:00,2022-12-04 14:45:05+00:00,127.81293,34.72957833,348.4,3.8,-57.5,0.3999999999999999,좌선회(57.5°) 저속 운항
1823,LST-682 비로봉,59,372024000,amphibious,9000,2022-12-04 14:49:48+00:00,2022-12-04 14:49:48+00:00,127.8113517,34.72976833,348.4,3.8,0.0,0.0,저속 운항
1824,LST-682 비로봉,60,372024000,amphibious,9000,2022-12-04 14:50:13+00:00,2022-12-04 14:50:13+00:00,127.8113517,34.72976833,238.4,2.5,-109.99999999999997,-1.2999999999999998,좌선회(110.0°) 저속 운항
1825,LST-682 비로봉,61,372024000,amphibious,9000,2022-12-04 14:54:57+00:00,2022-12-04 15:01:49+00:00,127.8092233,34.72829167,209.0,1.675,-29.400000000000006,-0.8999999999999999,좌선회(29.4°) 저속 운항
1826,LST-682 비로봉,62,372024000,amphibious,9000,2022-12-04 15:07:49+00:00,2022-12-04 20:25:59+00:00,127.811995,34.72673667,83.0,0.18984555984555984,-115.1,-1.2,정박/대기
1827,LST-682 비로봉,63,372024000,amphibious,9000,2022-12-04 20:30:36+00:00,2022-12-04 20:30:36+00:00,127.8139383,34.72804667,52.0,2.5,-156.7,2.2,좌선회(156.7°) 가속 저속 운항
1828,LST-682 비로봉,64,372024000,amphibious,9000,2022-12-04 20:31:50+00:00,2022-12-04 20:31:50+00:00,127.815015,34.72878667,49.0,2.3,-3.0,-0.20000000000000018,저속 운항
1829,LST-682 비로봉,65,372024000,amphibious,9000,2022-12-04 20:43:49+00:00,2022-12-04 20:49:48+00:00,127.81856,34.73050167,40.0,0.5833333333333334,-9.0,-2.1999999999999997,정박/대기
1830,LST-682 비로봉,66,372024000,amphibious,9000,2022-12-04 20:50:35+00:00,2022-12-04 20:50:35+00:00,127.8215267,34.73022333,46.8,2.9,-89.2,1.7999999999999998,좌선회(89.2°) 저속 운항
1831,LST-682 비로봉,67,372024000,amphibious,9000,2022-12-04 20:55:15+00:00,2022-12-04 20:55:50+00:00,127.82031,34.733395,285.1,4.066666666666666,-121.69999999999999,1.1,좌선회(121.7°) 저속 운항
1832,LST-682 비로봉,68,372024000,amphibious,9000,2022-12-04 21:00:16+00:00,2022-12-04 21:00:16+00:00,127.8127917,34.73357,271.4,3.7,-11.200000000000045,-0.39999999999999947,저속 운항
1833,LST-682 비로봉,69,372024000,amphibious,9000,2022-12-04 21:05:05+00:00,2022-12-04 21:13:50+00:00,127.80999,34.73347,107.0,1.1,-164.39999999999998,-2.6,좌선회(164.4°) 감속 저속 운항
1834,LST-682 비로봉,70,372024000,amphibious,9000,2022-12-04 21:19:50+00:00,2022-12-04 21:19:50+00:00,127.81063,34.73164667,234.0,1.0,127.0,-0.10000000000000009,우선회(127.0°) 저속 운항
1835,LST-682 비로봉,71,372024000,amphibious,9000,2022-12-04 21:25:47+00:00,2022-12-04 22:39:25+00:00,127.809825,34.73130167,247.0,0.4009259259259259,13.0,-0.09999999999999998,정박/대기
1836,LST-682 비로봉,72,372024000,amphibious,9000,2022-12-04 22:42:27+00:00,2022-12-04 22:49:48+00:00,127.80884,34.73191667,327.2,1.0,-34.400000000000034,0.4,좌선회(34.4°) 저속 운항
1837,LST-682 비로봉,73,372024000,amphibious,9000,2022-12-04 22:54:24+00:00,2022-12-04 22:55:50+00:00,127.808445,34.73213833,153.5,1.3,-173.5,0.30000000000000004,좌선회(173.5°) 저속 운항
1838,LST-682 비로봉,74,372024000,amphibious,9000,2022-12-04 23:03:25+00:00,2022-12-04 23:07:49+00:00,127.809955,34.72995,129.9,1.1,-23.599999999999994,-0.19999999999999996,좌선회(23.6°) 저속 운항
1839,LST-682 비로봉,75,372024000,amphibious,9000,2022-12-04 23:13:48+00:00,2022-12-04 23:13:48+00:00,127.8117517,34.729335,123.0,0.9,-7.0,-0.20000000000000007,정박/대기
1840,LST-682 비로봉,76,372024000,amphibious,9000,2022-12-04 23:19:50+00:00,2022-12-04 23:19:50+00:00,127.8136717,34.72753333,150.0,1.0,27.0,0.09999999999999998,우선회(27.0°) 저속 운항
1841,LST-682 비로봉,77,372024000,amphibious,9000,2022-12-04 23:21:25+00:00,2022-12-04 23:25:47+00:00,127.8142783,34.7267,153.9,1.4,3.9000000000000057,0.3999999999999999,저속 운항
1842,LST-682 비로봉,78,372024000,amphibious,9000,2022-12-04 23:31:47+00:00,2022-12-04 23:31:47+00:00,127.8171367,34.72515167,79.0,1.5,-74.9,0.10000000000000009,좌선회(74.9°) 저속 운항
1843,LST-682 비로봉,79,372024000,amphibious,9000,2022-12-04 23:36:27+00:00,2022-12-04 23:37:49+00:00,127.8196317,34.72676833,32.3,1.7,-46.7,0.19999999999999996,좌선회(46.7°) 저속 운항
1844,LST-682 비로봉,80,372024000,amphibious,9000,2022-12-04 23:41:02+00:00,2022-12-04 23:41:02+00:00,127.8209967,34.72616167,172.4,3.2,140.4,1.5000000000000002,우선회(140.4°) 저속 운항
1845,LST-682 비로봉,81,372024000,amphibious,9000,2022-12-04 23:43:48+00:00,2022-12-04 23:43:48+00:00,127.8194233,34.723795,172.4,3.2,0.0,0.0,저속 운항
1846,LST-682 비로봉,82,372024000,amphibious,9000,2022-12-04 23:46:02+00:00,2022-12-04 23:46:02+00:00,127.817315,34.72370333,290.8,3.0,118.4,-0.20000000000000018,우선회(118.4°) 저속 운항
1847,LST-682 비로봉,83,372024000,amphibious,9000,2022-12-04 23:49:50+00:00,2022-12-04 23:49:50+00:00,127.8168783,34.72683,290.8,3.0,0.0,0.0,저속 운항
1848,LST-682 비로봉,84,372024000,amphibious,9000,2022-12-04 23:50:02+00:00,2022-12-04 23:50:02+00:00,127.8168783,34.72683,30.3,3.7,99.5,0.7000000000000002,우선회(99.5°) 저속 운항
1849,LST-682 비로봉,85,372024000,amphibious,9000,2022-12-04 23:55:02+00:00,2022-12-04 23:55:02+00:00,127.82185,34.73062,51.2,4.6,20.900000000000002,0.8999999999999995,우선회(20.9°) 저속 운항
1850,LST-682 비로봉,86,372024000,amphibious,9000,2022-12-04 23:55:49+00:00,2022-12-04 23:55:49+00:00,127.8227083,34.73144833,51.2,4.6,0.0,0.0,저속 운항
1851,LST-682 비로봉,87,372024000,amphibious,9000,2022-12-05 00:00:41+00:00,2022-12-05 00:01:48+00:00,127.8190283,34.73888333,331.6,7.9,-79.59999999999997,3.3000000000000007,좌선회(79.6°) 가속 이동/통과
1852,LST-682 비로봉,88,372024000,amphibious,9000,2022-12-05 00:07:50+00:00,2022-12-05 00:07:50+00:00,127.8138917,34.75801833,331.6,7.9,0.0,0.0,이동/통과
1853,LST-682 비로봉,89,372024000,amphibious,9000,2022-12-05 00:08:12+00:00,2022-12-05 00:08:12+00:00,127.8138917,34.75801833,1.9,10.3,30.299999999999955,2.4000000000000004,우선회(30.3°) 가속 이동/통과
1854,LST-682 비로봉,90,372024000,amphibious,9000,2022-12-05 00:10:21+00:00,2022-12-05 00:49:47+00:00,127.8141067,34.76418,356.5,10.153846153846153,-5.399999999999977,-0.10000000000000142,이동/통과
1855,LST-682 비로봉,91,372024000,amphibious,9000,2022-12-05 00:50:32+00:00,2022-12-05 00:50:32+00:00,127.7736483,34.86714833,279.9,9.0,-35.10000000000002,-1.0,좌선회(35.1°) 이동/통과
1856,LST-682 비로봉,92,372024000,amphibious,9000,2022-12-05 00:55:03+00:00,2022-12-05 00:55:03+00:00,127.7618217,34.86740833,275.7,6.8,-4.199999999999989,-2.2,감속 이동/통과
1857,LST-682 비로봉,93,372024000,amphibious,9000,2022-12-05 01:00:03+00:00,2022-12-05 01:00:03+00:00,127.7532733,34.86587333,225.6,3.7,-50.099999999999994,-3.0999999999999996,좌선회(50.1°) 감속 저속 운항
1858,LST-682 비로봉,94,372024000,amphibious,9000,2022-12-05 01:05:23+00:00,2022-12-05 01:05:23+00:00,127.74982,34.86254333,223.7,2.1,-1.9000000000000057,-1.6,저속 운항
1859,LST-682 비로봉,95,372024000,amphibious,9000,2022-12-05 01:07:49+00:00,2022-12-05 01:07:49+00:00,127.7489383,34.86182167,245.0,1.2,21.30000000000001,-0.9000000000000001,우선회(21.3°) 저속 운항
1860,LST-682 비로봉,96,372024000,amphibious,9000,2022-12-05 01:10:24+00:00,2022-12-07 10:50:11+00:00,127.7483333,34.861645,186.1,0.13068343752100559,-58.900000000000006,-1.0,정박/대기
1861,LST-682 비로봉,97,372024000,amphibious,9000,2022-12-07 10:55:10+00:00,2022-12-07 10:55:10+00:00,127.74947,34.86343333,8.5,1.8,-7.1,1.1,저속 운항
1862,LST-682 비로봉,98,372024000,amphibious,9000,2022-12-07 11:00:24+00:00,2022-12-07 11:01:49+00:00,127.7490217,34.86370833,76.9,0.9,68.4,-0.9,정박/대기
1863,LST-682 비로봉,99,372024000,amphibious,9000,2022-12-07 11:05:10+00:00,2022-12-07 11:05:10+00:00,127.7517067,34.86559,54.9,3.4,-22.000000000000007,2.5,좌선회(22.0°) 가속 저속 운항
1864,LST-682 비로봉,100,372024000,amphibious,9000,2022-12-07 11:10:10+00:00,2022-12-07 11:10:10+00:00,127.7593367,34.866675,91.5,6.2,36.6,2.8000000000000003,우선회(36.6°) 가속 이동/통과
1865,LST-682 비로봉,101,372024000,amphibious,9000,2022-12-07 11:13:50+00:00,2022-12-07 11:19:47+00:00,127.7623933,34.86658167,90.0,7.733333333333333,-1.5,0.7999999999999998,이동/통과
1866,LST-682 비로봉,102,372024000,amphibious,9000,2022-12-07 11:20:22+00:00,2022-12-07 11:20:22+00:00,127.7825033,34.85783333,153.3,9.2,46.900000000000006,1.0999999999999996,우선회(46.9°) 이동/통과
1867,LST-682 비로봉,103,372024000,amphibious,9000,2022-12-07 11:25:01+00:00,2022-12-07 12:13:47+00:00,127.78777,34.84647,154.9,9.564705882352941,1.5999999999999943,0.40000000000000036,이동/통과
1868,LST-682 비로봉,104,372024000,amphibious,9000,2022-12-07 12:15:22+00:00,2022-12-07 12:15:22+00:00,127.829215,34.72099667,131.0,9.5,-32.80000000000001,-0.6999999999999993,좌선회(32.8°) 이동/통과
1869,LST-682 비로봉,105,372024000,amphibious,9000,2022-12-07 12:19:48+00:00,2022-12-07 12:43:48+00:00,127.8418083,34.71432167,131.0,11.325,0.0,0.0,이동/통과
1870,LST-682 비로봉,106,372024000,amphibious,9000,2022-12-07 12:46:01+00:00,2022-12-07 12:49:50+00:00,127.919215,34.66492667,177.1,11.2,40.099999999999994,-0.20000000000000107,우선회(40.1°) 이동/통과
1871,LST-682 비로봉,107,372024000,amphibious,9000,2022-12-07 12:51:10+00:00,2022-12-07 14:05:22+00:00,127.920685,34.648655,176.0,11.595238095238095,-1.0999999999999943,0.3000000000000007,이동/통과
1872,LST-682 비로봉,108,372024000,amphibious,9000,2022-12-07 14:11:11+00:00,2022-12-07 14:13:47+00:00,127.9556867,34.39432,195.5,10.8,20.80000000000001,-0.5,우선회(20.8°) 이동/통과
1873,LST-682 비로봉,109,372024000,amphibious,9000,2022-12-07 14:15:22+00:00,2022-12-07 18:02:28+00:00,127.9515733,34.382165,192.4,11.2125,-3.0999999999999943,0.1999999999999993,이동/통과
1874,LST-683 향로봉,0,563161700,amphibious,9000,2022-12-01 00:00:01+00:00,2022-12-01 00:00:01+00:00,130.3983983,33.65219833,242.8,6.4,0.0,0.0,이동/통과
1875,LST-683 향로봉,1,563161700,amphibious,9000,2022-12-01 00:00:02+00:00,2022-12-01 00:06:01+00:00,130.3847917,33.64659333,245.6,12.35,2.799999999999983,4.699999999999999,가속 이동/통과
1876,LST-683 향로봉,2,563161700,amphibious,9000,2022-12-01 00:10:03+00:00,2022-12-01 00:10:03+00:00,130.3456933,33.63557833,285.1,11.4,40.900000000000034,-2.1999999999999993,우선회(40.9°) 감속 이동/통과
1877,LST-683 향로봉,3,563161700,amphibious,9000,2022-12-01 00:11:59+00:00,2022-12-01 00:30:01+00:00,130.3020733,33.64886333,285.1,13.080000000000002,0.0,0.0,이동/통과
1878,LST-683 향로봉,4,563161700,amphibious,9000,2022-12-01 00:30:13+00:00,2022-12-01 00:30:13+00:00,130.2711033,33.67037833,325.6,13.3,22.700000000000045,-0.5,우선회(22.7°) 이동/통과
1879,LST-683 향로봉,5,563161700,amphibious,9000,2022-12-01 00:35:01+00:00,2022-12-01 00:40:01+00:00,130.2608517,33.68575833,333.8,13.2,8.199999999999989,-0.20000000000000107,이동/통과
1880,LST-683 향로봉,6,563161700,amphibious,9000,2022-12-01 00:45:12+00:00,2022-12-01 00:48:01+00:00,130.2516533,33.72015167,19.3,12.7,42.80000000000001,-0.6000000000000014,우선회(42.8°) 이동/통과
1881,LST-683 향로봉,7,563161700,amphibious,9000,2022-12-01 00:48:03+00:00,2022-12-01 01:54:01+00:00,130.2692283,33.760915,19.3,13.294736842105262,0.0,0.0,이동/통과
1882,LST-683 향로봉,8,563161700,amphibious,9000,2022-12-01 01:55:00+00:00,2022-12-01 01:55:00+00:00,130.4067817,33.94242167,65.0,14.0,31.0,0.40000000000000036,우선회(31.0°) 이동/통과
1883,LST-683 향로봉,9,563161700,amphibious,9000,2022-12-01 02:00:00+00:00,2022-12-01 03:06:04+00:00,130.4288567,33.94954833,71.4,14.358823529411765,6.400000000000006,0.0,이동/통과
1884,LST-683 향로봉,10,563161700,amphibious,9000,2022-12-01 03:10:06+00:00,2022-12-01 03:10:06+00:00,130.736115,34.059965,100.1,15.1,27.099999999999994,0.40000000000000036,우선회(27.1°) 이동/통과
1885,LST-683 향로봉,11,563161700,amphibious,9000,2022-12-01 03:11:59+00:00,2022-12-01 03:30:01+00:00,130.802555,34.04596333,100.1,15.049999999999999,0.0,0.0,이동/통과
1886,LST-683 향로봉,12,563161700,amphibious,9000,2022-12-01 03:30:05+00:00,2022-12-01 03:30:05+00:00,130.8290133,34.03389333,146.1,13.7,38.0,-0.5,우선회(38.0°) 이동/통과
1887,LST-683 향로봉,13,563161700,amphibious,9000,2022-12-01 03:35:10+00:00,2022-12-01 03:42:01+00:00,130.8441467,34.01933,130.9,13.6,-15.199999999999989,-0.29999999999999893,이동/통과
1888,LST-683 향로봉,14,563161700,amphibious,9000,2022-12-01 03:45:00+00:00,2022-12-01 03:48:01+00:00,130.873675,33.99183667,157.5,12.5,23.69999999999999,-1.1999999999999993,우선회(23.7°) 이동/통과
1889,LST-683 향로봉,15,563161700,amphibious,9000,2022-12-01 03:50:01+00:00,2022-12-01 03:54:02+00:00,130.8762933,33.97873333,176.1,7.3,18.599999999999994,-5.2,감속 이동/통과
1890,LST-683 향로봉,16,563161700,amphibious,9000,2022-12-01 03:55:00+00:00,2022-12-01 04:00:01+00:00,130.874165,33.96724,210.0,10.1,33.900000000000006,2.8,우선회(33.9°) 가속 이동/통과
1891,LST-683 향로봉,17,563161700,amphibious,9000,2022-12-01 04:00:02+00:00,2022-12-01 04:00:04+00:00,130.86229,33.95331833,205.8,12.9,-4.199999999999989,2.8000000000000007,가속 이동/통과
1892,LST-683 향로봉,18,563161700,amphibious,9000,2022-12-01 04:05:02+00:00,2022-12-01 04:06:05+00:00,130.8686867,33.937065,141.5,13.5,-64.30000000000001,0.5999999999999996,좌선회(64.3°) 이동/통과
1893,LST-683 향로봉,19,563161700,amphibious,9000,2022-12-01 04:10:02+00:00,2022-12-01 04:12:02+00:00,130.8830433,33.922035,141.4,13.9,-0.09999999999999432,0.40000000000000036,이동/통과
1894,LST-683 향로봉,20,563161700,amphibious,9000,2022-12-01 04:15:05+00:00,2022-12-01 04:15:05+00:00,130.8984783,33.90721167,119.0,13.2,-22.400000000000006,-0.7000000000000011,좌선회(22.4°) 이동/통과
1895,LST-683 향로봉,21,563161700,amphibious,9000,2022-12-01 04:18:01+00:00,2022-12-01 04:18:02+00:00,130.93134,33.91777333,100.0,12.9,-19.0,-0.29999999999999893,이동/통과
1896,LST-683 향로봉,22,563161700,amphibious,9000,2022-12-01 04:20:00+00:00,2022-12-01 04:24:02+00:00,130.91868,33.90436167,67.3,12.4,-32.7,-0.5,좌선회(32.7°) 이동/통과
1897,LST-683 향로봉,23,563161700,amphibious,9000,2022-12-01 04:25:00+00:00,2022-12-01 04:30:01+00:00,130.9310933,33.91719667,21.9,11.9,-45.4,-0.5,좌선회(45.4°) 이동/통과
1898,LST-683 향로봉,24,563161700,amphibious,9000,2022-12-01 04:30:19+00:00,2022-12-01 04:42:05+00:00,130.93796,33.93437167,18.6,11.84,-3.299999999999997,0.29999999999999893,이동/통과
1899,LST-683 향로봉,25,563161700,amphibious,9000,2022-12-01 04:45:10+00:00,2022-12-01 04:48:02+00:00,130.978545,33.96960667,70.0,12.300000000000002,27.0,1.0,우선회(27.0°) 이동/통과
1900,LST-683 향로봉,26,563161700,amphibious,9000,2022-12-01 04:50:00+00:00,2022-12-01 04:54:02+00:00,130.996305,33.97372167,75.1,10.3,5.099999999999994,-2.0,감속 이동/통과
1901,LST-683 향로봉,27,563161700,amphibious,9000,2022-12-01 04:55:00+00:00,2022-12-01 04:55:00+00:00,131.009295,33.97469167,113.8,6.4,38.7,-3.9000000000000004,우선회(38.7°) 감속 이동/통과
1902,LST-683 향로봉,28,563161700,amphibious,9000,2022-12-01 05:00:00+00:00,2022-12-01 05:00:00+00:00,131.0350217,33.96226,114.0,6.4,0.20000000000000284,0.0,이동/통과
1903,LST-683 향로봉,29,563161700,amphibious,9000,2022-12-01 05:00:01+00:00,2022-12-01 05:00:02+00:00,131.021235,33.96997667,115.8,10.6,1.7999999999999972,4.199999999999999,가속 이동/통과
1904,LST-683 향로봉,30,563161700,amphibious,9000,2022-12-01 05:05:01+00:00,2022-12-01 05:06:01+00:00,131.0374433,33.96007833,141.6,12.9,25.799999999999997,2.3000000000000007,우선회(25.8°) 가속 이동/통과
1905,LST-683 향로봉,31,563161700,amphibious,9000,2022-12-01 05:06:46+00:00,2022-12-01 05:12:01+00:00,131.041635,33.95500833,148.4,14.066666666666668,6.800000000000011,0.6999999999999993,이동/통과
1906,LST-683 향로봉,32,563161700,amphibious,9000,2022-12-01 05:15:05+00:00,2022-12-01 05:15:05+00:00,131.0694733,33.93211333,121.5,14.9,-26.5,0.5999999999999996,좌선회(26.5°) 이동/통과
1907,LST-683 향로봉,33,563161700,amphibious,9000,2022-12-01 05:20:12+00:00,2022-12-01 05:42:01+00:00,131.091255,33.92046833,124.0,15.071428571428571,2.5,0.29999999999999893,이동/통과
1908,LST-683 향로봉,34,563161700,amphibious,9000,2022-12-01 05:45:00+00:00,2022-12-01 05:45:00+00:00,131.189415,33.85859167,102.8,14.6,-24.400000000000006,-0.3000000000000007,좌선회(24.4°) 이동/통과
1909,LST-683 향로봉,35,563161700,amphibious,9000,2022-12-01 05:48:01+00:00,2022-12-01 05:50:06+00:00,131.20225,33.85570833,109.0,14.95,6.200000000000003,0.3000000000000007,이동/통과
1910,LST-683 향로봉,36,563161700,amphibious,9000,2022-12-02 06:35:06+00:00,2022-12-02 06:36:01+00:00,131.2236317,33.85903167,278.0,13.1,168.5,-1.9000000000000004,우선회(168.5°) 이동/통과
1911,LST-683 향로봉,37,563161700,amphibious,9000,2022-12-02 06:40:04+00:00,2022-12-02 07:42:03+00:00,131.2038667,33.865725,294.0,9.717647058823529,16.0,-0.1999999999999993,이동/통과
1912,LST-683 향로봉,38,563161700,amphibious,9000,2022-12-02 07:45:06+00:00,2022-12-02 07:45:06+00:00,131.029235,33.96129833,309.7,3.9,3.8999999999999773,-2.9,감속 저속 운항
1913,LST-683 향로봉,39,563161700,amphibious,9000,2022-12-02 07:47:56+00:00,2022-12-02 08:06:05+00:00,131.025845,33.963355,309.7,3.15,0.0,0.0,저속 운항
1914,LST-683 향로봉,40,563161700,amphibious,9000,2022-12-02 08:10:05+00:00,2022-12-02 20:50:03+00:00,131.0073367,33.96936167,293.5,0.45573394495412844,6.699999999999989,-1.7000000000000002,정박/대기
1915,LST-683 향로봉,41,563161700,amphibious,9000,2022-12-02 20:54:01+00:00,2022-12-02 20:54:02+00:00,131.004325,33.970445,303.0,4.2,-48.69999999999999,3.5,좌선회(48.7°) 가속 저속 운항
1916,LST-683 향로봉,42,563161700,amphibious,9000,2022-12-02 20:55:03+00:00,2022-12-02 20:55:03+00:00,131.0019833,33.97209,312.4,7.7,9.399999999999977,3.5,가속 이동/통과
1917,LST-683 향로봉,43,563161700,amphibious,9000,2022-12-02 21:00:01+00:00,2022-12-02 21:00:02+00:00,130.9940683,33.97629667,271.0,9.7,-41.39999999999998,1.9999999999999991,좌선회(41.4°) 이동/통과
1918,LST-683 향로봉,44,563161700,amphibious,9000,2022-12-02 21:00:03+00:00,2022-12-02 21:00:03+00:00,130.9872533,33.97501833,253.4,11.0,-17.599999999999994,1.3000000000000007,이동/통과
1919,LST-683 향로봉,45,563161700,amphibious,9000,2022-12-02 21:05:03+00:00,2022-12-02 21:06:22+00:00,130.9670867,33.96734667,241.1,14.6,-12.300000000000011,3.5999999999999996,가속 이동/통과
1920,LST-683 향로봉,46,563161700,amphibious,9000,2022-12-02 21:10:02+00:00,2022-12-02 21:10:02+00:00,130.9480783,33.95315167,220.0,15.9,-21.099999999999994,1.3000000000000007,좌선회(21.1°) 이동/통과
1921,LST-683 향로봉,47,563161700,amphibious,9000,2022-12-02 21:12:01+00:00,2022-12-02 21:18:01+00:00,130.9436667,33.94783833,210.0,11.849999999999998,-10.0,-2.700000000000001,감속 이동/통과
1922,LST-683 향로봉,48,563161700,amphibious,9000,2022-12-02 21:20:04+00:00,2022-12-02 21:20:04+00:00,130.9314517,33.92204833,205.0,13.0,6.199999999999989,2.5,가속 이동/통과
1923,LST-683 향로봉,49,563161700,amphibious,9000,2022-12-02 21:24:01+00:00,2022-12-02 21:24:01+00:00,130.9295617,33.91875167,206.0,13.2,1.0,0.1999999999999993,이동/통과
1924,LST-683 향로봉,50,563161700,amphibious,9000,2022-12-02 21:25:04+00:00,2022-12-02 21:25:04+00:00,130.919025,33.90808333,249.4,12.4,43.400000000000006,-0.7999999999999989,우선회(43.4°) 이동/통과
1925,LST-683 향로봉,51,563161700,amphibious,9000,2022-12-02 21:30:02+00:00,2022-12-02 21:30:02+00:00,130.9126833,33.90723833,275.0,12.2,25.599999999999994,-0.20000000000000107,우선회(25.6°) 이동/통과
1926,LST-683 향로봉,52,563161700,amphibious,9000,2022-12-02 21:30:04+00:00,2022-12-02 21:30:04+00:00,130.9004967,33.91245,317.1,12.2,42.10000000000002,0.0,우선회(42.1°) 이동/통과
1927,LST-683 향로봉,53,563161700,amphibious,9000,2022-12-02 21:35:05+00:00,2022-12-02 21:42:42+00:00,130.8876167,33.92571667,322.1,11.033333333333331,5.0,0.0,이동/통과
1928,LST-683 향로봉,54,563161700,amphibious,9000,2022-12-02 21:45:04+00:00,2022-12-02 21:48:01+00:00,130.8670667,33.94985333,353.4,9.2,31.399999999999977,-1.1000000000000014,우선회(31.4°) 이동/통과
1929,LST-683 향로봉,55,563161700,amphibious,9000,2022-12-02 21:50:15+00:00,2022-12-02 21:50:15+00:00,130.8732267,33.96118167,37.3,8.8,43.900000000000034,-0.3999999999999986,우선회(43.9°) 이동/통과
1930,LST-683 향로봉,56,563161700,amphibious,9000,2022-12-02 21:54:01+00:00,2022-12-02 22:00:02+00:00,130.8786483,33.96847,21.0,7.3,-16.299999999999997,-1.3000000000000007,이동/통과
1931,LST-683 향로봉,57,563161700,amphibious,9000,2022-12-02 22:00:04+00:00,2022-12-02 22:00:04+00:00,130.8817,33.98194,0.3,10.4,-12.7,3.3000000000000007,가속 이동/통과
1932,LST-683 향로봉,58,563161700,amphibious,9000,2022-12-02 22:05:05+00:00,2022-12-02 22:05:05+00:00,130.8750233,33.99741167,320.3,13.2,-40.0,2.799999999999999,좌선회(40.0°) 가속 이동/통과
1933,LST-683 향로봉,59,563161700,amphibious,9000,2022-12-02 22:06:01+00:00,2022-12-02 22:36:02+00:00,130.8688833,34.003,320.3,15.855555555555554,0.0,0.0,이동/통과
1934,LST-683 향로봉,60,563161700,amphibious,9000,2022-12-02 22:40:00+00:00,2022-12-02 22:42:01+00:00,130.7119733,34.05813667,249.0,16.9,-30.100000000000023,-0.20000000000000284,좌선회(30.1°) 이동/통과
1935,LST-683 향로봉,61,563161700,amphibious,9000,2022-12-02 22:45:00+00:00,2022-12-02 22:48:05+00:00,130.6856283,34.04862833,245.1,17.25,-3.9000000000000057,0.3000000000000007,이동/통과
1936,LST-683 향로봉,62,563161700,amphibious,9000,2022-12-02 22:50:00+00:00,2022-12-02 22:54:03+00:00,130.6588417,34.046255,284.5,17.2,39.5,-0.10000000000000142,우선회(39.5°) 이동/통과
1937,LST-683 향로봉,63,563161700,amphibious,9000,2022-12-02 22:55:00+00:00,2022-12-03 05:05:52+00:00,130.6302417,34.04795667,266.0,17.712658227848102,-18.5,0.0,이동/통과
1938,LST-683 향로봉,64,563161700,amphibious,9000,2022-12-03 05:10:01+00:00,2022-12-03 05:10:01+00:00,128.6643467,33.22660167,202.4,17.3,-38.5,0.40000000000000213,좌선회(38.5°) 이동/통과
1939,LST-683 향로봉,65,563161700,amphibious,9000,2022-12-03 05:12:01+00:00,2022-12-03 05:51:13+00:00,128.66123,33.22084167,208.0,17.642857142857142,5.599999999999994,0.1999999999999993,이동/통과
1940,LST-685 성인봉,0,215017000,amphibious,9000,2022-12-01 06:19:24+00:00,2022-12-01 21:56:54+00:00,127.05895,32.04436167,23.0,8.270547945205479,0.0,0.0,이동/통과
1941,LST-685 성인봉,1,215017000,amphibious,9000,2022-12-01 22:26:04+00:00,2022-12-01 22:29:32+00:00,128.1389817,34.07059,65.0,8.3,38.0,-0.09999999999999964,우선회(38.0°) 이동/통과
1942,LST-685 성인봉,2,215017000,amphibious,9000,2022-12-01 22:30:04+00:00,2022-12-01 23:25:14+00:00,128.15001,34.07246667,81.0,8.957142857142857,16.0,0.29999999999999893,이동/통과
1943,LST-685 성인봉,3,215017000,amphibious,9000,2022-12-01 23:38:25+00:00,2022-12-01 23:38:25+00:00,128.3403967,34.12690333,42.0,9.3,-31.0,0.20000000000000107,좌선회(31.0°) 이동/통과
1944,LST-685 성인봉,4,215017000,amphibious,9000,2022-12-01 23:54:04+00:00,2022-12-01 23:59:44+00:00,128.371825,34.155585,43.0,7.133333333333333,1.0,-1.5000000000000009,이동/통과
1945,LST-685 성인봉,5,215017000,amphibious,9000,2022-12-02 00:00:01+00:00,2022-12-02 00:00:01+00:00,128.3770467,34.16439333,350.0,4.6,-44.0,-2.2,좌선회(44.0°) 감속 저속 운항
1946,LST-685 성인봉,6,215017000,amphibious,9000,2022-12-02 00:05:04+00:00,2022-12-02 00:05:45+00:00,128.3732767,34.167405,280.0,2.8,-70.0,-1.7999999999999998,좌선회(70.0°) 저속 운항
1947,LST-685 성인봉,7,215017000,amphibious,9000,2022-12-02 00:10:04+00:00,2022-12-02 00:11:47+00:00,128.3688333,34.16998,338.0,4.2,58.0,1.4000000000000004,우선회(58.0°) 저속 운항
1948,LST-685 성인봉,8,215017000,amphibious,9000,2022-12-02 00:17:54+00:00,2022-12-02 00:20:23+00:00,128.3650433,34.17683,326.0,1.1,-12.0,-2.4000000000000004,감속 저속 운항
1949,LST-685 성인봉,9,215017000,amphibious,9000,2022-12-02 00:25:45+00:00,2022-12-03 11:03:10+00:00,128.3659867,34.17774,76.0,0.12410051629384486,62.0,0.5,정박/대기
1950,LST-685 성인봉,10,215017000,amphibious,9000,2022-12-03 11:33:12+00:00,2022-12-03 11:33:12+00:00,128.3669783,34.1791,0.0,1.0,81.0,0.6,우선회(81.0°) 저속 운항
1951,LST-685 성인봉,11,215017000,amphibious,9000,2022-12-03 11:35:14+00:00,2022-12-11 18:59:13+00:00,128.3660583,34.179635,202.0,0.1364041718343413,-158.0,-0.7,정박/대기
1952,LST-685 성인봉,12,215017000,amphibious,9000,2022-12-11 20:06:24+00:00,2022-12-11 20:06:24+00:00,128.3624283,34.17956167,345.0,3.0,152.0,2.8,우선회(152.0°) 가속 저속 운항
1953,LST-685 성인봉,13,215017000,amphibious,9000,2022-12-11 20:10:25+00:00,2022-12-11 20:20:54+00:00,128.361095,34.18408167,346.0,7.0,1.0,2.0999999999999996,가속 이동/통과
1954,LST-685 성인봉,14,215017000,amphibious,9000,2022-12-11 20:26:04+00:00,2022-12-12 00:00:24+00:00,128.3474067,34.21627333,325.0,9.225531914893617,-19.0,0.40000000000000036,이동/통과
1955,LST-685 성인봉,15,215017000,amphibious,9000,2022-12-12 00:05:15+00:00,2022-12-12 00:05:15+00:00,128.1380683,34.73345833,354.0,8.3,-22.0,0.40000000000000036,좌선회(22.0°) 이동/통과
1956,LST-685 성인봉,16,215017000,amphibious,9000,2022-12-12 00:10:07+00:00,2022-12-12 01:00:04+00:00,128.1345383,34.74474667,340.0,7.254545454545456,-14.0,0.5,이동/통과
1957,LST-685 성인봉,17,215017000,amphibious,9000,2022-12-12 01:06:24+00:00,2022-12-12 01:15:34+00:00,128.0971183,34.852055,337.0,4.3,-4.0,-0.7999999999999998,저속 운항
1958,LST-685 성인봉,18,215017000,amphibious,9000,2022-12-12 01:31:44+00:00,2022-12-12 01:31:44+00:00,128.0908233,34.88571,20.0,7.2,45.0,2.5,우선회(45.0°) 가속 이동/통과
1959,LST-685 성인봉,19,215017000,amphibious,9000,2022-12-12 01:39:55+00:00,2022-12-12 01:40:25+00:00,128.0973883,34.899895,25.0,5.55,5.0,-1.6000000000000005,이동/통과
1960,LST-685 성인봉,20,215017000,amphibious,9000,2022-12-12 01:45:05+00:00,2022-12-12 01:45:05+00:00,128.1021367,34.904405,54.0,2.8,29.0,-2.7,우선회(29.0°) 감속 저속 운항
1961,LST-685 성인봉,21,215017000,amphibious,9000,2022-12-12 01:57:55+00:00,2022-12-14 23:57:25+00:00,128.1061717,34.90721833,9.0,0.304178674351585,-45.0,-1.9,정박/대기
1962,LST-686 천왕봉,0,351225000,amphibious,9000,2022-12-01 22:08:41+00:00,2022-12-02 02:24:20+00:00,130.9944283,34.961215,278.0,9.850000000000001,0.0,0.0,이동/통과
1963,LST-686 천왕봉,1,351225000,amphibious,9000,2022-12-02 02:28:11+00:00,2022-12-02 02:28:11+00:00,130.13502,35.07812167,256.7,10.4,-21.100000000000023,0.0,좌선회(21.1°) 이동/통과
1964,LST-686 천왕봉,2,351225000,amphibious,9000,2022-12-02 02:35:51+00:00,2022-12-02 02:35:51+00:00,130.0970683,35.06589833,257.0,10.4,0.30000000000001137,0.0,이동/통과
1965,LST-686 천왕봉,3,351225000,amphibious,9000,2022-12-02 02:39:30+00:00,2022-12-02 02:39:30+00:00,130.0970683,35.06589833,228.7,10.9,-28.30000000000001,0.5,좌선회(28.3°) 이동/통과
1966,LST-686 천왕봉,4,351225000,amphibious,9000,2022-12-02 02:43:20+00:00,2022-12-02 02:43:20+00:00,130.0864883,35.05791667,229.8,11.3,1.1000000000000227,0.40000000000000036,이동/통과
1967,LST-686 천왕봉,5,351225000,amphibious,9000,2022-12-02 02:58:00+00:00,2022-12-02 02:58:00+00:00,130.077125,35.02155333,114.3,9.0,-115.50000000000001,-2.3000000000000007,좌선회(115.5°) 감속 이동/통과
1968,LST-686 천왕봉,6,351225000,amphibious,9000,2022-12-02 05:25:21+00:00,2022-12-02 07:06:11+00:00,130.5364217,34.88776833,110.0,10.3375,-4.299999999999997,1.0999999999999996,이동/통과
1969,LST-686 천왕봉,7,351225000,amphibious,9000,2022-12-02 07:31:12+00:00,2022-12-02 07:31:12+00:00,130.94458,34.76827667,147.8,10.4,36.900000000000006,0.09999999999999964,우선회(36.9°) 이동/통과
1970,LST-686 천왕봉,8,351225000,amphibious,9000,2022-12-02 07:58:20+00:00,2022-12-02 07:58:20+00:00,130.91498,34.696575,210.2,10.7,62.39999999999998,0.29999999999999893,우선회(62.4°) 이동/통과
1971,LST-686 천왕봉,9,351225000,amphibious,9000,2022-12-02 08:00:21+00:00,2022-12-02 11:17:53+00:00,130.9114167,34.69137333,210.6,11.4,0.4000000000000057,-0.09999999999999964,이동/통과
1972,LST-686 천왕봉,10,351225000,amphibious,9000,2022-12-02 11:20:00+00:00,2022-12-02 11:23:53+00:00,130.7196717,34.10331833,128.0,10.0,-55.19999999999999,-1.0,좌선회(55.2°) 이동/통과
1973,LST-686 천왕봉,11,351225000,amphibious,9000,2022-12-02 11:24:01+00:00,2022-12-02 12:00:10+00:00,130.74013,34.08941833,128.0,10.6,0.0,0.0,이동/통과
1974,LST-686 천왕봉,12,351225000,amphibious,9000,2022-12-02 12:05:12+00:00,2022-12-02 12:05:12+00:00,130.84095,34.01888,130.1,8.0,0.19999999999998863,-2.5,감속 이동/통과
1975,LST-686 천왕봉,13,351225000,amphibious,9000,2022-12-02 12:05:49+00:00,2022-12-02 12:18:03+00:00,130.8547833,34.00904,130.1,6.866666666666667,0.0,0.0,이동/통과
1976,LST-686 천왕봉,14,351225000,amphibious,9000,2022-12-02 12:20:02+00:00,2022-12-02 12:24:01+00:00,130.8671133,33.99896667,136.4,9.5,6.400000000000006,3.8,가속 이동/통과
1977,LST-686 천왕봉,15,351225000,amphibious,9000,2022-12-02 12:25:02+00:00,2022-12-02 12:29:51+00:00,130.873815,33.98616833,166.4,10.6,30.0,1.0999999999999996,우선회(30.0°) 이동/통과
1978,LST-686 천왕봉,16,351225000,amphibious,9000,2022-12-02 12:30:02+00:00,2022-12-02 12:30:03+00:00,130.8754317,33.97136667,197.3,10.800000000000002,30.900000000000006,0.20000000000000107,우선회(30.9°) 이동/통과
1979,LST-686 천왕봉,17,351225000,amphibious,9000,2022-12-02 12:35:01+00:00,2022-12-02 12:36:03+00:00,130.8651083,33.95903833,219.3,11.1,22.0,0.29999999999999893,우선회(22.0°) 이동/통과
1980,LST-686 천왕봉,18,351225000,amphibious,9000,2022-12-02 12:40:01+00:00,2022-12-02 12:42:03+00:00,130.8634667,33.94569333,159.0,9.9,-60.30000000000001,-1.1999999999999993,좌선회(60.3°) 이동/통과
1981,LST-686 천왕봉,19,351225000,amphibious,9000,2022-12-02 12:45:01+00:00,2022-12-02 12:55:00+00:00,130.872465,33.93331333,144.3,11.425,-14.699999999999989,0.9000000000000004,이동/통과
1982,LST-686 천왕봉,20,351225000,amphibious,9000,2022-12-02 12:59:53+00:00,2022-12-02 13:00:01+00:00,130.911035,33.90394833,85.0,10.9,-53.30000000000001,-0.5999999999999996,좌선회(53.3°) 이동/통과
1983,LST-686 천왕봉,21,351225000,amphibious,9000,2022-12-02 13:00:11+00:00,2022-12-02 13:00:11+00:00,130.9134317,33.90429667,75.8,10.9,-9.200000000000003,0.0,이동/통과
1984,LST-686 천왕봉,22,351225000,amphibious,9000,2022-12-02 13:05:11+00:00,2022-12-02 13:05:52+00:00,130.9296483,33.91231167,32.4,11.5,-43.4,0.5999999999999996,좌선회(43.4°) 이동/통과
1985,LST-686 천왕봉,23,351225000,amphibious,9000,2022-12-02 13:10:01+00:00,2022-12-02 13:24:02+00:00,130.93586,33.92774167,18.9,12.733333333333334,-13.5,1.4000000000000004,이동/통과
1986,LST-686 천왕봉,24,351225000,amphibious,9000,2022-12-02 13:25:06+00:00,2022-12-02 13:29:53+00:00,130.9750783,33.96808333,77.1,13.2,39.699999999999996,0.3999999999999986,우선회(39.7°) 이동/통과
1987,LST-686 천왕봉,25,351225000,amphibious,9000,2022-12-02 13:30:07+00:00,2022-12-02 13:30:14+00:00,130.9940883,33.97406667,73.9,10.2,-3.0999999999999943,-3.0,감속 이동/통과
1988,LST-686 천왕봉,26,351225000,amphibious,9000,2022-12-02 13:35:07+00:00,2022-12-02 13:35:53+00:00,131.00813,33.97418833,112.2,7.099999999999999,38.3,-3.0999999999999996,우선회(38.3°) 감속 이동/통과
1989,LST-686 천왕봉,27,351225000,amphibious,9000,2022-12-02 13:40:08+00:00,2022-12-02 13:42:03+00:00,131.0195533,33.96908833,118.8,9.3,6.599999999999994,2.200000000000001,가속 이동/통과
1990,LST-686 천왕봉,28,351225000,amphibious,9000,2022-12-02 13:45:08+00:00,2022-12-02 13:45:08+00:00,131.0335217,33.961,145.4,10.7,26.60000000000001,1.3999999999999986,우선회(26.6°) 이동/통과
1991,LST-686 천왕봉,29,351225000,amphibious,9000,2022-12-02 13:47:53+00:00,2022-12-02 14:48:19+00:00,131.0365183,33.95727833,147.0,11.799999999999999,1.5999999999999943,0.3000000000000007,이동/통과
1992,LST-687 천자봉,0,572912210,amphibious,9000,2022-12-01 00:18:56+00:00,2022-12-01 10:26:06+00:00,126.21333,32.725285,63.7,11.887096774193548,0.0,0.0,이동/통과
1993,LST-687 천자봉,1,572912210,amphibious,9000,2022-12-01 10:28:48+00:00,2022-12-01 10:28:48+00:00,128.0281,33.98703167,81.0,7.3,10.0,-3.1000000000000005,감속 이동/통과
1994,LST-687 천자봉,2,572912210,amphibious,9000,2022-12-01 10:43:52+00:00,2022-12-01 10:43:52+00:00,128.0572,33.99060667,76.8,3.6,-4.200000000000003,-3.6999999999999997,감속 저속 운항
1995,LST-687 천자봉,3,572912210,amphibious,9000,2022-12-01 10:49:12+00:00,2022-12-02 01:10:04+00:00,128.0627133,33.99145833,81.0,1.6428571428571428,4.200000000000003,-0.8000000000000003,저속 운항
1996,LST-687 천자봉,4,572912210,amphibious,9000,2022-12-02 01:15:24+00:00,2022-12-02 01:15:24+00:00,128.4732683,33.815265,13.1,4.3,-139.4,2.5999999999999996,좌선회(139.4°) 가속 저속 운항
1997,LST-687 천자봉,5,572912210,amphibious,9000,2022-12-02 01:29:52+00:00,2022-12-02 01:29:52+00:00,128.4433883,33.85090667,328.1,12.9,-45.0,8.600000000000001,좌선회(45.0°) 가속 이동/통과
1998,LST-687 천자봉,6,572912210,amphibious,9000,2022-12-02 01:51:28+00:00,2022-12-02 04:00:04+00:00,128.3924833,33.91953833,327.3,12.523076923076925,-0.8000000000000114,0.5999999999999996,이동/통과
1999,LST-687 천자봉,7,572912210,amphibious,9000,2022-12-02 04:11:52+00:00,2022-12-02 04:11:52+00:00,128.0782583,34.34388,334.5,12.4,2.6999999999999886,2.0,가속 이동/통과
2000,LST-687 천자봉,8,572912210,amphibious,9000,2022-12-02 04:17:24+00:00,2022-12-02 06:05:00+00:00,128.0683567,34.36128667,334.4,11.383870967741936,-0.10000000000002274,0.09999999999999964,이동/통과
2001,LST-687 천자봉,9,572912210,amphibious,9000,2022-12-02 06:10:40+00:00,2022-12-02 06:10:40+00:00,127.91375,34.69206833,297.3,8.4,-25.30000000000001,0.0,좌선회(25.3°) 이동/통과
2002,LST-687 천자봉,10,572912210,amphibious,9000,2022-12-02 06:10:52+00:00,2022-12-02 06:34:39+00:00,127.913255,34.69228833,296.8,9.975,-0.5,0.0,이동/통과
2003,LST-687 천자봉,11,572912210,amphibious,9000,2022-12-02 06:35:08+00:00,2022-12-02 06:35:08+00:00,127.83996,34.72018,304.2,8.6,12.800000000000011,-3.0,감속 이동/통과
2004,LST-687 천자봉,12,572912210,amphibious,9000,2022-12-02 06:40:16+00:00,2022-12-02 06:40:16+00:00,127.8310017,34.72979,338.2,9.7,34.0,1.0999999999999996,우선회(34.0°) 이동/통과
2005,LST-687 천자봉,13,572912210,amphibious,9000,2022-12-02 06:40:42+00:00,2022-12-02 06:52:49+00:00,127.8304017,34.73133333,338.2,9.325,0.0,0.0,이동/통과
2006,LST-687 천자봉,14,572912210,amphibious,9000,2022-12-02 06:55:08+00:00,2022-12-02 06:55:08+00:00,127.81832,34.770975,345.4,13.4,0.2999999999999545,3.0,가속 이동/통과
2007,LST-687 천자봉,15,572912210,amphibious,9000,2022-12-02 06:58:54+00:00,2022-12-02 07:17:06+00:00,127.8138583,34.78500333,345.0,13.783333333333333,-0.39999999999997726,0.1999999999999993,이동/통과
2008,LST-687 천자봉,16,572912210,amphibious,9000,2022-12-02 07:20:12+00:00,2022-12-02 07:20:12+00:00,127.7873533,34.86165333,321.5,12.9,-27.69999999999999,-0.29999999999999893,좌선회(27.7°) 이동/통과
2009,LST-687 천자봉,17,572912210,amphibious,9000,2022-12-02 07:25:04+00:00,2022-12-02 07:35:16+00:00,127.7744117,34.87428167,319.2,10.466666666666667,-2.3000000000000114,-1.5999999999999996,이동/통과
2010,LST-687 천자봉,18,572912210,amphibious,9000,2022-12-02 07:40:08+00:00,2022-12-02 07:40:08+00:00,127.7405767,34.90301333,296.9,6.4,-24.0,-2.799999999999999,좌선회(24.0°) 감속 이동/통과
2011,LST-687 천자봉,19,572912210,amphibious,9000,2022-12-02 07:41:18+00:00,2022-12-02 07:41:18+00:00,127.7379333,34.90393833,296.9,6.4,0.0,0.0,이동/통과
2012,LST-687 천자봉,20,572912210,amphibious,9000,2022-12-02 07:45:16+00:00,2022-12-02 07:45:16+00:00,127.7321917,34.90546833,285.6,3.8,-11.299999999999955,-2.6000000000000005,감속 저속 운항
2013,LST-687 천자봉,21,572912210,amphibious,9000,2022-12-02 07:50:00+00:00,2022-12-02 07:53:26+00:00,127.72709,34.906895,297.0,2.7999999999999994,11.399999999999977,-1.0,저속 운항
2014,LST-687 천자봉,22,572912210,amphibious,9000,2022-12-02 07:55:20+00:00,2022-12-04 15:55:04+00:00,127.7251283,34.90856333,0.1,0.033798604187437686,61.5,-2.5999999999999996,정박/대기
2015,LST-687 천자봉,23,572912210,amphibious,9000,2022-12-04 16:00:28+00:00,2022-12-04 16:03:14+00:00,127.7235867,34.90792667,261.3,2.3,101.80000000000001,2.1999999999999997,우선회(101.8°) 가속 저속 운항
2016,LST-687 천자봉,24,572912210,amphibious,9000,2022-12-04 16:05:16+00:00,2022-12-04 16:05:16+00:00,127.7177467,34.90761167,268.7,3.5,7.399999999999977,1.2000000000000002,저속 운항
2017,LST-687 천자봉,25,572912210,amphibious,9000,2022-12-04 16:10:32+00:00,2022-12-04 16:10:32+00:00,127.71443,34.90934167,309.6,2.0,40.900000000000034,-1.5,우선회(40.9°) 저속 운항
2018,LST-687 천자봉,26,572912210,amphibious,9000,2022-12-04 16:15:16+00:00,2022-12-06 23:50:11+00:00,127.7128717,34.91019833,345.3,0.12158755032359986,35.69999999999999,-1.6,정박/대기
2019,LST-687 천자봉,27,572912210,amphibious,9000,2022-12-06 23:55:23+00:00,2022-12-06 23:55:23+00:00,127.7105683,34.90908333,174.4,2.3,-17.5,1.9,가속 저속 운항
2020,LST-687 천자봉,28,572912210,amphibious,9000,2022-12-07 00:00:27+00:00,2022-12-07 00:00:27+00:00,127.71547,34.90654,116.3,5.6,-58.10000000000001,3.3,좌선회(58.1°) 가속 이동/통과
2021,LST-687 천자봉,29,572912210,amphibious,9000,2022-12-07 00:04:11+00:00,2022-12-07 00:05:07+00:00,127.7568617,34.88106333,115.0,8.0,-1.2999999999999972,1.5,이동/통과
2022,LST-687 천자봉,30,572912210,amphibious,9000,2022-12-07 00:10:03+00:00,2022-12-07 00:10:03+00:00,127.7417,34.89707333,119.0,11.1,8.799999999999997,2.1999999999999993,가속 이동/통과
2023,LST-687 천자봉,31,572912210,amphibious,9000,2022-12-07 00:15:11+00:00,2022-12-07 00:16:21+00:00,127.75427,34.8856,155.9,11.2,36.900000000000006,0.09999999999999964,우선회(36.9°) 이동/통과
2024,LST-687 천자봉,32,572912210,amphibious,9000,2022-12-07 00:20:03+00:00,2022-12-07 00:22:25+00:00,127.76484,34.87339167,129.5,11.3,-26.400000000000006,0.10000000000000142,좌선회(26.4°) 이동/통과
2025,LST-687 천자봉,33,572912210,amphibious,9000,2022-12-07 00:25:19+00:00,2022-12-07 00:58:47+00:00,127.7805517,34.86219167,139.6,11.738461538461538,10.099999999999994,0.5999999999999996,이동/통과
2026,LST-687 천자봉,34,572912210,amphibious,9000,2022-12-07 01:00:11+00:00,2022-12-07 01:00:19+00:00,127.8147317,34.755805,164.4,7.9,-4.5,-2.6999999999999993,감속 이동/통과
2027,LST-687 천자봉,35,572912210,amphibious,9000,2022-12-07 01:04:51+00:00,2022-12-07 01:05:16+00:00,127.8173467,34.75053333,158.0,9.600000000000001,-4.900000000000006,1.0,이동/통과
2028,LST-687 천자봉,36,572912210,amphibious,9000,2022-12-07 01:15:35+00:00,2022-12-07 01:15:35+00:00,127.840125,34.71575167,121.1,11.8,-36.20000000000002,1.5,좌선회(36.2°) 이동/통과
2029,LST-687 천자봉,37,572912210,amphibious,9000,2022-12-07 01:16:59+00:00,2022-12-07 01:35:03+00:00,127.84501,34.71334333,121.1,12.633333333333333,0.0,0.0,이동/통과
2030,LST-687 천자봉,38,572912210,amphibious,9000,2022-12-07 01:40:03+00:00,2022-12-07 01:40:03+00:00,127.921445,34.66417167,166.1,12.7,39.39999999999999,-0.40000000000000036,우선회(39.4°) 이동/통과
2031,LST-687 천자봉,39,572912210,amphibious,9000,2022-12-07 01:45:03+00:00,2022-12-07 02:47:55+00:00,127.92595,34.64657333,168.5,13.083333333333334,2.4000000000000057,0.40000000000000036,이동/통과
2032,LST-687 천자봉,40,572912210,amphibious,9000,2022-12-07 02:48:11+00:00,2022-12-07 02:48:11+00:00,128.0377267,34.44806833,104.2,13.1,-27.299999999999997,0.09999999999999964,좌선회(27.3°) 이동/통과
2033,LST-687 천자봉,41,572912210,amphibious,9000,2022-12-07 02:50:03+00:00,2022-12-07 07:42:19+00:00,128.0458067,34.44666833,99.3,13.106666666666666,-4.900000000000006,0.09999999999999964,이동/통과
2034,LST-687 천자봉,42,572912210,amphibious,9000,2022-12-07 08:25:47+00:00,2022-12-07 08:25:47+00:00,129.327255,34.93894667,28.6,13.8,-28.699999999999996,0.9000000000000004,좌선회(28.7°) 이동/통과
2035,LST-687 천자봉,43,572912210,amphibious,9000,2022-12-07 09:08:55+00:00,2022-12-07 09:10:15+00:00,129.4334217,35.07823,31.8,12.850000000000001,3.1999999999999993,-0.9000000000000004,이동/통과
2036,LST-687 천자봉,44,572912210,amphibious,9000,2022-12-09 13:28:03+00:00,2022-12-09 13:28:03+00:00,129.4370417,35.08121667,219.9,11.4,-172.89999999999998,-1.4000000000000004,좌선회(172.9°) 이동/통과
2037,LST-687 천자봉,45,572912210,amphibious,9000,2022-12-09 13:52:47+00:00,2022-12-09 20:12:11+00:00,129.3849483,35.01343333,209.6,12.848214285714286,-10.300000000000011,0.6999999999999993,이동/통과
2038,LST-687 천자봉,46,457391000,amphibious,9000,2022-12-13 15:17:40+00:00,2022-12-13 15:17:40+00:00,126.8862883,33.15748167,111.0,1.3,-109.5,-11.299999999999999,좌선회(109.5°) 감속 저속 운항
2039,LST-687 천자봉,47,457391000,amphibious,9000,2022-12-13 15:20:11+00:00,2022-12-13 15:20:11+00:00,126.8872167,33.15716333,113.9,1.0,2.9000000000000057,-0.30000000000000004,저속 운항
2040,LST-687 천자봉,48,457391000,amphibious,9000,2022-12-14 06:04:51+00:00,2022-12-14 06:04:51+00:00,126.3372783,32.66119167,251.4,6.6,137.5,5.6,우선회(137.5°) 가속 이동/통과
2041,MHC-561 강경,0,538009814,navalmine,7000,2022-12-01 00:18:40+00:00,2022-12-14 23:27:53+00:00,126.4183333,34.77666667,20.0,0.0,0.0,0.0,정박/대기
2042,MHC-562 강진,0,538005766,navalmine,7000,2022-12-01 00:00:54+00:00,2022-12-02 06:00:59+00:00,129.721535,33.149205,236.2,0.042916318597578565,0.0,0.0,정박/대기
2043,MHC-562 강진,1,538005766,navalmine,7000,2022-12-02 06:05:00+00:00,2022-12-02 06:05:00+00:00,129.7201317,33.14763333,202.4,2.9,-50.29999999999998,2.8,좌선회(50.3°) 가속 저속 운항
2044,MHC-562 강진,2,538005766,navalmine,7000,2022-12-02 06:06:59+00:00,2022-12-02 06:12:59+00:00,129.7196017,33.14605167,201.0,3.133333333333333,-1.4000000000000057,-0.10000000000000009,저속 운항
2045,MHC-562 강진,3,538005766,navalmine,7000,2022-12-02 06:15:00+00:00,2022-12-02 06:15:00+00:00,129.715405,33.13814167,208.1,5.3,5.599999999999994,2.0,가속 이동/통과
2046,MHC-562 강진,4,538005766,navalmine,7000,2022-12-02 06:18:16+00:00,2022-12-02 06:18:59+00:00,129.713735,33.13284167,208.1,5.3,0.0,0.0,이동/통과
2047,MHC-562 강진,5,538005766,navalmine,7000,2022-12-02 06:20:00+00:00,2022-12-02 06:20:00+00:00,129.7141117,33.12939,173.0,8.3,-35.099999999999994,3.000000000000001,좌선회(35.1°) 가속 이동/통과
2048,MHC-562 강진,6,538005766,navalmine,7000,2022-12-02 06:24:59+00:00,2022-12-02 06:25:10+00:00,129.7158533,33.11510667,173.0,10.850000000000001,0.0,2.0999999999999996,가속 이동/통과
2049,MHC-562 강진,7,538005766,navalmine,7000,2022-12-02 06:30:10+00:00,2022-12-02 06:30:59+00:00,129.7036833,33.10695667,260.4,10.8,81.79999999999998,-0.5,우선회(81.8°) 이동/통과
2050,MHC-562 강진,8,538005766,navalmine,7000,2022-12-02 06:35:10+00:00,2022-12-02 06:42:59+00:00,129.6854817,33.104465,260.6,10.350000000000001,0.20000000000004547,0.0,이동/통과
2051,MHC-562 강진,9,538005766,navalmine,7000,2022-12-02 06:45:10+00:00,2022-12-02 06:49:00+00:00,129.6583083,33.09962667,286.0,6.3,42.599999999999994,-3.6000000000000005,우선회(42.6°) 감속 이동/통과
2052,MHC-562 강진,10,538005766,navalmine,7000,2022-12-02 06:49:47+00:00,2022-12-02 06:49:49+00:00,129.6146817,33.11149167,286.0,6.3,0.0,0.0,이동/통과
2053,MHC-562 강진,11,538005766,navalmine,7000,2022-12-02 06:50:10+00:00,2022-12-02 06:50:10+00:00,129.64511,33.103115,287.5,10.0,1.5,3.7,가속 이동/통과
2054,MHC-562 강진,12,538005766,navalmine,7000,2022-12-02 06:54:59+00:00,2022-12-02 07:00:10+00:00,129.6365467,33.10544333,288.0,11.433333333333332,0.5,1.3000000000000007,이동/통과
2055,MHC-562 강진,13,538005766,navalmine,7000,2022-12-02 07:05:00+00:00,2022-12-02 07:06:59+00:00,129.5915417,33.11121667,252.7,11.3,-28.100000000000023,-0.09999999999999964,좌선회(28.1°) 이동/통과
2056,MHC-562 강진,14,538005766,navalmine,7000,2022-12-02 07:10:10+00:00,2022-12-02 07:36:59+00:00,129.57426,33.103155,241.2,12.325,-11.5,0.5,이동/통과
2057,MHC-562 강진,15,538005766,navalmine,7000,2022-12-02 07:40:08+00:00,2022-12-02 07:42:59+00:00,129.50396,33.02027,189.6,12.4,-25.5,-0.5,좌선회(25.5°) 이동/통과
2058,MHC-562 강진,16,538005766,navalmine,7000,2022-12-02 07:45:00+00:00,2022-12-02 08:55:00+00:00,129.5012483,33.00337167,186.4,12.944999999999999,-3.1999999999999886,0.29999999999999893,이동/통과
2059,MHC-562 강진,17,538005766,navalmine,7000,2022-12-02 09:00:19+00:00,2022-12-02 09:00:19+00:00,129.4390083,32.742985,236.6,13.1,21.19999999999999,0.5999999999999996,우선회(21.2°) 이동/통과
2060,MHC-562 강진,18,538005766,navalmine,7000,2022-12-02 09:00:59+00:00,2022-12-02 11:12:59+00:00,129.4366183,32.74164833,236.6,12.99705882352941,0.0,0.0,이동/통과
2061,MHC-562 강진,19,538005766,navalmine,7000,2022-12-02 11:15:00+00:00,2022-12-02 11:18:59+00:00,128.9617433,32.475875,265.7,11.8,32.599999999999994,-0.5,우선회(32.6°) 이동/통과
2062,MHC-562 강진,20,538005766,navalmine,7000,2022-12-02 11:20:00+00:00,2022-12-02 21:39:51+00:00,128.9417183,32.47532333,267.8,12.485714285714286,2.1000000000000227,0.6999999999999993,이동/통과
2063,MHC-562 강진,21,538005766,navalmine,7000,2022-12-02 21:54:22+00:00,2022-12-02 21:54:22+00:00,126.2841417,32.87809667,250.3,13.2,-25.599999999999966,-0.10000000000000142,좌선회(25.6°) 이동/통과
2064,MHC-562 강진,22,538005766,navalmine,7000,2022-12-02 22:11:11+00:00,2022-12-02 22:56:02+00:00,126.2137483,32.85799333,255.5,13.4125,5.199999999999989,0.40000000000000036,이동/통과
2065,MHC-562 강진,23,538005766,navalmine,7000,2022-12-02 23:00:21+00:00,2022-12-02 23:00:21+00:00,125.9995167,32.83954833,295.3,12.8,24.600000000000023,-0.3999999999999986,우선회(24.6°) 이동/통과
2066,MHC-562 강진,24,538005766,navalmine,7000,2022-12-02 23:15:41+00:00,2022-12-03 00:12:00+00:00,125.9435733,32.86957,304.4,13.35,9.099999999999966,0.3999999999999986,이동/통과
2067,MHC-562 강진,25,538005766,navalmine,7000,2022-12-10 01:34:48+00:00,2022-12-10 01:34:48+00:00,125.7324833,33.07905833,137.7,11.1,-175.0,-2.200000000000001,좌선회(175.0°) 감속 이동/통과
2068,MHC-562 강진,26,538005766,navalmine,7000,2022-12-10 01:39:17+00:00,2022-12-10 03:34:29+00:00,125.7444733,33.06969167,130.9,11.25,-6.799999999999983,0.0,이동/통과
2069,MHC-562 강진,27,538005766,navalmine,7000,2022-12-10 03:52:28+00:00,2022-12-10 03:52:28+00:00,126.0796317,32.77715833,85.7,11.0,-57.89999999999999,-0.40000000000000036,좌선회(57.9°) 이동/통과
2070,MHC-562 강진,28,538005766,navalmine,7000,2022-12-10 04:08:09+00:00,2022-12-10 05:46:58+00:00,126.1404367,32.77804,90.5,12.422222222222222,4.799999999999997,1.0,이동/통과
2071,MHC-562 강진,29,538005766,navalmine,7000,2022-12-10 14:48:07+00:00,2022-12-10 14:48:07+00:00,128.5966467,33.49064,62.6,12.7,-29.999999999999993,0.1999999999999993,좌선회(30.0°) 이동/통과
2072,MHC-562 강진,30,538005766,navalmine,7000,2022-12-10 14:52:58+00:00,2022-12-10 22:50:07+00:00,128.6148367,33.49842667,62.3,12.223711340206187,-0.30000000000000426,-0.09999999999999964,이동/통과
2073,MHC-562 강진,31,538005766,navalmine,7000,2022-12-10 22:55:18+00:00,2022-12-10 22:55:18+00:00,130.41145,34.10318167,71.2,6.9,1.4000000000000057,-2.9000000000000004,감속 이동/통과
2074,MHC-562 강진,32,538005766,navalmine,7000,2022-12-10 23:00:09+00:00,2022-12-10 23:00:09+00:00,130.4185383,34.10582833,46.8,2.8,-24.400000000000006,-4.1000000000000005,좌선회(24.4°) 감속 저속 운항
2075,MHC-562 강진,33,538005766,navalmine,7000,2022-12-10 23:05:18+00:00,2022-12-10 23:15:04+00:00,130.4199017,34.107555,0.8,0.6000000000000001,-46.0,-2.4,정박/대기
2076,MHC-562 강진,34,538005766,navalmine,7000,2022-12-10 23:15:17+00:00,2022-12-11 03:33:00+00:00,130.4188283,34.10550667,195.7,1.5769230769230769,-13.100000000000023,0.8,저속 운항
2077,MHC-562 강진,35,538005766,navalmine,7000,2022-12-11 03:35:19+00:00,2022-12-11 03:35:19+00:00,130.47299,34.00773833,64.7,3.6,-67.3,1.9000000000000001,좌선회(67.3°) 저속 운항
2078,MHC-562 강진,36,538005766,navalmine,7000,2022-12-11 03:40:08+00:00,2022-12-11 03:40:08+00:00,130.4780417,34.011015,27.9,5.4,-36.800000000000004,1.8000000000000003,좌선회(36.8°) 이동/통과
2079,MHC-562 강진,37,538005766,navalmine,7000,2022-12-11 03:45:07+00:00,2022-12-11 03:45:07+00:00,130.482695,34.02045833,22.2,8.6,-5.699999999999999,3.1999999999999993,가속 이동/통과
2080,MHC-562 강진,38,538005766,navalmine,7000,2022-12-11 03:50:08+00:00,2022-12-11 03:55:07+00:00,130.488395,34.03236,21.9,9.600000000000001,-0.3000000000000007,0.8000000000000007,이동/통과
2081,MHC-562 강진,39,538005766,navalmine,7000,2022-12-11 04:00:07+00:00,2022-12-11 04:00:07+00:00,130.5027783,34.05641667,41.0,9.9,20.5,0.09999999999999964,우선회(20.5°) 이동/통과
2082,MHC-562 강진,40,538005766,navalmine,7000,2022-12-11 04:05:08+00:00,2022-12-11 04:14:59+00:00,130.513735,34.06682333,44.7,10.05,3.700000000000003,0.09999999999999964,이동/통과
2083,MHC-562 강진,41,538005766,navalmine,7000,2022-12-11 04:15:08+00:00,2022-12-11 04:15:08+00:00,130.52686,34.08789833,352.2,7.5,-54.400000000000034,-2.5999999999999996,좌선회(54.4°) 감속 이동/통과
2084,MHC-562 강진,42,538005766,navalmine,7000,2022-12-11 04:17:21+00:00,2022-12-11 04:17:21+00:00,130.5261917,34.09185833,353.3,6.0,1.1000000000000227,-1.5,이동/통과
2085,MHC-562 강진,43,538005766,navalmine,7000,2022-12-11 04:20:09+00:00,2022-12-11 04:30:08+00:00,130.52537,34.095745,347.4,2.533333333333333,-5.900000000000034,-1.7999999999999998,저속 운항
2086,MHC-562 강진,44,538005766,navalmine,7000,2022-12-11 04:35:18+00:00,2022-12-11 04:35:18+00:00,130.5225833,34.102985,61.4,0.8,76.39999999999998,-0.30000000000000004,정박/대기
2087,MHC-562 강진,45,538005766,navalmine,7000,2022-12-11 04:40:19+00:00,2022-12-11 04:40:19+00:00,130.5239583,34.103055,102.2,1.0,40.800000000000004,0.19999999999999996,우선회(40.8°) 저속 운항
2088,MHC-562 강진,46,538005766,navalmine,7000,2022-12-11 04:45:08+00:00,2022-12-11 07:55:08+00:00,130.5255717,34.10262,112.5,1.5074999999999998,10.299999999999997,0.19999999999999996,저속 운항
2089,MHC-562 강진,47,538005766,navalmine,7000,2022-12-11 08:00:08+00:00,2022-12-11 08:03:00+00:00,130.615065,34.07176167,65.1,2.3,-47.10000000000001,0.7999999999999998,좌선회(47.1°) 저속 운항
2090,MHC-562 강진,48,538005766,navalmine,7000,2022-12-11 08:05:08+00:00,2022-12-11 08:05:08+00:00,130.6193883,34.07662,27.9,5.9,-37.199999999999996,3.6000000000000005,좌선회(37.2°) 가속 이동/통과
2091,MHC-562 강진,49,538005766,navalmine,7000,2022-12-11 08:10:08+00:00,2022-12-11 08:10:08+00:00,130.6247217,34.08567333,25.2,8.3,-2.6999999999999993,2.4000000000000004,가속 이동/통과
2092,MHC-562 강진,50,538005766,navalmine,7000,2022-12-11 08:15:08+00:00,2022-12-11 08:25:17+00:00,130.630975,34.09680333,23.1,9.333333333333334,-2.099999999999998,0.6999999999999993,이동/통과
2093,MHC-562 강진,51,538005766,navalmine,7000,2022-12-11 08:30:07+00:00,2022-12-11 08:30:07+00:00,130.64976,34.13086333,24.8,6.7,0.5,-2.8,감속 이동/통과
2094,MHC-562 강진,52,538005766,navalmine,7000,2022-12-11 08:35:19+00:00,2022-12-11 08:35:19+00:00,130.6525267,34.13762167,1.2,3.5,-23.6,-3.2,좌선회(23.6°) 감속 저속 운항
2095,MHC-562 강진,53,538005766,navalmine,7000,2022-12-11 08:40:08+00:00,2022-12-11 08:45:01+00:00,130.6520533,34.14107167,350.6,2.0,-10.599999999999966,-1.5,저속 운항
2096,MHC-562 강진,54,538005766,navalmine,7000,2022-12-11 08:45:08+00:00,2022-12-11 08:45:08+00:00,130.65111,34.14258,282.6,0.8,-68.0,-1.2,정박/대기
2097,MHC-562 강진,55,538005766,navalmine,7000,2022-12-11 08:50:07+00:00,2022-12-11 08:50:07+00:00,130.6499083,34.14202667,222.5,1.2,-60.10000000000002,0.3999999999999999,좌선회(60.1°) 저속 운항
2098,MHC-562 강진,56,538005766,navalmine,7000,2022-12-11 08:55:28+00:00,2022-12-11 09:45:17+00:00,130.6486933,34.14104167,227.0,1.6363636363636365,4.5,-0.09999999999999987,저속 운항
2099,MHC-562 강진,57,538005766,navalmine,7000,2022-12-11 09:50:01+00:00,2022-12-11 09:50:01+00:00,130.6217367,34.12677667,262.8,5.1,13.200000000000017,3.3,가속 이동/통과
2100,MHC-562 강진,58,538005766,navalmine,7000,2022-12-11 09:55:17+00:00,2022-12-11 09:55:17+00:00,130.6219783,34.120955,136.0,6.5,-126.80000000000001,1.4000000000000004,좌선회(126.8°) 이동/통과
2101,MHC-562 강진,59,538005766,navalmine,7000,2022-12-11 10:00:17+00:00,2022-12-11 10:00:17+00:00,130.6318083,34.11351833,127.7,8.5,-8.299999999999997,2.0,가속 이동/통과
2102,MHC-562 강진,60,538005766,navalmine,7000,2022-12-11 10:05:17+00:00,2022-12-11 11:56:31+00:00,130.6432733,34.10606333,126.5,7.117391304347826,-1.2000000000000028,0.0,이동/통과
2103,MHC-562 강진,61,538005766,navalmine,7000,2022-12-11 12:00:07+00:00,2022-12-11 12:00:07+00:00,130.87193,33.99642667,161.7,8.0,21.19999999999999,1.0,우선회(21.2°) 이동/통과
2104,MHC-562 강진,62,538005766,navalmine,7000,2022-12-11 12:05:08+00:00,2022-12-11 12:08:31+00:00,130.8748883,33.98374333,169.8,10.2,8.100000000000023,2.1999999999999993,가속 이동/통과
2105,MHC-562 강진,63,538005766,navalmine,7000,2022-12-11 12:10:08+00:00,2022-12-11 12:14:31+00:00,130.873985,33.969015,213.2,11.3,43.39999999999998,1.1000000000000014,우선회(43.4°) 이동/통과
2106,MHC-562 강진,64,538005766,navalmine,7000,2022-12-11 12:15:01+00:00,2022-12-11 12:15:01+00:00,130.86301,33.95557167,197.2,12.0,-16.0,0.6999999999999993,이동/통과
2107,MHC-562 강진,65,538005766,navalmine,7000,2022-12-11 12:20:09+00:00,2022-12-11 12:20:09+00:00,130.866765,33.939585,148.7,11.7,-48.5,-0.3000000000000007,좌선회(48.5°) 이동/통과
2108,MHC-562 강진,66,538005766,navalmine,7000,2022-12-11 12:25:08+00:00,2022-12-11 12:32:31+00:00,130.87883,33.926585,141.7,11.850000000000001,-7.0,0.10000000000000142,이동/통과
2109,MHC-562 강진,67,538005766,navalmine,7000,2022-12-11 12:35:08+00:00,2022-12-11 12:38:31+00:00,130.9059483,33.903935,116.7,11.2,-24.89999999999999,-0.7000000000000011,좌선회(24.9°) 이동/통과
2110,MHC-562 강진,68,538005766,navalmine,7000,2022-12-11 12:40:08+00:00,2022-12-11 12:40:08+00:00,130.9221917,33.907475,60.9,10.4,-55.800000000000004,-0.7999999999999989,좌선회(55.8°) 이동/통과
2111,MHC-562 강진,69,538005766,navalmine,7000,2022-12-11 12:45:08+00:00,2022-12-11 12:45:08+00:00,130.931525,33.91836,17.3,9.7,-43.599999999999994,-0.7000000000000011,좌선회(43.6°) 이동/통과
2112,MHC-562 강진,70,538005766,navalmine,7000,2022-12-11 12:50:07+00:00,2022-12-11 13:00:08+00:00,130.93679,33.93163833,19.5,10.4,2.1999999999999993,0.6000000000000014,이동/통과
2113,MHC-562 강진,71,538005766,navalmine,7000,2022-12-11 13:05:07+00:00,2022-12-11 13:08:31+00:00,130.9652517,33.965105,68.0,7.4,33.8,-2.799999999999999,우선회(33.8°) 감속 이동/통과
2114,MHC-562 강진,72,538005766,navalmine,7000,2022-12-11 13:10:07+00:00,2022-12-11 13:15:09+00:00,130.9779717,33.96919667,71.5,8.7,3.5,1.0999999999999996,이동/통과
2115,MHC-562 강진,73,538005766,navalmine,7000,2022-12-11 13:20:09+00:00,2022-12-11 13:20:31+00:00,131.0050833,33.97493167,95.2,6.5,20.5,-2.4000000000000004,우선회(20.5°) 감속 이동/통과
2116,MHC-562 강진,74,538005766,navalmine,7000,2022-12-11 13:25:08+00:00,2022-12-11 13:26:31+00:00,131.0133683,33.97160667,116.7,5.0,21.5,-1.5,우선회(21.5°) 이동/통과
2117,MHC-562 강진,75,538005766,navalmine,7000,2022-12-11 13:30:08+00:00,2022-12-11 13:32:31+00:00,131.0215883,33.96834167,115.1,7.55,-1.6000000000000085,1.9000000000000004,이동/통과
2118,MHC-562 강진,76,538005766,navalmine,7000,2022-12-11 13:35:09+00:00,2022-12-11 13:38:55+00:00,131.032725,33.96185,140.6,9.1,27.599999999999994,0.9000000000000004,우선회(27.6°) 이동/통과
2119,MHC-562 강진,77,538005766,navalmine,7000,2022-12-11 13:40:08+00:00,2022-12-11 13:44:31+00:00,131.0420683,33.95096333,145.9,10.0,5.300000000000011,0.9000000000000004,이동/통과
2120,MHC-562 강진,78,538005766,navalmine,7000,2022-12-11 13:45:07+00:00,2022-12-11 13:45:07+00:00,131.0529683,33.94131667,125.7,9.7,-20.200000000000003,-0.3000000000000007,좌선회(20.2°) 이동/통과
2121,MHC-562 강진,79,538005766,navalmine,7000,2022-12-11 13:50:08+00:00,2022-12-11 14:38:31+00:00,131.0669733,33.93360667,123.0,12.04,-2.700000000000003,0.5,이동/통과
2122,MHC-563 고령,0,477024700,navalmine,7000,2022-12-01 00:01:07+00:00,2022-12-06 13:10:53+00:00,129.0556417,35.11825667,264.1,0.00026842362127867255,0.0,0.0,정박/대기
2123,MHC-563 고령,1,477024700,navalmine,7000,2022-12-06 13:16:41+00:00,2022-12-06 13:16:41+00:00,129.0561617,35.11698333,141.5,1.6,-29.80000000000001,1.6,좌선회(29.8°) 저속 운항
2124,MHC-563 고령,2,477024700,navalmine,7000,2022-12-06 13:22:41+00:00,2022-12-06 13:22:55+00:00,129.0596333,35.11526333,70.6,1.9,-70.9,0.2999999999999998,좌선회(70.9°) 저속 운항
2125,MHC-563 고령,3,477024700,navalmine,7000,2022-12-06 13:25:40+00:00,2022-12-06 13:34:56+00:00,129.05934,35.11579167,244.4,0.725,173.8,-1.2,정박/대기
2126,MHC-563 고령,4,477024700,navalmine,7000,2022-12-06 13:36:18+00:00,2022-12-06 13:36:18+00:00,129.058805,35.11229167,162.7,3.4,-27.200000000000017,2.5999999999999996,좌선회(27.2°) 가속 저속 운항
2127,MHC-563 고령,5,477024700,navalmine,7000,2022-12-06 13:40:08+00:00,2022-12-06 13:52:58+00:00,129.0618467,35.10767167,142.9,9.166666666666666,-19.799999999999983,2.6999999999999997,가속 이동/통과
2128,MHC-563 고령,6,477024700,navalmine,7000,2022-12-06 13:55:07+00:00,2022-12-06 13:55:07+00:00,129.1010717,35.08372,125.2,8.5,-0.5999999999999943,-3.4000000000000004,감속 이동/통과
2129,MHC-563 고령,7,477024700,navalmine,7000,2022-12-06 14:00:28+00:00,2022-12-06 14:04:58+00:00,129.11215,35.07723,138.2,7.099999999999999,12.999999999999986,-1.4000000000000004,이동/통과
2130,MHC-563 고령,8,477024700,navalmine,7000,2022-12-06 14:05:07+00:00,2022-12-06 14:05:07+00:00,129.119625,35.06871667,145.8,9.6,7.600000000000023,2.5,가속 이동/통과
2131,MHC-563 고령,9,477024700,navalmine,7000,2022-12-06 14:10:07+00:00,2022-12-06 14:10:07+00:00,129.130145,35.05684833,149.3,10.6,3.5,1.0,이동/통과
2132,MHC-563 고령,10,477024700,navalmine,7000,2022-12-06 14:15:07+00:00,2022-12-06 14:15:07+00:00,129.1318633,35.04364333,192.4,9.6,43.099999999999994,-1.0,우선회(43.1°) 이동/통과
2133,MHC-563 고령,11,477024700,navalmine,7000,2022-12-06 14:17:01+00:00,2022-12-06 14:45:07+00:00,129.1316483,35.04280833,194.0,10.5,1.5999999999999943,0.0,이동/통과
2134,MHC-563 고령,12,477024700,navalmine,7000,2022-12-06 14:47:03+00:00,2022-12-06 14:47:03+00:00,129.1072267,34.95348167,228.0,9.4,26.099999999999994,-0.7999999999999989,우선회(26.1°) 이동/통과
2135,MHC-563 고령,13,477024700,navalmine,7000,2022-12-06 14:50:08+00:00,2022-12-06 14:50:08+00:00,129.0997983,34.946755,194.9,9.3,-33.099999999999994,-0.09999999999999964,좌선회(33.1°) 이동/통과
2136,MHC-563 고령,14,477024700,navalmine,7000,2022-12-06 14:55:06+00:00,2022-12-07 01:20:07+00:00,129.0959283,34.932965,193.6,12.260162601626016,-1.3000000000000114,1.3999999999999986,이동/통과
2137,MHC-563 고령,15,477024700,navalmine,7000,2022-12-07 02:56:46+00:00,2022-12-07 02:56:46+00:00,128.5128733,32.53658167,159.3,12.7,-33.599999999999994,1.1999999999999993,좌선회(33.6°) 이동/통과
2138,MHC-563 고령,16,477024700,navalmine,7000,2022-12-07 03:03:27+00:00,2022-12-07 05:45:07+00:00,128.5226667,32.514555,158.8,12.72,-0.5,-0.1999999999999993,이동/통과
2139,MHC-565 김포,0,352403000,navalmine,7000,2022-12-01 00:04:18+00:00,2022-12-10 00:10:18+00:00,129.000825,35.05210167,307.2,0.6384197324414715,0.0,0.0,정박/대기
2140,MHC-565 김포,1,352403000,navalmine,7000,2022-12-10 00:15:08+00:00,2022-12-10 00:15:08+00:00,129.0016617,35.05918833,347.5,3.3,-3.3999999999999773,2.4,가속 저속 운항
2141,MHC-565 김포,2,352403000,navalmine,7000,2022-12-10 00:16:18+00:00,2022-12-10 00:16:18+00:00,129.0014417,35.06015833,347.5,3.3,0.0,0.0,저속 운항
2142,MHC-565 김포,3,352403000,navalmine,7000,2022-12-10 00:21:05+00:00,2022-12-10 00:22:19+00:00,129.0012533,35.0615,349.2,0.2,1.6999999999999886,-3.0999999999999996,정박/대기
2143,MHC-565 김포,4,352403000,navalmine,7000,2022-12-10 00:27:06+00:00,2022-12-10 00:28:19+00:00,128.9988317,35.063795,302.3,1.2,-46.89999999999998,1.0,좌선회(46.9°) 저속 운항
2144,MHC-565 김포,5,352403000,navalmine,7000,2022-12-10 00:30:06+00:00,2022-12-10 00:34:20+00:00,128.9978583,35.06447833,308.3,1.2,6.0,0.0,저속 운항
2145,MHC-565 김포,6,352403000,navalmine,7000,2022-12-10 00:36:06+00:00,2022-12-12 00:53:38+00:00,128.9965717,35.06549333,329.0,0.01067190765194967,20.69999999999999,-0.8999999999999999,정박/대기
2146,MHC-565 김포,7,352403000,navalmine,7000,2022-12-12 00:58:24+00:00,2022-12-12 00:59:37+00:00,128.99567,35.066575,46.1,1.2,-146.9,1.0999999999999999,좌선회(146.9°) 저속 운항
2147,MHC-565 김포,8,352403000,navalmine,7000,2022-12-12 01:01:24+00:00,2022-12-12 01:01:24+00:00,128.99736,35.06781667,79.1,2.5,33.099999999999994,1.3,우선회(33.1°) 저속 운항
2148,MHC-565 김포,9,352403000,navalmine,7000,2022-12-12 01:05:42+00:00,2022-12-12 01:05:52+00:00,128.9999767,35.06548,161.5,3.1,82.4,0.6000000000000001,우선회(82.4°) 저속 운항
2149,MHC-565 김포,10,352403000,navalmine,7000,2022-12-12 01:10:32+00:00,2022-12-12 01:19:24+00:00,129.00127,35.060935,168.7,2.3333333333333335,7.199999999999989,0.2999999999999998,저속 운항
2150,MHC-565 김포,11,352403000,navalmine,7000,2022-12-12 01:22:24+00:00,2022-12-12 01:23:38+00:00,129.001195,35.05467,204.4,1.1,20.200000000000017,-1.1,우선회(20.2°) 저속 운항
2151,MHC-565 김포,12,352403000,navalmine,7000,2022-12-12 01:25:24+00:00,2022-12-12 01:25:24+00:00,129.0008933,35.05386333,203.8,1.0,-0.5999999999999943,-0.10000000000000009,저속 운항
2152,MHC-565 김포,13,352403000,navalmine,7000,2022-12-12 01:29:39+00:00,2022-12-14 23:57:41+00:00,129.0006417,35.053235,182.0,0.25504526091586793,-21.80000000000001,-0.30000000000000004,정박/대기
2153,MHC-566 고창,0,538007592,navalmine,7000,2022-12-01 00:02:20+00:00,2022-12-02 06:51:35+00:00,130.7629833,33.93415,156.0,0.40041866028708134,0.0,0.0,정박/대기
2154,MHC-566 고창,1,538007592,navalmine,7000,2022-12-02 06:55:01+00:00,2022-12-02 06:57:41+00:00,130.7658333,33.93561667,76.0,3.2,71.0,2.4000000000000004,우선회(71.0°) 가속 저속 운항
2155,MHC-566 고창,2,538007592,navalmine,7000,2022-12-02 07:00:00+00:00,2022-12-02 07:03:47+00:00,130.77195,33.93935,27.0,5.4,-49.0,2.2,좌선회(49.0°) 가속 이동/통과
2156,MHC-566 고창,3,538007592,navalmine,7000,2022-12-02 07:05:02+00:00,2022-12-02 07:09:35+00:00,130.7725167,33.94858333,357.0,7.8,-30.0,2.3999999999999995,좌선회(30.0°) 가속 이동/통과
2157,MHC-566 고창,4,538007592,navalmine,7000,2022-12-02 07:10:02+00:00,2022-12-02 07:10:02+00:00,130.77145,33.96053333,355.0,8.8,-2.0,1.0000000000000009,이동/통과
2158,MHC-566 고창,5,538007592,navalmine,7000,2022-12-02 07:15:01+00:00,2022-12-02 07:15:34+00:00,130.77035,33.9705,354.0,6.2,-1.0,-2.6000000000000005,감속 이동/통과
2159,MHC-566 고창,6,538007592,navalmine,7000,2022-12-02 07:20:01+00:00,2022-12-02 07:21:34+00:00,130.7691667,33.98218333,355.0,9.8,1.0,3.6000000000000005,가속 이동/통과
2160,MHC-566 고창,7,538007592,navalmine,7000,2022-12-02 07:25:01+00:00,2022-12-02 07:33:46+00:00,130.7675667,33.99713333,355.0,11.850000000000001,0.0,1.5999999999999996,이동/통과
2161,MHC-566 고창,8,538007592,navalmine,7000,2022-12-02 07:35:01+00:00,2022-12-02 07:39:34+00:00,130.7609667,34.03043333,338.0,13.1,-21.0,0.7999999999999989,좌선회(21.0°) 이동/통과
2162,MHC-566 고창,9,538007592,navalmine,7000,2022-12-02 07:40:00+00:00,2022-12-02 08:57:34+00:00,130.7528333,34.04815,340.0,15.552631578947368,2.0,0.9000000000000004,이동/통과
2163,MHC-566 고창,10,538007592,navalmine,7000,2022-12-02 09:00:04+00:00,2022-12-02 09:00:04+00:00,130.72125,34.39068333,28.0,15.7,31.0,-0.20000000000000107,우선회(31.0°) 이동/통과
2164,MHC-566 고창,11,538007592,navalmine,7000,2022-12-02 09:05:05+00:00,2022-12-02 11:27:54+00:00,130.7340167,34.41005,28.0,15.878947368421052,0.0,0.10000000000000142,이동/통과
2165,MHC-567 금화,0,667002156,navalmine,7000,2022-12-01 00:01:24+00:00,2022-12-14 23:59:33+00:00,129.0595467,35.10301833,181.7,0.09296353558924023,0.0,0.0,정박/대기
2166,MLS-560 원산함,0,636021418,navalmine,7000,2022-12-02 10:21:06+00:00,2022-12-03 04:23:15+00:00,125.70199,33.84236667,86.0,12.145528455284554,0.0,0.0,이동/통과
2167,MLS-560 원산함,1,636021418,navalmine,7000,2022-12-03 04:25:03+00:00,2022-12-03 04:30:00+00:00,130.315575,34.04351833,85.0,6.8,1.2999999999999972,-2.8,감속 이동/통과
2168,MLS-560 원산함,2,636021418,navalmine,7000,2022-12-03 04:30:03+00:00,2022-12-03 04:35:59+00:00,130.3249417,34.04413833,86.0,4.699999999999999,1.0,-2.0,저속 운항
2169,MLS-560 원산함,3,636021418,navalmine,7000,2022-12-03 04:40:04+00:00,2022-12-03 04:59:59+00:00,130.3408433,34.04512333,84.1,6.92,-1.3000000000000114,1.2000000000000002,이동/통과
2170,MLS-560 원산함,4,636021418,navalmine,7000,2022-12-03 05:00:04+00:00,2022-12-03 05:00:04+00:00,130.3857133,34.05027333,84.2,5.1,2.1000000000000085,-2.1000000000000005,감속 이동/통과
2171,MLS-560 원산함,5,636021418,navalmine,7000,2022-12-03 05:05:04+00:00,2022-12-03 05:12:01+00:00,130.39305,34.05089833,84.8,3.45,0.5999999999999943,-1.1999999999999997,저속 운항
2172,MLS-560 원산함,6,636021418,navalmine,7000,2022-12-03 05:15:04+00:00,2022-12-03 05:18:00+00:00,130.4055217,34.05186167,83.5,5.5,0.9000000000000057,2.5,가속 이동/통과
2173,MLS-560 원산함,7,636021418,navalmine,7000,2022-12-03 05:20:04+00:00,2022-12-03 05:30:03+00:00,130.4159517,34.05299333,82.7,6.283333333333334,-0.7999999999999972,1.4000000000000004,이동/통과
2174,MLS-560 원산함,8,636021418,navalmine,7000,2022-12-03 05:35:04+00:00,2022-12-03 06:35:59+00:00,130.4447667,34.05550667,85.2,3.4312500000000004,-0.3999999999999915,-1.1999999999999997,저속 운항
2175,MLS-560 원산함,9,636021418,navalmine,7000,2022-12-03 06:40:04+00:00,2022-12-03 06:47:59+00:00,130.51723,34.05963667,85.0,5.066666666666666,-0.5999999999999943,0.5,이동/통과
2176,MLS-560 원산함,10,636021418,navalmine,7000,2022-12-03 06:50:04+00:00,2022-12-03 07:11:59+00:00,130.5338633,34.06105,85.4,3.8428571428571425,0.4000000000000057,-0.5999999999999996,저속 운항
2177,MLS-560 원산함,11,636021418,navalmine,7000,2022-12-03 07:15:03+00:00,2022-12-03 07:18:00+00:00,130.566925,34.06334667,85.0,5.1,0.20000000000000284,0.2999999999999998,이동/통과
2178,MLS-560 원산함,12,636021418,navalmine,7000,2022-12-03 07:20:02+00:00,2022-12-03 07:53:59+00:00,130.5753667,34.06397,85.2,3.35,0.20000000000000284,-0.39999999999999947,저속 운항
2179,MLS-560 원산함,13,636021418,navalmine,7000,2022-12-03 07:55:04+00:00,2022-12-03 07:59:59+00:00,130.6166717,34.06675167,87.2,6.1,-0.3999999999999915,2.8,가속 이동/통과
2180,MLS-560 원산함,14,636021418,navalmine,7000,2022-12-03 08:00:02+00:00,2022-12-03 09:36:04+00:00,130.6279083,34.06724667,85.7,7.730769230769231,-1.5,1.1000000000000005,이동/통과
2181,MLS-560 원산함,15,636021418,navalmine,7000,2022-12-03 09:40:02+00:00,2022-12-03 09:41:59+00:00,130.8606583,34.004765,145.2,8.3,24.39999999999999,1.700000000000001,우선회(24.4°) 이동/통과
2182,MLS-560 원산함,16,636021418,navalmine,7000,2022-12-03 09:45:02+00:00,2022-12-03 09:47:59+00:00,130.8701333,33.99361833,144.0,10.7,-1.1999999999999886,2.3999999999999986,가속 이동/통과
2183,MLS-560 원산함,17,636021418,navalmine,7000,2022-12-03 09:50:04+00:00,2022-12-03 09:54:00+00:00,130.8769383,33.97989833,177.8,10.7,33.80000000000001,0.0,우선회(33.8°) 이동/통과
2184,MLS-560 원산함,18,636021418,navalmine,7000,2022-12-03 09:55:02+00:00,2022-12-03 09:59:59+00:00,130.8725683,33.96606667,213.8,10.5,36.0,-0.1999999999999993,우선회(36.0°) 이동/통과
2185,MLS-560 원산함,19,636021418,navalmine,7000,2022-12-03 10:00:02+00:00,2022-12-03 10:00:02+00:00,130.8636333,33.953745,186.6,9.5,-27.200000000000017,-1.0,좌선회(27.2°) 이동/통과
2186,MLS-560 원산함,20,636021418,navalmine,7000,2022-12-03 10:05:03+00:00,2022-12-03 10:05:59+00:00,130.866,33.94102333,150.1,9.3,-36.5,-0.1999999999999993,좌선회(36.5°) 이동/통과
2187,MLS-560 원산함,21,636021418,navalmine,7000,2022-12-03 10:10:03+00:00,2022-12-03 10:23:58+00:00,130.8760867,33.93048667,139.0,8.875,-11.099999999999994,0.5,이동/통과
2188,MLS-560 원산함,22,636021418,navalmine,7000,2022-12-03 10:25:03+00:00,2022-12-03 10:29:58+00:00,130.90523,33.90337667,115.5,7.7,-31.5,-0.39999999999999947,좌선회(31.5°) 이동/통과
2189,MLS-560 원산함,23,636021418,navalmine,7000,2022-12-03 10:30:02+00:00,2022-12-03 10:30:02+00:00,130.9181783,33.90460333,58.3,8.2,-57.2,0.4999999999999991,좌선회(57.2°) 이동/통과
2190,MLS-560 원산함,24,636021418,navalmine,7000,2022-12-03 10:35:02+00:00,2022-12-03 10:35:59+00:00,130.9291183,33.91182167,21.1,8.0,-37.199999999999996,-0.1999999999999993,좌선회(37.2°) 이동/통과
2191,MLS-560 원산함,25,636021418,navalmine,7000,2022-12-03 10:40:02+00:00,2022-12-03 10:59:58+00:00,130.93364,33.92294,21.4,10.1,0.29999999999999716,0.8000000000000007,이동/통과
2192,MLS-560 원산함,26,636021418,navalmine,7000,2022-12-03 11:00:03+00:00,2022-12-03 11:00:03+00:00,130.9710883,33.96652333,64.6,9.7,26.299999999999997,-1.1000000000000014,우선회(26.3°) 이동/통과
2193,MLS-560 원산함,27,636021418,navalmine,7000,2022-12-03 11:05:03+00:00,2022-12-03 11:05:59+00:00,130.98638,33.97187833,67.2,9.2,2.6000000000000085,-0.5,이동/통과
2194,MLS-560 원산함,28,636021418,navalmine,7000,2022-12-03 11:10:04+00:00,2022-12-03 11:11:16+00:00,130.99856,33.97511333,83.1,6.599999999999999,15.899999999999991,-2.5999999999999996,감속 이동/통과
2195,MLS-560 원산함,29,636021418,navalmine,7000,2022-12-03 11:15:04+00:00,2022-12-03 11:17:33+00:00,131.00854,33.97376333,112.5,5.5,29.400000000000006,-1.0999999999999996,우선회(29.4°) 이동/통과
2196,MLS-560 원산함,30,636021418,navalmine,7000,2022-12-03 11:20:04+00:00,2022-12-03 11:20:04+00:00,131.0179683,33.96991167,119.0,7.7,6.5,2.2,가속 이동/통과
2197,MLS-560 원산함,31,636021418,navalmine,7000,2022-12-03 11:23:12+00:00,2022-12-03 12:20:03+00:00,131.02345,33.96726,122.0,11.894117647058822,3.0,0.7999999999999998,이동/통과
2198,MSH- 옹진,0,440467000,navalmine,7000,2022-12-01 00:00:21+00:00,2022-12-01 00:56:27+00:00,127.9747,34.55848333,344.0,8.260526315789473,0.0,0.0,이동/통과
2199,MSH- 옹진,1,440467000,navalmine,7000,2022-12-01 01:00:09+00:00,2022-12-01 01:00:09+00:00,127.9179333,34.68593333,298.0,8.3,-25.0,0.8000000000000007,좌선회(25.0°) 이동/통과
2200,MSH- 옹진,2,440467000,navalmine,7000,2022-12-01 01:02:25+00:00,2022-12-01 01:26:27+00:00,127.91145,34.68905,298.0,10.772727272727273,0.0,0.0,이동/통과
2201,MSH- 옹진,3,440467000,navalmine,7000,2022-12-01 01:32:10+00:00,2022-12-01 01:32:10+00:00,127.8285333,34.74475,341.0,11.5,27.0,-0.1999999999999993,우선회(27.0°) 이동/통과
2202,MSH- 옹진,4,440467000,navalmine,7000,2022-12-01 01:35:40+00:00,2022-12-01 02:08:24+00:00,127.8241,34.75566667,342.0,11.283333333333333,1.0,0.1999999999999993,이동/통과
2203,MSH- 옹진,5,440467000,navalmine,7000,2022-12-01 02:10:01+00:00,2022-12-01 02:14:25+00:00,127.7890167,34.85836667,312.0,9.6,-31.0,-0.8000000000000007,좌선회(31.0°) 이동/통과
2204,MSH- 옹진,6,440467000,navalmine,7000,2022-12-01 02:15:00+00:00,2022-12-01 02:25:31+00:00,127.7765,34.86601667,303.0,7.066666666666666,-9.0,-1.0999999999999996,이동/통과
2205,MSH- 옹진,7,440467000,navalmine,7000,2022-12-01 02:30:20+00:00,2022-12-01 02:32:27+00:00,127.7546,34.88595,343.0,5.0,21.0,-0.7999999999999998,우선회(21.0°) 이동/통과
2206,MSH- 옹진,8,440467000,navalmine,7000,2022-12-01 02:35:00+00:00,2022-12-01 02:35:00+00:00,127.75285,34.8918,346.0,4.4,3.0,-0.5999999999999996,저속 운항
2207,MSH- 옹진,9,440467000,navalmine,7000,2022-12-01 02:40:29+00:00,2022-12-01 02:40:29+00:00,127.7507167,34.89685,326.0,2.6,-20.0,-1.8000000000000003,좌선회(20.0°) 저속 운항
2208,MSH- 옹진,10,440467000,navalmine,7000,2022-12-01 02:44:25+00:00,2022-12-01 02:50:09+00:00,127.7486167,34.8988,326.0,2.1666666666666665,0.0,0.0,저속 운항
2209,MSH- 옹진,11,440467000,navalmine,7000,2022-12-01 02:55:20+00:00,2022-12-01 22:20:28+00:00,127.7453833,34.90296667,355.0,0.057585660526837,26.0,-0.8999999999999999,정박/대기
2210,MSH- 옹진,12,440467000,navalmine,7000,2022-12-01 22:25:29+00:00,2022-12-01 22:26:24+00:00,127.7427833,34.90361667,233.0,2.0,8.0,1.5,저속 운항
2211,MSH- 옹진,13,440467000,navalmine,7000,2022-12-01 22:30:08+00:00,2022-12-01 22:32:24+00:00,127.7432,34.9012,142.0,2.2,-91.0,0.20000000000000018,좌선회(91.0°) 저속 운항
2212,MSH- 옹진,14,440467000,navalmine,7000,2022-12-01 22:35:28+00:00,2022-12-01 22:35:28+00:00,127.7469833,34.89935,101.0,2.6,-41.0,0.3999999999999999,좌선회(41.0°) 저속 운항
2213,MSH- 옹진,15,440467000,navalmine,7000,2022-12-01 22:40:19+00:00,2022-12-01 22:50:27+00:00,127.7511667,34.8987,114.0,1.6666666666666667,13.0,0.10000000000000009,저속 운항
2214,MSH- 옹진,16,440467000,navalmine,7000,2022-12-01 22:55:18+00:00,2022-12-01 22:55:18+00:00,127.7575,34.89555,109.0,1.4,-21.0,0.09999999999999987,좌선회(21.0°) 저속 운항
2215,MSH- 옹진,17,440467000,navalmine,7000,2022-12-01 22:56:24+00:00,2022-12-01 22:56:24+00:00,127.7580833,34.89548333,109.0,1.4,0.0,0.0,저속 운항
2216,MSH- 옹진,18,440467000,navalmine,7000,2022-12-01 23:00:09+00:00,2022-12-06 04:06:11+00:00,127.7592667,34.89556667,77.0,0.07709506976190145,-32.0,-0.5999999999999999,정박/대기
2217,MSH- 옹진,19,440467000,navalmine,7000,2022-12-06 04:12:11+00:00,2022-12-06 04:12:11+00:00,127.7599833,34.89676667,304.0,1.7,176.0,1.7,우선회(176.0°) 저속 운항
2218,MSH- 옹진,20,440467000,navalmine,7000,2022-12-06 04:14:26+00:00,2022-12-06 04:15:18+00:00,127.7583833,34.89796667,304.0,2.6,0.0,0.0,저속 운항
2219,MSH- 옹진,21,440467000,navalmine,7000,2022-12-06 04:20:08+00:00,2022-12-06 04:20:08+00:00,127.7538,34.89296667,186.0,6.2,-99.0,2.7,좌선회(99.0°) 가속 이동/통과
2220,MSH- 옹진,22,440467000,navalmine,7000,2022-12-06 04:20:26+00:00,2022-12-06 04:22:34+00:00,127.75375,34.89196667,186.0,6.2,0.0,0.0,이동/통과
2221,MSH- 옹진,23,440467000,navalmine,7000,2022-12-06 04:25:27+00:00,2022-12-06 04:25:27+00:00,127.7564333,34.88051667,157.0,10.1,-29.0,3.8999999999999995,좌선회(29.0°) 가속 이동/통과
2222,MSH- 옹진,24,440467000,navalmine,7000,2022-12-06 04:26:25+00:00,2022-12-06 04:26:25+00:00,127.7588833,34.8773,157.0,10.1,0.0,0.0,이동/통과
2223,MSH- 옹진,25,440467000,navalmine,7000,2022-12-06 04:30:18+00:00,2022-12-06 04:30:18+00:00,127.7687,34.86991667,130.0,11.7,-27.0,1.5999999999999996,좌선회(27.0°) 이동/통과
2224,MSH- 옹진,26,440467000,navalmine,7000,2022-12-06 04:35:17+00:00,2022-12-06 05:14:23+00:00,127.7841833,34.85845,141.0,13.25,11.0,0.8000000000000007,이동/통과
2225,MSH- 옹진,27,440467000,navalmine,7000,2022-12-06 05:17:48+00:00,2022-12-06 05:17:48+00:00,127.8382667,34.71356667,125.0,8.3,-35.0,-4.899999999999999,좌선회(35.0°) 감속 이동/통과
2226,MSH- 옹진,28,440467000,navalmine,7000,2022-12-06 05:29:47+00:00,2022-12-06 05:29:47+00:00,127.86945,34.69571667,123.0,11.3,-2.0,3.0,가속 이동/통과
2227,MSH- 옹진,29,440467000,navalmine,7000,2022-12-06 05:30:26+00:00,2022-12-06 05:44:24+00:00,127.8715833,34.69455,123.0,11.65,0.0,0.09999999999999964,이동/통과
2228,MSH- 옹진,30,440467000,navalmine,7000,2022-12-06 05:47:05+00:00,2022-12-06 05:47:17+00:00,127.9180167,34.66146667,168.0,10.7,46.0,-1.200000000000001,우선회(46.0°) 이동/통과
2229,MSH- 옹진,31,440467000,navalmine,7000,2022-12-06 05:50:24+00:00,2022-12-06 06:20:50+00:00,127.9207667,34.6494,169.0,12.748484848484848,0.0,0.0,이동/통과
2230,MSH- 옹진,32,440467000,navalmine,7000,2022-12-06 06:25:35+00:00,2022-12-06 06:25:35+00:00,127.9507833,34.52308333,151.0,13.5,-21.0,-0.6999999999999993,좌선회(21.0°) 이동/통과
2231,MSH- 옹진,33,440467000,navalmine,7000,2022-12-06 06:30:08+00:00,2022-12-06 09:15:03+00:00,127.96625,34.51123333,132.0,14.850000000000001,-19.0,0.8000000000000007,이동/통과
2232,MSH- 옹진,34,440467000,navalmine,7000,2022-12-06 09:20:10+00:00,2022-12-06 09:20:23+00:00,128.7616,34.52301667,47.0,14.4,-22.0,-0.29999999999999893,좌선회(22.0°) 이동/통과
2233,MSH- 옹진,35,440467000,navalmine,7000,2022-12-06 09:25:03+00:00,2022-12-06 13:07:36+00:00,128.7794167,34.53655,46.0,15.105263157894736,-1.0,0.1999999999999993,이동/통과
2234,MSH- 해남,0,431006614,navalmine,7000,2022-12-01 21:34:14+00:00,2022-12-01 22:10:18+00:00,131.2278717,33.78349667,277.0,10.799999999999999,0.0,0.0,이동/통과
2235,MSH- 해남,1,431006614,navalmine,7000,2022-12-01 22:15:09+00:00,2022-12-01 22:15:09+00:00,131.0851267,33.80376333,279.0,6.8,1.8000000000000114,-3.2,감속 이동/통과
2236,MSH- 해남,2,431006614,navalmine,7000,2022-12-01 22:16:14+00:00,2022-12-01 22:16:25+00:00,131.0834783,33.80411333,289.0,5.7,10.0,-1.0999999999999996,이동/통과
2237,MSH- 해남,3,431006614,navalmine,7000,2022-12-01 22:20:01+00:00,2022-12-01 22:20:01+00:00,131.0818617,33.807505,7.0,2.8,78.0,-2.9000000000000004,우선회(78.0°) 감속 저속 운항
2238,MSH- 해남,4,431006614,navalmine,7000,2022-12-01 22:22:13+00:00,2022-12-01 22:22:15+00:00,131.081445,33.80859167,341.0,2.0,-26.0,-0.7999999999999998,좌선회(26.0°) 저속 운항
2239,MSH- 해남,5,431006614,navalmine,7000,2022-12-01 22:25:09+00:00,2022-12-01 22:28:32+00:00,131.0823617,33.81035,37.0,2.5,56.0,0.5,우선회(56.0°) 저속 운항
2240,MSH- 해남,6,431006614,navalmine,7000,2022-12-01 22:30:02+00:00,2022-12-02 03:05:08+00:00,131.0843317,33.81273,68.4,0.15446283783783782,31.400000000000006,-1.9,정박/대기
2241,MSH- 해남,7,431006614,navalmine,7000,2022-12-02 03:10:02+00:00,2022-12-02 03:10:18+00:00,131.08433,33.812465,313.2,1.225,131.0,0.8999999999999999,우선회(131.0°) 저속 운항
2242,MSH- 해남,8,431006614,navalmine,7000,2022-12-02 03:15:08+00:00,2022-12-02 03:16:17+00:00,131.0789267,33.81521167,292.9,5.3,-16.100000000000023,4.0,가속 이동/통과
2243,MSH- 해남,9,431006614,navalmine,7000,2022-12-02 03:20:09+00:00,2022-12-02 03:22:14+00:00,131.0675067,33.81502833,263.0,8.3,-29.899999999999977,3.000000000000001,좌선회(29.9°) 가속 이동/통과
2244,MSH- 해남,10,431006614,navalmine,7000,2022-12-02 03:25:09+00:00,2022-12-02 03:34:17+00:00,131.05261,33.81171167,248.2,10.266666666666667,-14.800000000000011,1.5999999999999996,이동/통과
2245,MSH- 해남,11,431006614,navalmine,7000,2022-12-02 03:35:20+00:00,2022-12-02 03:35:20+00:00,131.0217583,33.79960333,222.4,8.9,-27.400000000000006,-1.5999999999999996,좌선회(27.4°) 이동/통과
2246,MSH- 해남,12,431006614,navalmine,7000,2022-12-02 03:40:08+00:00,2022-12-02 03:46:16+00:00,131.013905,33.790805,213.9,6.5,-8.5,-1.4000000000000004,이동/통과
2247,MSH- 해남,13,431006614,navalmine,7000,2022-12-02 03:50:02+00:00,2022-12-02 03:52:15+00:00,131.0046217,33.778645,256.3,2.5,46.80000000000001,-3.0,우선회(46.8°) 감속 저속 운항
2248,MSH- 해남,14,431006614,navalmine,7000,2022-12-02 03:55:09+00:00,2022-12-03 03:58:14+00:00,131.0011717,33.77867833,259.0,0.414910790144435,2.6999999999999886,-1.0,정박/대기
2249,MSH- 해남,15,431006614,navalmine,7000,2022-12-03 04:00:09+00:00,2022-12-03 04:04:15+00:00,131.0015483,33.77873333,69.2,1.5,-71.39999999999999,0.8,좌선회(71.4°) 저속 운항
2250,MSH- 해남,16,431006614,navalmine,7000,2022-12-03 04:05:00+00:00,2022-12-03 04:05:00+00:00,131.0035667,33.77869,287.0,0.6,-140.0,-1.1,정박/대기
2251,MSH- 해남,17,431006614,navalmine,7000,2022-12-03 04:10:00+00:00,2022-12-03 04:13:55+00:00,131.0073517,33.78277667,39.9,6.4,112.9,5.800000000000001,우선회(112.9°) 가속 이동/통과
2252,MSH- 해남,18,431006614,navalmine,7000,2022-12-03 04:15:00+00:00,2022-12-03 04:16:31+00:00,131.016025,33.79277667,33.9,10.3,-6.0,3.9000000000000004,가속 이동/통과
2253,MSH- 해남,19,431006614,navalmine,7000,2022-12-03 04:20:00+00:00,2022-12-03 04:22:17+00:00,131.02859,33.80304667,68.7,11.0,34.800000000000004,0.6999999999999993,우선회(34.8°) 이동/통과
2254,MSH- 해남,20,431006614,navalmine,7000,2022-12-03 04:25:09+00:00,2022-12-03 04:29:42+00:00,131.0464667,33.80925,67.1,11.6,-1.6000000000000085,0.5999999999999996,이동/통과
2255,MSH- 해남,21,431006614,navalmine,7000,2022-12-03 04:30:01+00:00,2022-12-03 04:30:51+00:00,131.0641417,33.81303,91.2,11.3,24.10000000000001,-0.29999999999999893,우선회(24.1°) 이동/통과
2256,MSH- 해남,22,431006614,navalmine,7000,2022-12-03 04:34:16+00:00,2022-12-03 05:16:17+00:00,131.0684383,33.81259333,99.0,11.113333333333333,7.799999999999997,0.09999999999999964,이동/통과
2257,MSH- 해남,23,431006614,navalmine,7000,2022-12-08 21:10:00+00:00,2022-12-08 21:10:16+00:00,131.2144267,33.812345,293.9,8.9,-172.20000000000002,-2.0999999999999996,좌선회(172.2°) 감속 이동/통과
2258,MSH- 해남,24,431006614,navalmine,7000,2022-12-08 21:11:42+00:00,2022-12-08 21:34:15+00:00,131.215285,33.81202833,294.0,8.342857142857143,0.10000000000002274,0.09999999999999964,이동/통과
2259,MSH- 해남,25,431006614,navalmine,7000,2022-12-08 21:35:10+00:00,2022-12-08 21:35:10+00:00,131.15625,33.84057833,264.1,7.6,-46.89999999999998,-0.5999999999999996,좌선회(46.9°) 이동/통과
2260,MSH- 해남,26,431006614,navalmine,7000,2022-12-08 21:40:10+00:00,2022-12-08 22:28:16+00:00,131.1432533,33.83927167,261.1,7.8500000000000005,-3.0,0.40000000000000036,이동/통과
2261,MSH- 해남,27,431006614,navalmine,7000,2022-12-08 22:30:10+00:00,2022-12-08 22:34:16+00:00,131.0220267,33.79978333,225.0,7.400000000000001,-21.0,-0.2999999999999998,좌선회(21.0°) 이동/통과
2262,MSH- 해남,28,431006614,navalmine,7000,2022-12-08 22:35:00+00:00,2022-12-08 22:40:14+00:00,131.014965,33.79183167,213.7,6.7,-11.300000000000011,0.0,이동/통과
2263,MSH- 해남,29,431006614,navalmine,7000,2022-12-08 22:45:09+00:00,2022-12-08 22:46:17+00:00,131.0047667,33.77864,241.9,2.3,29.599999999999994,-3.7,우선회(29.6°) 감속 저속 운항
2264,MSH- 해남,30,431006614,navalmine,7000,2022-12-08 22:50:09+00:00,2022-12-09 04:22:16+00:00,131.002415,33.77822,287.4,0.5037961210974456,45.49999999999997,-1.4999999999999998,정박/대기
2265,MSH- 해남,31,431006614,navalmine,7000,2022-12-09 04:25:01+00:00,2022-12-09 04:28:16+00:00,131.001335,33.77851333,203.9,1.5,118.60000000000001,0.8,우선회(118.6°) 저속 운항
2266,MSH- 해남,32,431006614,navalmine,7000,2022-12-09 04:30:04+00:00,2022-12-09 04:34:17+00:00,131.005185,33.779655,37.7,5.5,-166.2,4.0,좌선회(166.2°) 가속 이동/통과
2267,MSH- 해남,33,431006614,navalmine,7000,2022-12-09 04:35:04+00:00,2022-12-09 04:35:04+00:00,131.0130467,33.78929667,32.8,10.5,-4.900000000000006,5.0,가속 이동/통과
2268,MSH- 해남,34,431006614,navalmine,7000,2022-12-09 04:40:01+00:00,2022-12-09 05:34:19+00:00,131.02419,33.80149833,51.8,11.856250000000001,19.0,0.8000000000000007,이동/통과
2269,PCC-777 대천,0,352001677,frigate,13000,2022-12-03 22:57:28+00:00,2022-12-03 23:29:47+00:00,129.5150667,35.11881,219.5,8.049999999999999,0.0,0.0,이동/통과
2270,PCC-777 대천,1,352001677,frigate,13000,2022-12-03 23:47:28+00:00,2022-12-03 23:47:28+00:00,129.4396,35.05682,211.6,5.5,-20.0,-2.5,좌선회(20.0°) 감속 이동/통과
2271,PCC-777 대천,2,352001677,frigate,13000,2022-12-03 23:56:57+00:00,2022-12-03 23:56:57+00:00,129.4270933,35.03942,220.0,7.9,8.400000000000006,2.4000000000000004,가속 이동/통과
2272,PCC-777 대천,3,352001677,frigate,13000,2022-12-04 00:03:43+00:00,2022-12-04 05:17:22+00:00,129.41812,35.02684333,215.4,8.1,-4.599999999999994,-0.10000000000000053,이동/통과
2273,PCC-777 대천,4,352001677,frigate,13000,2022-12-04 05:20:06+00:00,2022-12-04 05:21:26+00:00,128.90464,34.45246,210.6,8.5,-29.0,-0.3000000000000007,좌선회(29.0°) 이동/통과
2274,PCC-777 대천,5,352001677,frigate,13000,2022-12-04 05:22:26+00:00,2022-12-04 05:51:26+00:00,128.9024533,34.4473,210.6,8.757142857142856,0.0,0.0,이동/통과
2275,PCC-777 대천,6,352001677,frigate,13000,2022-12-04 05:55:00+00:00,2022-12-04 05:57:23+00:00,128.8683733,34.37204667,221.1,9.3,29.0,0.0,우선회(29.0°) 이동/통과
2276,PCC-777 대천,7,352001677,frigate,13000,2022-12-04 06:00:00+00:00,2022-12-04 08:21:22+00:00,128.8577733,34.36228333,234.1,9.147058823529411,13.0,-0.20000000000000107,이동/통과
2277,PCC-777 대천,8,352001677,frigate,13000,2022-12-04 08:25:06+00:00,2022-12-04 08:25:06+00:00,128.47216,34.18124333,174.4,8.0,-77.1,-0.8000000000000007,좌선회(77.1°) 이동/통과
2278,PCC-777 대천,9,352001677,frigate,13000,2022-12-04 08:30:08+00:00,2022-12-04 09:50:45+00:00,128.4724133,34.16885,180.3,8.95,5.900000000000006,1.3000000000000007,이동/통과
2279,PCC-777 대천,10,352001677,frigate,13000,2022-12-04 10:00:29+00:00,2022-12-04 10:03:17+00:00,128.4640667,33.95177333,160.1,3.2,-13.400000000000006,-4.1,감속 저속 운항
2280,PCC-777 대천,11,352001677,frigate,13000,2022-12-04 10:07:51+00:00,2022-12-04 10:08:20+00:00,128.4679333,33.94883,116.0,1.3,-44.099999999999994,-1.9000000000000001,좌선회(44.1°) 저속 운항
2281,PCC-777 대천,12,352001677,frigate,13000,2022-12-04 10:10:49+00:00,2022-12-04 10:10:49+00:00,128.4691867,33.94824333,118.5,1.3,2.5,0.0,저속 운항
2282,PCC-777 대천,13,352001677,frigate,13000,2022-12-04 10:43:49+00:00,2022-12-04 11:13:52+00:00,128.4754667,33.94248333,148.3,0.9,29.80000000000001,-0.4,정박/대기
2283,PCC-777 대천,14,352001677,frigate,13000,2022-12-04 11:22:49+00:00,2022-12-04 11:26:17+00:00,128.4846,33.93473333,130.4,1.05,-5.0,0.20000000000000007,저속 운항
2284,PCC-777 대천,15,352001677,frigate,13000,2022-12-04 11:34:51+00:00,2022-12-04 11:34:51+00:00,128.4877467,33.93268,124.0,0.8,0.5999999999999943,-0.19999999999999996,정박/대기
2285,PCC-777 대천,16,352001677,frigate,13000,2022-12-04 11:47:55+00:00,2022-12-04 11:47:55+00:00,128.4942533,33.93000333,107.8,3.9,-16.200000000000003,3.0999999999999996,가속 저속 운항
2286,PCC-777 대천,17,352001677,frigate,13000,2022-12-04 11:50:05+00:00,2022-12-04 11:55:30+00:00,128.4967467,33.92878333,129.4,4.2,21.60000000000001,0.30000000000000027,우선회(21.6°) 저속 운항
2287,PCC-777 대천,18,352001677,frigate,13000,2022-12-04 11:59:48+00:00,2022-12-04 12:00:08+00:00,128.4911067,33.92747333,278.6,4.05,149.20000000000002,-0.30000000000000027,우선회(149.2°) 저속 운항
2288,PCC-777 대천,19,352001677,frigate,13000,2022-12-04 12:07:09+00:00,2022-12-04 12:07:09+00:00,128.4770667,33.92704667,274.3,7.2,3.0,3.0,가속 이동/통과
2289,PCC-777 대천,20,352001677,frigate,13000,2022-12-04 12:10:57+00:00,2022-12-04 17:52:42+00:00,128.4673067,33.92660333,262.0,7.959999999999999,-12.300000000000011,0.5,이동/통과
2290,PCC-781 남원,0,319409000,frigate,13000,2022-12-01 11:59:14+00:00,2022-12-01 12:50:23+00:00,125.6780833,35.85211667,119.0,1.1833333333333333,0.0,0.0,저속 운항
2291,PCC-781 남원,1,319409000,frigate,13000,2022-12-01 13:12:34+00:00,2022-12-01 13:55:24+00:00,125.7014,35.83825,137.0,0.8166666666666668,2.0,-0.30000000000000004,정박/대기
2292,PCC-781 남원,2,319409000,frigate,13000,2022-12-01 14:43:23+00:00,2022-12-01 14:43:23+00:00,125.7022667,35.89116667,39.0,13.0,-89.0,12.1,좌선회(89.0°) 가속 이동/통과
2293,PCC-781 남원,3,319409000,frigate,13000,2022-12-01 14:53:35+00:00,2022-12-01 14:53:35+00:00,125.7329333,35.92163333,39.0,14.7,0.0,1.6999999999999993,이동/통과
2294,PCC-781 남원,4,319409000,frigate,13000,2022-12-01 15:00:38+00:00,2022-12-01 15:00:38+00:00,125.7253,35.93346667,296.0,7.0,-103.0,-7.699999999999999,좌선회(103.0°) 감속 이동/통과
2295,PCC-781 남원,5,319409000,frigate,13000,2022-12-01 15:15:40+00:00,2022-12-01 15:15:40+00:00,125.70265,35.9429,307.0,2.5,11.0,-4.5,감속 저속 운항
2296,PCC-781 남원,6,319409000,frigate,13000,2022-12-01 15:47:18+00:00,2022-12-01 15:47:18+00:00,125.6917167,35.94546667,223.0,1.0,-84.0,-1.5,좌선회(84.0°) 저속 운항
2297,PCC-781 남원,7,319409000,frigate,13000,2022-12-01 15:50:29+00:00,2022-12-01 16:00:00+00:00,125.6925,35.94603333,227.0,0.8500000000000001,4.0,-0.19999999999999996,정박/대기
2298,PCC-781 남원,8,319409000,frigate,13000,2022-12-01 16:03:55+00:00,2022-12-01 16:03:55+00:00,125.6882667,35.94181667,205.0,1.0,-1.0,0.09999999999999998,저속 운항
2299,PCC-781 남원,9,319409000,frigate,13000,2022-12-01 16:46:19+00:00,2022-12-01 16:46:19+00:00,125.6835833,35.92916667,181.0,1.0,-24.0,0.0,좌선회(24.0°) 저속 운항
2300,PCC-781 남원,10,319409000,frigate,13000,2022-12-01 16:58:21+00:00,2022-12-01 17:16:19+00:00,125.68295,35.92541667,187.0,1.0,6.0,0.10000000000000009,저속 운항
2301,PCC-781 남원,11,319409000,frigate,13000,2022-12-01 17:24:59+00:00,2022-12-01 17:35:00+00:00,125.6821667,35.91645,178.0,0.8250000000000001,-2.0,-0.09999999999999998,정박/대기
2302,PCC-781 남원,12,319409000,frigate,13000,2022-12-01 18:03:09+00:00,2022-12-01 18:03:09+00:00,125.6817833,35.90425,176.0,1.0,-4.0,0.19999999999999996,저속 운항
2303,PCC-781 남원,13,319409000,frigate,13000,2022-12-01 18:27:39+00:00,2022-12-01 18:27:39+00:00,125.6828667,35.89701667,172.0,0.7,-4.0,-0.30000000000000004,정박/대기
2304,PCC-781 남원,14,319409000,frigate,13000,2022-12-02 03:00:59+00:00,2022-12-02 03:00:59+00:00,125.7014333,35.8655,244.0,1.2,72.0,0.5,우선회(72.0°) 저속 운항
2305,PCC-781 남원,15,319409000,frigate,13000,2022-12-02 09:35:59+00:00,2022-12-02 09:35:59+00:00,125.7228,35.88185,50.0,3.3,166.0,2.0999999999999996,우선회(166.0°) 가속 저속 운항
2306,PCC-781 남원,16,319409000,frigate,13000,2022-12-02 11:11:40+00:00,2022-12-02 11:11:40+00:00,125.748,35.92451667,1.0,1.4,-49.0,-1.9,좌선회(49.0°) 저속 운항
2307,PCC-781 남원,17,319409000,frigate,13000,2022-12-02 11:43:40+00:00,2022-12-02 11:43:40+00:00,125.7508,35.93101667,228.0,4.2,-133.0,2.8000000000000003,좌선회(133.0°) 가속 저속 운항
2308,PCC-781 남원,18,319409000,frigate,13000,2022-12-02 15:11:39+00:00,2022-12-02 15:11:39+00:00,125.7082833,35.94103333,92.0,1.6,-136.0,-2.6,좌선회(136.0°) 감속 저속 운항
2309,PCC-781 남원,19,319409000,frigate,13000,2022-12-02 15:16:39+00:00,2022-12-02 15:31:19+00:00,125.7111833,35.94071667,99.0,1.825,7.0,0.09999999999999987,저속 운항
2310,PCC-781 남원,20,319409000,frigate,13000,2022-12-02 18:46:36+00:00,2022-12-02 18:46:36+00:00,125.69595,35.9318,316.0,2.9,-170.0,1.0,좌선회(170.0°) 저속 운항
2311,PCC-781 남원,21,319409000,frigate,13000,2022-12-02 20:56:35+00:00,2022-12-02 20:56:35+00:00,125.7263333,35.91675,137.0,2.6,-179.0,-0.2999999999999998,좌선회(179.0°) 저속 운항
2312,PCC-781 남원,22,319409000,frigate,13000,2022-12-02 21:17:17+00:00,2022-12-02 21:17:17+00:00,125.7393167,35.90641667,132.0,2.2,-5.0,-0.3999999999999999,저속 운항
2313,PCC-781 남원,23,319409000,frigate,13000,2022-12-02 22:11:15+00:00,2022-12-02 22:11:15+00:00,125.77175,35.88783333,351.0,1.7,-141.0,-0.5000000000000002,좌선회(141.0°) 저속 운항
2314,PCC-781 남원,24,319409000,frigate,13000,2022-12-02 22:21:16+00:00,2022-12-02 22:21:16+00:00,125.7584333,35.90541667,325.0,9.9,-26.0,8.200000000000001,좌선회(26.0°) 가속 이동/통과
2315,PCC-781 남원,25,319409000,frigate,13000,2022-12-02 22:27:57+00:00,2022-12-02 22:32:57+00:00,125.7458833,35.92078333,326.0,10.3,1.0,0.40000000000000036,이동/통과
2316,PCC-781 남원,26,319409000,frigate,13000,2022-12-02 23:23:16+00:00,2022-12-02 23:23:16+00:00,125.6901167,35.93378333,109.0,1.5,145.0,-8.8,우선회(145.0°) 감속 저속 운항
2317,PCC-781 남원,27,319409000,frigate,13000,2022-12-02 23:32:56+00:00,2022-12-02 23:36:17+00:00,125.6949333,35.93258333,99.0,1.55,-10.0,0.0,저속 운항
2318,PCC-781 남원,28,319409000,frigate,13000,2022-12-03 00:34:35+00:00,2022-12-03 00:34:35+00:00,125.7321167,35.9434,75.0,2.0,-22.0,0.3999999999999999,좌선회(22.0°) 저속 운항
2319,PCC-781 남원,29,319409000,frigate,13000,2022-12-03 00:36:37+00:00,2022-12-03 00:36:37+00:00,125.7335667,35.94368333,77.0,2.1,2.0,0.10000000000000009,저속 운항
2320,PCC-781 남원,30,319409000,frigate,13000,2022-12-03 00:46:56+00:00,2022-12-03 00:46:56+00:00,125.74055,35.94498333,125.0,1.3,48.0,-0.8,우선회(48.0°) 저속 운항
2321,PCC-781 남원,31,319409000,frigate,13000,2022-12-04 20:04:15+00:00,2022-12-04 20:04:15+00:00,125.7454167,33.7032,166.0,20.5,41.0,19.2,우선회(41.0°) 가속 이동/통과
2322,PCC-781 남원,32,319409000,frigate,13000,2022-12-04 20:17:21+00:00,2022-12-05 00:33:40+00:00,125.7656,33.6311,166.0,18.6,0.0,0.10000000000000142,이동/통과
2323,PCC-781 남원,33,319409000,frigate,13000,2022-12-05 05:50:39+00:00,2022-12-05 05:50:39+00:00,127.96495,31.89816667,120.0,15.5,-5.0,-2.3999999999999986,감속 이동/통과
2324,PCC-782 광명,0,431501855,frigate,13000,2022-12-01 00:00:32+00:00,2022-12-01 08:27:59+00:00,130.8125,33.94708333,257.0,0.1470047753950065,0.0,0.0,정박/대기
2325,PCC-782 광명,1,431501855,frigate,13000,2022-12-01 08:30:03+00:00,2022-12-01 08:39:59+00:00,130.8140833,33.94948333,71.2,7.75,2.200000000000003,4.6,가속 이동/통과
2326,PCC-782 광명,2,431501855,frigate,13000,2022-12-01 08:40:06+00:00,2022-12-01 08:40:06+00:00,130.845,33.95421667,72.5,10.1,-9.700000000000003,-0.3000000000000007,이동/통과
2327,PCC-782 광명,3,431501855,frigate,13000,2022-12-01 08:45:06+00:00,2022-12-01 08:45:58+00:00,130.8578833,33.94906667,141.8,9.7,69.30000000000001,-0.40000000000000036,우선회(69.3°) 이동/통과
2328,PCC-782 광명,4,431501855,frigate,13000,2022-12-01 08:50:07+00:00,2022-12-01 09:09:58+00:00,130.8678833,33.93826667,140.2,9.700000000000001,-1.6000000000000227,0.10000000000000142,이동/통과
2329,PCC-782 광명,5,431501855,frigate,13000,2022-12-01 09:10:01+00:00,2022-12-01 09:10:01+00:00,130.9123667,33.9021,75.5,9.3,-43.5,-0.3999999999999986,좌선회(43.5°) 이동/통과
2330,PCC-782 광명,6,431501855,frigate,13000,2022-12-01 09:15:18+00:00,2022-12-01 09:15:59+00:00,130.9262,33.90965,49.8,9.3,-25.700000000000003,0.0,좌선회(25.7°) 이동/통과
2331,PCC-782 광명,7,431501855,frigate,13000,2022-12-01 09:20:07+00:00,2022-12-01 09:20:07+00:00,130.9328833,33.92018333,20.4,9.2,-29.4,-0.10000000000000142,좌선회(29.4°) 이동/통과
2332,PCC-782 광명,8,431501855,frigate,13000,2022-12-01 09:25:07+00:00,2022-12-01 09:40:00+00:00,130.93785,33.93268333,22.0,10.3,1.6000000000000014,0.20000000000000107,이동/통과
2333,PCC-782 광명,9,431501855,frigate,13000,2022-12-01 09:40:07+00:00,2022-12-01 09:40:07+00:00,130.9683667,33.96628333,72.9,10.2,40.900000000000006,-0.8000000000000007,우선회(40.9°) 이동/통과
2334,PCC-782 광명,10,431501855,frigate,13000,2022-12-01 09:45:07+00:00,2022-12-01 09:51:58+00:00,130.9841167,33.97058333,72.0,10.0,-0.9000000000000057,-0.29999999999999893,이동/통과
2335,PCC-782 광명,11,431501855,frigate,13000,2022-12-01 09:55:06+00:00,2022-12-01 09:57:59+00:00,131.0159833,33.97091667,116.3,10.4,29.299999999999997,0.3000000000000007,우선회(29.3°) 이동/통과
2336,PCC-782 광명,12,431501855,frigate,13000,2022-12-01 10:00:06+00:00,2022-12-01 10:03:59+00:00,131.0306833,33.96351667,144.2,10.5,27.89999999999999,0.09999999999999964,우선회(27.9°) 이동/통과
2337,PCC-782 광명,13,431501855,frigate,13000,2022-12-01 10:05:08+00:00,2022-12-01 11:05:08+00:00,131.0416667,33.95151667,143.1,10.876470588235295,-1.0999999999999943,0.40000000000000036,이동/통과
2338,PCC-782 광명,14,431501855,frigate,13000,2022-12-07 16:14:21+00:00,2022-12-07 16:14:21+00:00,131.2276,33.85773333,295.0,9.0,-176.1,-2.0,좌선회(176.1°) 이동/통과
2339,PCC-782 광명,15,431501855,frigate,13000,2022-12-07 16:15:01+00:00,2022-12-07 17:15:01+00:00,131.22395,33.85928333,295.6,9.175,0.6000000000000227,0.09999999999999964,이동/통과
2340,PCC-782 광명,16,431501855,frigate,13000,2022-12-07 17:20:00+00:00,2022-12-07 17:20:00+00:00,131.0442,33.92711667,328.7,9.4,25.69999999999999,0.0,우선회(25.7°) 이동/통과
2341,PCC-782 광명,17,431501855,frigate,13000,2022-12-07 17:20:21+00:00,2022-12-07 17:20:21+00:00,131.0436833,33.92791667,328.7,9.4,0.0,0.0,이동/통과
2342,PCC-782 광명,18,431501855,frigate,13000,2022-12-07 17:25:01+00:00,2022-12-07 17:26:21+00:00,131.0402333,33.93521667,0.4,3.6,31.69999999999999,-5.800000000000001,우선회(31.7°) 감속 저속 운항
2343,PCC-782 광명,19,431501855,frigate,13000,2022-12-07 17:30:01+00:00,2022-12-07 17:30:01+00:00,131.0395,33.93986667,329.6,3.3,-30.799999999999955,-0.30000000000000027,좌선회(30.8°) 저속 운항
2344,PCC-782 광명,20,431501855,frigate,13000,2022-12-07 17:32:21+00:00,2022-12-07 17:32:21+00:00,131.0394,33.94003333,329.0,3.4,-0.6000000000000227,0.10000000000000009,저속 운항
2345,PCC-782 광명,21,431501855,frigate,13000,2022-12-07 17:35:01+00:00,2022-12-07 17:38:20+00:00,131.0371,33.94191667,177.2,2.0,-151.8,-1.4,좌선회(151.8°) 저속 운항
2346,PCC-782 광명,22,431501855,frigate,13000,2022-12-07 17:40:57+00:00,2022-12-07 21:40:23+00:00,131.0369667,33.94103333,315.5,0.07079732510288067,138.3,-1.7,정박/대기
2347,PCC-782 광명,23,431501855,frigate,13000,2022-12-07 21:45:05+00:00,2022-12-07 21:46:21+00:00,131.0362333,33.94638333,347.4,8.9,-10.200000000000045,8.6,가속 이동/통과
2348,PCC-782 광명,24,431501855,frigate,13000,2022-12-07 21:50:05+00:00,2022-12-07 21:52:22+00:00,131.03335,33.95925,359.5,8.9,12.100000000000023,0.0,이동/통과
2349,PCC-782 광명,25,431501855,frigate,13000,2022-12-07 21:55:06+00:00,2022-12-07 21:58:21+00:00,131.0307167,33.9668,328.7,4.1,-30.80000000000001,-4.800000000000001,좌선회(30.8°) 감속 저속 운항
2350,PCC-782 광명,26,431501855,frigate,13000,2022-12-07 22:00:06+00:00,2022-12-07 22:05:06+00:00,131.0274833,33.97066667,323.8,2.3,-4.899999999999977,-1.1999999999999997,저속 운항
2351,PCC-782 광명,27,431501855,frigate,13000,2022-12-07 22:10:06+00:00,2022-12-07 22:37:06+00:00,131.0253,33.97503333,353.7,0.5000000000000001,10.5,-0.8999999999999999,정박/대기
2352,PCC-782 광명,28,431501855,frigate,13000,2022-12-07 22:40:02+00:00,2022-12-07 22:41:38+00:00,131.0264833,33.97548333,91.5,4.3,-57.400000000000006,3.6999999999999997,좌선회(57.4°) 가속 저속 운항
2353,PCC-782 광명,29,431501855,frigate,13000,2022-12-07 22:45:02+00:00,2022-12-07 22:47:39+00:00,131.0253,33.97391667,291.3,10.1,-160.2,5.8,좌선회(160.2°) 가속 이동/통과
2354,PCC-782 광명,30,431501855,frigate,13000,2022-12-07 22:50:03+00:00,2022-12-07 22:53:38+00:00,131.0069,33.97955,285.1,12.4,-6.199999999999989,2.3000000000000007,가속 이동/통과
2355,PCC-782 광명,31,431501855,frigate,13000,2022-12-07 22:55:02+00:00,2022-12-07 22:59:37+00:00,130.98815,33.97943333,247.2,10.800000000000002,-37.900000000000034,-1.5999999999999996,좌선회(37.9°) 이동/통과
2356,PCC-782 광명,32,431501855,frigate,13000,2022-12-07 23:00:04+00:00,2022-12-07 23:00:04+00:00,130.9721333,33.97138333,237.6,11.8,-9.599999999999994,1.0,이동/통과
2357,PCC-782 광명,33,431501855,frigate,13000,2022-12-07 23:05:03+00:00,2022-12-07 23:05:38+00:00,130.9541667,33.95993333,222.7,16.6,-14.900000000000006,4.800000000000001,가속 이동/통과
2358,PCC-782 광명,34,431501855,frigate,13000,2022-12-07 23:10:03+00:00,2022-12-07 23:12:01+00:00,130.93925,33.94336667,198.7,13.5,-24.0,-3.1000000000000014,좌선회(24.0°) 감속 이동/통과
2359,PCC-782 광명,35,431501855,frigate,13000,2022-12-07 23:15:04+00:00,2022-12-07 23:18:02+00:00,130.93205,33.92551667,198.2,13.9,-0.5,0.40000000000000036,이동/통과
2360,PCC-782 광명,36,431501855,frigate,13000,2022-12-07 23:20:00+00:00,2022-12-07 23:23:59+00:00,130.9201667,33.90931667,249.7,14.2,51.5,0.29999999999999893,우선회(51.5°) 이동/통과
2361,PCC-782 광명,37,431501855,frigate,13000,2022-12-07 23:25:05+00:00,2022-12-07 23:30:01+00:00,130.8998167,33.91376667,315.6,12.4,65.90000000000003,-1.799999999999999,우선회(65.9°) 이동/통과
2362,PCC-782 광명,38,431501855,frigate,13000,2022-12-07 23:30:02+00:00,2022-12-07 23:30:05+00:00,130.88485,33.92533333,315.6,12.3,0.0,0.0,이동/통과
2363,PCC-782 광명,39,431501855,frigate,13000,2022-12-07 23:35:02+00:00,2022-12-07 23:35:38+00:00,130.86885,33.93483333,282.4,11.0,-28.0,-1.1999999999999993,좌선회(28.0°) 이동/통과
2364,PCC-782 광명,40,431501855,frigate,13000,2022-12-07 23:40:04+00:00,2022-12-07 23:41:38+00:00,130.8511,33.93388333,260.2,10.3,-22.19999999999999,-0.6999999999999993,좌선회(22.2°) 이동/통과
2365,PCC-782 광명,41,431501855,frigate,13000,2022-12-07 23:45:04+00:00,2022-12-07 23:47:37+00:00,130.8346333,33.93023333,253.7,10.2,-6.5,-0.10000000000000142,이동/통과
2366,PCC-782 광명,42,431501855,frigate,13000,2022-12-07 23:50:04+00:00,2022-12-07 23:54:01+00:00,130.8211,33.92258333,204.6,10.0,-49.099999999999994,-0.1999999999999993,좌선회(49.1°) 이동/통과
2367,PCC-782 광명,43,431501855,frigate,13000,2022-12-07 23:55:05+00:00,2022-12-08 00:00:01+00:00,130.8179167,33.90873333,188.6,10.2,-16.0,0.1999999999999993,이동/통과
2368,PCC-782 광명,44,431501855,frigate,13000,2022-12-08 00:00:04+00:00,2022-12-08 00:00:04+00:00,130.8095833,33.89755,227.2,10.0,38.599999999999994,-0.1999999999999993,우선회(38.6°) 이동/통과
2369,PCC-782 광명,45,431501855,frigate,13000,2022-12-08 00:05:14+00:00,2022-12-08 00:05:39+00:00,130.79655,33.8881,229.0,10.1,1.8000000000000114,0.09999999999999964,이동/통과
2370,PCC-782 광명,46,431501855,frigate,13000,2022-12-08 00:10:04+00:00,2022-12-08 00:11:38+00:00,130.7847833,33.88398333,249.8,5.7,20.80000000000001,-4.3999999999999995,우선회(20.8°) 감속 이동/통과
2371,PCC-782 광명,47,431501855,frigate,13000,2022-12-08 00:15:04+00:00,2022-12-08 00:18:02+00:00,130.7764833,33.88168333,252.3,5.6,2.5,-0.10000000000000053,이동/통과
2372,PCC-782 광명,48,431501855,frigate,13000,2022-12-08 00:20:05+00:00,2022-12-08 00:20:05+00:00,130.7676,33.8797,264.2,4.4,11.899999999999977,-1.1999999999999993,저속 운항
2373,PCC-782 광명,49,431501855,frigate,13000,2022-12-08 00:25:04+00:00,2022-12-08 12:10:06+00:00,130.7648,33.88006667,285.9,0.26172106824925817,21.69999999999999,-3.9000000000000004,정박/대기
2374,PCC-782 광명,50,431501855,frigate,13000,2022-12-08 12:15:08+00:00,2022-12-08 12:22:07+00:00,130.7683667,33.8801,88.8,6.5,16.299999999999997,4.5,가속 이동/통과
2375,PCC-782 광명,51,431501855,frigate,13000,2022-12-08 12:25:08+00:00,2022-12-08 12:40:06+00:00,130.7925167,33.88655,66.2,8.149999999999999,-8.0,0.1999999999999993,이동/통과
2376,PCC-782 광명,52,431501855,frigate,13000,2022-12-08 12:40:07+00:00,2022-12-08 12:40:07+00:00,130.8180667,33.91086667,14.5,8.3,-28.4,0.20000000000000107,좌선회(28.4°) 이동/통과
2377,PCC-782 광명,53,431501855,frigate,13000,2022-12-08 12:45:10+00:00,2022-12-08 12:46:06+00:00,130.8220333,33.92203333,29.3,8.5,14.8,0.1999999999999993,이동/통과
2378,PCC-782 광명,54,431501855,frigate,13000,2022-12-08 12:50:09+00:00,2022-12-08 12:52:05+00:00,130.8324333,33.92915,69.6,8.0,40.3,-0.5,우선회(40.3°) 이동/통과
2379,PCC-782 광명,55,431501855,frigate,13000,2022-12-08 12:55:08+00:00,2022-12-08 12:58:05+00:00,130.8453833,33.93233333,75.1,8.1,5.5,0.09999999999999964,이동/통과
2380,PCC-782 광명,56,431501855,frigate,13000,2022-12-08 13:00:09+00:00,2022-12-08 13:00:09+00:00,130.8607167,33.93526667,75.1,10.8,0.09999999999999432,2.700000000000001,가속 이동/통과
2381,PCC-782 광명,57,431501855,frigate,13000,2022-12-08 13:04:06+00:00,2022-12-08 13:04:06+00:00,130.8692333,33.93551667,136.0,9.1,60.900000000000006,-1.700000000000001,우선회(60.9°) 이동/통과
2382,PCC-782 광명,58,431501855,frigate,13000,2022-12-08 13:05:00+00:00,2022-12-08 13:16:06+00:00,130.8738667,33.93105,138.0,9.85,2.0,0.5999999999999996,이동/통과
2383,PCC-782 광명,59,431501855,frigate,13000,2022-12-08 13:20:02+00:00,2022-12-08 13:22:06+00:00,130.9062667,33.90081667,100.4,9.0,-42.900000000000006,-0.8000000000000007,좌선회(42.9°) 이동/통과
2384,PCC-782 광명,60,431501855,frigate,13000,2022-12-08 13:25:09+00:00,2022-12-08 13:28:05+00:00,130.9210333,33.90478333,50.3,9.350000000000001,-50.10000000000001,0.3000000000000007,좌선회(50.1°) 이동/통과
2385,PCC-782 광명,61,431501855,frigate,13000,2022-12-08 13:30:08+00:00,2022-12-08 13:34:06+00:00,130.9308333,33.91433333,18.6,9.3,-29.4,-0.09999999999999964,좌선회(29.4°) 이동/통과
2386,PCC-782 광명,62,431501855,frigate,13000,2022-12-08 13:35:09+00:00,2022-12-08 13:52:06+00:00,130.93615,33.92681667,17.8,10.0,-0.8000000000000007,0.5,이동/통과
2387,PCC-782 광명,63,431501855,frigate,13000,2022-12-08 13:55:08+00:00,2022-12-08 13:55:08+00:00,130.9788167,33.96886667,68.9,10.9,21.400000000000006,1.5999999999999996,우선회(21.4°) 이동/통과
2388,PCC-782 광명,64,431501855,frigate,13000,2022-12-08 13:58:06+00:00,2022-12-08 14:04:05+00:00,130.9892,33.97198333,68.0,11.033333333333333,-0.9000000000000057,0.0,이동/통과
2389,PCC-782 광명,65,431501855,frigate,13000,2022-12-08 14:05:09+00:00,2022-12-08 14:10:06+00:00,131.014,33.97236667,117.3,11.4,49.8,0.3000000000000007,우선회(49.8°) 이동/통과
2390,PCC-782 광명,66,431501855,frigate,13000,2022-12-08 14:10:09+00:00,2022-12-08 15:05:10+00:00,131.0315333,33.96598333,112.2,11.76,-5.099999999999994,0.09999999999999964,이동/통과
2391,PCC-782 광명,67,431501855,frigate,13000,2022-12-11 10:55:01+00:00,2022-12-11 10:58:05+00:00,131.2274167,33.87245,292.7,10.5,-172.8,-1.3000000000000007,좌선회(172.8°) 이동/통과
2392,PCC-782 광명,68,431501855,frigate,13000,2022-12-11 11:00:09+00:00,2022-12-11 11:00:09+00:00,131.2117833,33.87975,305.2,10.4,12.5,-0.09999999999999964,이동/통과
2393,PCC-782 광명,69,431501855,frigate,13000,2022-12-11 11:05:09+00:00,2022-12-11 11:05:09+00:00,131.2052333,33.89181667,23.8,9.6,78.60000000000002,-0.8000000000000007,우선회(78.6°) 이동/통과
2394,PCC-782 광명,70,431501855,frigate,13000,2022-12-11 11:10:00+00:00,2022-12-11 11:10:04+00:00,131.20845,33.90485,8.9,10.0,-14.9,0.40000000000000036,이동/통과
2395,PCC-782 광명,71,431501855,frigate,13000,2022-12-11 11:15:00+00:00,2022-12-11 11:16:04+00:00,131.2107,33.91705,7.3,5.7,-1.6000000000000005,-4.3,감속 이동/통과
2396,PCC-782 광명,72,431501855,frigate,13000,2022-12-11 11:20:10+00:00,2022-12-11 11:22:04+00:00,131.2109167,33.92063333,257.3,1.5,-110.0,-4.2,좌선회(110.0°) 감속 저속 운항
2397,PCC-782 광명,73,431501855,frigate,13000,2022-12-11 11:25:00+00:00,2022-12-11 21:18:28+00:00,131.2102167,33.9205,92.8,0.08953593212386612,-164.5,-1.3,정박/대기
2398,PCC-782 광명,74,431501855,frigate,13000,2022-12-11 21:20:10+00:00,2022-12-11 21:20:10+00:00,131.2105667,33.9208,61.4,1.1,55.4,1.0,우선회(55.4°) 저속 운항
2399,PCC-782 광명,75,431501855,frigate,13000,2022-12-11 21:24:23+00:00,2022-12-11 21:24:23+00:00,131.21405,33.92563333,61.4,1.1,0.0,0.0,저속 운항
2400,PCC-782 광명,76,431501855,frigate,13000,2022-12-11 21:25:03+00:00,2022-12-11 21:25:03+00:00,131.2131333,33.92231667,23.3,4.5,-38.099999999999994,3.4,좌선회(38.1°) 가속 저속 운항
2401,PCC-782 광명,77,431501855,frigate,13000,2022-12-11 21:30:05+00:00,2022-12-11 21:30:22+00:00,131.2167667,33.9295,64.0,5.8,40.7,1.2999999999999998,우선회(40.7°) 이동/통과
2402,PCC-782 광명,78,431501855,frigate,13000,2022-12-11 21:35:10+00:00,2022-12-11 21:36:27+00:00,131.2138667,33.93391667,311.7,8.3,-112.30000000000001,2.500000000000001,좌선회(112.3°) 가속 이동/통과
2403,PCC-782 광명,79,431501855,frigate,13000,2022-12-11 21:40:06+00:00,2022-12-11 21:42:23+00:00,131.2173333,33.94206667,69.9,3.6,111.9,-4.700000000000001,우선회(111.9°) 감속 저속 운항
2404,PCC-782 광명,80,431501855,frigate,13000,2022-12-11 21:45:06+00:00,2022-12-11 21:45:06+00:00,131.2197,33.94385,305.1,1.0,-124.79999999999998,-2.6,좌선회(124.8°) 감속 저속 운항
2405,PCC-782 광명,81,431501855,frigate,13000,2022-12-11 21:48:23+00:00,2022-12-11 21:48:23+00:00,131.2167667,33.94176667,305.1,1.0,0.0,0.0,저속 운항
2406,PCC-782 광명,82,431501855,frigate,13000,2022-12-11 21:50:09+00:00,2022-12-11 21:50:09+00:00,131.2189,33.94336667,222.7,3.1,-82.40000000000003,2.1,좌선회(82.4°) 가속 저속 운항
2407,PCC-782 광명,83,431501855,frigate,13000,2022-12-11 21:54:27+00:00,2022-12-11 21:54:27+00:00,131.20895,33.93008333,224.0,9.1,1.3000000000000114,6.0,가속 이동/통과
2408,PCC-782 광명,84,431501855,frigate,13000,2022-12-11 21:55:10+00:00,2022-12-11 21:55:10+00:00,131.2106833,33.93586667,223.6,9.3,-0.4000000000000057,0.20000000000000107,이동/통과
2409,PCC-782 광명,85,431501855,frigate,13000,2022-12-11 22:00:06+00:00,2022-12-11 22:00:22+00:00,131.2149,33.92815,94.5,9.0,-129.1,-0.3000000000000007,좌선회(129.1°) 이동/통과
2410,PCC-782 광명,86,431501855,frigate,13000,2022-12-12 06:30:22+00:00,2022-12-12 06:31:12+00:00,131.222,33.9206,200.6,11.1,106.1,2.0999999999999996,우선회(106.1°) 가속 이동/통과
2411,PCC-782 광명,87,431501855,frigate,13000,2022-12-12 06:35:03+00:00,2022-12-12 06:37:13+00:00,131.2201667,33.9071,157.6,10.8,-43.0,-0.29999999999999893,좌선회(43.0°) 이동/통과
2412,PCC-783 신성,0,371407000,frigate,13000,2022-12-09 09:04:07+00:00,2022-12-09 09:55:37+00:00,125.77241,33.73322667,95.3,13.25,0.0,0.0,이동/통과
2413,PCC-783 신성,1,371407000,frigate,13000,2022-12-09 10:22:27+00:00,2022-12-09 10:22:27+00:00,126.112175,33.70635167,75.9,12.8,-20.5,-0.1999999999999993,좌선회(20.5°) 이동/통과
2414,PCC-783 신성,2,371407000,frigate,13000,2022-12-09 10:31:06+00:00,2022-12-09 23:15:08+00:00,126.1470467,33.71657,68.2,12.68305084745763,-7.700000000000003,0.0,이동/통과
2415,PCC-783 신성,3,371407000,frigate,13000,2022-12-09 23:20:07+00:00,2022-12-09 23:20:23+00:00,129.421635,34.033085,75.7,12.199999999999998,20.700000000000003,0.29999999999999893,우선회(20.7°) 이동/통과
2416,PCC-783 신성,4,371407000,frigate,13000,2022-12-09 23:25:07+00:00,2022-12-10 00:44:23+00:00,129.4420983,34.03500833,90.7,12.47142857142857,15.0,0.40000000000000036,이동/통과
2417,PCC-783 신성,5,371407000,frigate,13000,2022-12-10 00:45:07+00:00,2022-12-10 00:45:07+00:00,129.77403,34.04546,67.8,12.1,-26.200000000000003,0.0,좌선회(26.2°) 이동/통과
2418,PCC-783 신성,6,371407000,frigate,13000,2022-12-10 00:50:08+00:00,2022-12-10 01:20:23+00:00,129.792005,34.053695,58.3,12.35,-9.5,0.3000000000000007,이동/통과
2419,PCC-783 신성,7,371407000,frigate,13000,2022-12-10 01:25:07+00:00,2022-12-10 01:30:06+00:00,129.915255,34.11386667,67.3,7.85,0.29999999999999716,-2.3000000000000007,감속 이동/통과
2420,PCC-783 신성,8,371407000,frigate,13000,2022-12-10 01:35:06+00:00,2022-12-10 01:38:22+00:00,129.93526,34.11836833,74.1,2.1,-4.200000000000003,-4.1,감속 저속 운항
2421,PCC-783 신성,9,371407000,frigate,13000,2022-12-10 01:40:06+00:00,2022-12-10 01:40:06+00:00,129.9383067,34.11859333,99.9,1.6,25.80000000000001,-0.5,우선회(25.8°) 저속 운항
2422,PCC-783 신성,10,371407000,frigate,13000,2022-12-10 01:44:22+00:00,2022-12-10 01:50:23+00:00,129.939225,34.11842,105.0,1.2,5.099999999999994,-0.20000000000000018,저속 운항
2423,PCC-783 신성,11,371407000,frigate,13000,2022-12-10 01:55:07+00:00,2022-12-10 03:00:07+00:00,129.943875,34.11807333,84.9,0.4202380952380952,-9.0,-0.30000000000000004,정박/대기
2424,PCC-783 신성,12,371407000,frigate,13000,2022-12-10 03:05:00+00:00,2022-12-10 03:08:23+00:00,129.9485083,34.12044,96.9,3.4,-120.4,2.5999999999999996,좌선회(120.4°) 가속 저속 운항
2425,PCC-783 신성,13,371407000,frigate,13000,2022-12-10 03:10:07+00:00,2022-12-10 03:14:23+00:00,129.9533233,34.12502833,13.4,7.2,-83.5,3.8000000000000003,좌선회(83.5°) 가속 이동/통과
2426,PCC-783 신성,14,371407000,frigate,13000,2022-12-10 03:15:07+00:00,2022-12-10 03:15:07+00:00,129.9561183,34.13880833,8.9,11.8,-4.5,4.6000000000000005,가속 이동/통과
2427,PCC-783 신성,15,371407000,frigate,13000,2022-12-10 03:20:08+00:00,2022-12-10 03:50:18+00:00,129.9594033,34.15578833,9.6,12.825,0.6999999999999993,0.7999999999999989,이동/통과
2428,PCC-783 신성,16,371407000,frigate,13000,2022-12-10 03:55:07+00:00,2022-12-10 03:56:23+00:00,129.9805367,34.275285,308.2,10.8,-66.0,-2.0999999999999996,좌선회(66.0°) 감속 이동/통과
2429,PCC-783 신성,17,371407000,frigate,13000,2022-12-10 04:00:07+00:00,2022-12-10 04:55:05+00:00,129.9647917,34.28483167,305.6,12.176923076923078,-2.599999999999966,1.0999999999999996,이동/통과
2430,PCC-783 신성,18,371407000,frigate,13000,2022-12-10 05:00:17+00:00,2022-12-10 05:08:22+00:00,129.7724317,34.40795667,312.3,7.3,2.900000000000034,-3.5,감속 이동/통과
2431,PCC-783 신성,19,371407000,frigate,13000,2022-12-10 05:10:06+00:00,2022-12-10 06:10:07+00:00,129.7578783,34.420295,330.4,2.0538461538461537,16.399999999999977,-1.5999999999999996,저속 운항
2432,PCC-783 신성,20,371407000,frigate,13000,2022-12-10 06:15:06+00:00,2022-12-10 12:56:22+00:00,129.7723,34.447525,71.9,0.6883534136546184,2.3000000000000114,-0.09999999999999998,정박/대기
2433,PCC-783 신성,21,371407000,frigate,13000,2022-12-10 13:00:07+00:00,2022-12-10 13:02:22+00:00,129.8678667,34.45402,96.3,1.0,10.299999999999997,0.09999999999999998,저속 운항
2434,PCC-783 신성,22,371407000,frigate,13000,2022-12-10 13:05:07+00:00,2022-12-10 13:08:23+00:00,129.8695433,34.45400333,92.0,0.9,-4.299999999999997,-0.09999999999999998,정박/대기
2435,PCC-783 신성,23,371407000,frigate,13000,2022-12-10 13:10:16+00:00,2022-12-10 19:00:17+00:00,129.8713217,34.45399667,89.8,1.3224358974358974,-2.200000000000003,0.09999999999999998,저속 운항
2436,PCC-783 신성,24,371407000,frigate,13000,2022-12-10 19:05:28+00:00,2022-12-10 19:08:22+00:00,130.0261967,34.45371333,68.8,2.6,-30.60000000000001,1.1,좌선회(30.6°) 저속 운항
2437,PCC-783 신성,25,371407000,frigate,13000,2022-12-10 19:10:04+00:00,2022-12-10 19:10:04+00:00,130.0315017,34.45278167,138.6,4.1,69.8,1.4999999999999996,우선회(69.8°) 저속 운항
2438,PCC-783 신성,26,371407000,frigate,13000,2022-12-10 19:14:22+00:00,2022-12-10 19:14:22+00:00,130.0321083,34.451955,156.0,3.9,17.400000000000006,-0.19999999999999973,저속 운항
2439,PCC-783 신성,27,371407000,frigate,13000,2022-12-10 19:15:07+00:00,2022-12-10 19:15:07+00:00,130.0286217,34.44831,259.9,6.8,103.89999999999998,2.9,우선회(103.9°) 가속 이동/통과
2440,PCC-783 신성,28,371407000,frigate,13000,2022-12-10 19:20:28+00:00,2022-12-10 19:20:28+00:00,130.0124133,34.44672167,264.1,10.2,4.2000000000000455,3.3999999999999995,가속 이동/통과
2441,PCC-783 신성,29,371407000,frigate,13000,2022-12-10 19:25:18+00:00,2022-12-10 19:56:31+00:00,129.9953167,34.44537833,264.7,8.071428571428571,0.5999999999999659,0.6000000000000014,이동/통과
2442,PCC-783 신성,30,371407000,frigate,13000,2022-12-10 20:00:17+00:00,2022-12-11 00:14:23+00:00,129.906205,34.43949833,251.3,2.7030864197530864,-12.300000000000011,-0.6999999999999993,저속 운항
2443,PCC-783 신성,31,371407000,frigate,13000,2022-12-11 00:15:00+00:00,2022-12-11 00:15:00+00:00,129.754815,34.30713667,292.0,4.7,61.30000000000001,1.4000000000000004,우선회(61.3°) 저속 운항
2444,PCC-783 신성,32,371407000,frigate,13000,2022-12-11 00:20:06+00:00,2022-12-11 00:20:22+00:00,129.7558333,34.314315,48.5,8.1,116.5,3.3999999999999995,우선회(116.5°) 가속 이동/통과
2445,PCC-783 신성,33,371407000,frigate,13000,2022-12-11 00:25:06+00:00,2022-12-11 00:26:22+00:00,129.7674417,34.32309333,45.7,10.1,-2.799999999999997,2.0,가속 이동/통과
2446,PCC-783 신성,34,371407000,frigate,13000,2022-12-11 00:30:36+00:00,2022-12-11 03:25:26+00:00,129.7813917,34.33371333,48.4,10.614285714285714,2.6999999999999957,0.20000000000000107,이동/통과
2447,PCC-783 신성,35,371407000,frigate,13000,2022-12-11 03:46:47+00:00,2022-12-11 03:46:47+00:00,130.120635,34.79170667,97.6,1.8,44.3,-6.8999999999999995,우선회(44.3°) 감속 저속 운항
2448,PCC-783 신성,36,371407000,frigate,13000,2022-12-11 03:50:46+00:00,2022-12-11 05:25:07+00:00,130.1227767,34.79137,102.3,1.313157894736842,4.700000000000003,-0.19999999999999996,저속 운항
2449,PCC-783 신성,37,371407000,frigate,13000,2022-12-11 05:34:06+00:00,2022-12-11 05:34:06+00:00,130.1592917,34.77027,101.8,0.8,-18.700000000000003,-0.5999999999999999,정박/대기
2450,PCC-783 신성,38,371407000,frigate,13000,2022-12-11 05:37:16+00:00,2022-12-11 05:43:57+00:00,130.1603567,34.76973,120.0,1.2999999999999998,18.200000000000003,0.5999999999999999,저속 운항
2451,PCC-783 신성,39,371407000,frigate,13000,2022-12-11 05:49:07+00:00,2022-12-11 05:49:07+00:00,130.1643367,34.767045,100.4,0.9,-23.599999999999994,-0.29999999999999993,정박/대기
2452,PCC-783 신성,40,371407000,frigate,13000,2022-12-11 05:51:27+00:00,2022-12-11 05:51:27+00:00,130.165145,34.76642,141.7,1.7,41.29999999999998,0.7999999999999999,우선회(41.3°) 저속 운항
2453,PCC-783 신성,41,371407000,frigate,13000,2022-12-11 05:55:07+00:00,2022-12-11 06:13:06+00:00,130.1663633,34.76547833,135.0,1.55,-6.699999999999989,-0.30000000000000004,저속 운항
2454,PCC-783 신성,42,371407000,frigate,13000,2022-12-11 06:15:57+00:00,2022-12-11 06:15:57+00:00,130.1736133,34.76082667,81.1,1.0,-39.400000000000006,0.0,좌선회(39.4°) 저속 운항
2455,PCC-783 신성,43,371407000,frigate,13000,2022-12-11 06:20:37+00:00,2022-12-11 06:20:37+00:00,130.1748283,34.75923333,149.0,1.5,67.9,0.5,우선회(67.9°) 저속 운항
2456,PCC-783 신성,44,371407000,frigate,13000,2022-12-11 06:28:46+00:00,2022-12-11 06:39:57+00:00,130.17674,34.75617833,151.8,2.075,2.8000000000000114,0.30000000000000004,저속 운항
2457,PCC-783 신성,45,371407000,frigate,13000,2022-12-11 06:40:17+00:00,2022-12-11 06:40:17+00:00,130.1791833,34.75201167,149.4,1.3,-23.900000000000006,-0.8,좌선회(23.9°) 저속 운항
2458,PCC-783 신성,46,371407000,frigate,13000,2022-12-11 06:47:07+00:00,2022-12-11 06:47:07+00:00,130.180185,34.749105,173.5,2.3,24.099999999999994,0.9999999999999998,우선회(24.1°) 저속 운항
2459,PCC-783 신성,47,371407000,frigate,13000,2022-12-11 06:50:26+00:00,2022-12-11 07:20:07+00:00,130.1807167,34.747615,169.1,2.042857142857143,-4.400000000000006,-0.19999999999999973,저속 운항
2460,PCC-783 신성,48,371407000,frigate,13000,2022-12-11 07:25:46+00:00,2022-12-11 07:25:46+00:00,130.1824317,34.72900167,129.8,1.0,-41.599999999999994,-0.5,좌선회(41.6°) 저속 운항
2461,PCC-783 신성,49,371407000,frigate,13000,2022-12-11 07:30:07+00:00,2022-12-11 07:30:07+00:00,130.1824533,34.72653167,171.6,1.8,41.79999999999998,0.8,우선회(41.8°) 저속 운항
2462,PCC-783 신성,50,371407000,frigate,13000,2022-12-11 07:35:28+00:00,2022-12-11 07:41:56+00:00,130.1824867,34.723335,179.1,3.2,7.5,0.5999999999999999,저속 운항
2463,PCC-783 신성,51,371407000,frigate,13000,2022-12-11 07:46:27+00:00,2022-12-11 07:46:27+00:00,130.1833133,34.716535,100.6,1.0,-85.6,-3.0,좌선회(85.6°) 감속 저속 운항
2464,PCC-783 신성,52,371407000,frigate,13000,2022-12-11 07:50:37+00:00,2022-12-11 07:50:37+00:00,130.1837633,34.71400167,180.4,4.1,79.80000000000001,3.0999999999999996,우선회(79.8°) 가속 저속 운항
2465,PCC-783 신성,53,371407000,frigate,13000,2022-12-11 07:55:16+00:00,2022-12-11 07:55:16+00:00,130.18434,34.711315,177.6,2.5,-2.8000000000000114,-1.5999999999999996,저속 운항
2466,PCC-783 신성,54,371407000,frigate,13000,2022-12-11 08:03:26+00:00,2022-12-11 08:03:26+00:00,130.1851383,34.706125,98.4,1.0,-79.19999999999999,-1.5,좌선회(79.2°) 저속 운항
2467,PCC-783 신성,55,371407000,frigate,13000,2022-12-11 08:06:16+00:00,2022-12-11 08:06:16+00:00,130.1855767,34.70435333,174.0,2.8,75.6,1.7999999999999998,우선회(75.6°) 저속 운항
2468,PCC-783 신성,56,371407000,frigate,13000,2022-12-11 08:10:07+00:00,2022-12-11 08:14:23+00:00,130.1863083,34.70184333,181.9,3.9,7.900000000000006,1.1,저속 운항
2469,PCC-783 신성,57,371407000,frigate,13000,2022-12-11 08:15:17+00:00,2022-12-11 08:20:23+00:00,130.1875767,34.69827,132.5,1.9,-49.400000000000006,-2.0,좌선회(49.4°) 저속 운항
2470,PCC-783 신성,58,371407000,frigate,13000,2022-12-11 08:20:38+00:00,2022-12-11 08:20:38+00:00,130.1890133,34.69465167,111.4,1.7,-21.099999999999994,-0.19999999999999996,좌선회(21.1°) 저속 운항
2471,PCC-783 신성,59,371407000,frigate,13000,2022-12-11 08:25:38+00:00,2022-12-11 08:25:38+00:00,130.190595,34.69128333,171.5,3.8,60.099999999999994,2.0999999999999996,우선회(60.1°) 가속 저속 운항
2472,PCC-783 신성,60,371407000,frigate,13000,2022-12-11 08:30:08+00:00,2022-12-11 08:37:26+00:00,130.19212,34.68848333,161.0,2.8499999999999996,-10.5,-0.8999999999999999,저속 운항
2473,PCC-783 신성,61,371407000,frigate,13000,2022-12-11 08:40:06+00:00,2022-12-11 08:40:06+00:00,130.1955067,34.681975,101.5,2.2,-63.69999999999999,-0.5999999999999996,좌선회(63.7°) 저속 운항
2474,PCC-783 신성,62,371407000,frigate,13000,2022-12-11 08:45:05+00:00,2022-12-11 08:45:05+00:00,130.1970083,34.67835167,162.8,2.9,61.30000000000001,0.6999999999999997,우선회(61.3°) 저속 운항
2475,PCC-783 신성,63,371407000,frigate,13000,2022-12-11 08:50:06+00:00,2022-12-11 08:50:22+00:00,130.1987783,34.6748,158.3,2.7,-4.5,-0.19999999999999973,저속 운항
2476,PCC-783 신성,64,371407000,frigate,13000,2022-12-11 08:56:37+00:00,2022-12-11 08:56:37+00:00,130.2006733,34.66996167,184.3,4.3,26.0,1.5999999999999996,우선회(26.0°) 저속 운항
2477,PCC-783 신성,65,371407000,frigate,13000,2022-12-11 09:00:16+00:00,2022-12-11 09:00:16+00:00,130.2018283,34.6673,157.3,2.9,-27.0,-1.4,좌선회(27.0°) 저속 운항
2478,PCC-783 신성,66,371407000,frigate,13000,2022-12-11 09:05:07+00:00,2022-12-11 09:10:16+00:00,130.2034783,34.66407167,161.9,2.55,4.599999999999994,0.0,저속 운항
2479,PCC-783 신성,67,371407000,frigate,13000,2022-12-11 09:16:27+00:00,2022-12-11 09:16:27+00:00,130.20721,34.65684833,177.7,3.4,26.099999999999994,1.1999999999999997,우선회(26.1°) 저속 운항
2480,PCC-783 신성,68,371407000,frigate,13000,2022-12-11 09:20:15+00:00,2022-12-11 09:20:15+00:00,130.2083283,34.65413667,180.8,3.9,3.1000000000000227,0.5,저속 운항
2481,PCC-783 신성,69,371407000,frigate,13000,2022-12-11 09:26:48+00:00,2022-12-11 09:26:48+00:00,130.2105083,34.64946,184.5,5.3,3.6999999999999886,1.4,이동/통과
2482,PCC-783 신성,70,371407000,frigate,13000,2022-12-11 09:30:17+00:00,2022-12-11 09:30:17+00:00,130.2116167,34.647135,118.2,1.9,-66.3,-3.4,좌선회(66.3°) 감속 저속 운항
2483,PCC-783 신성,71,371407000,frigate,13000,2022-12-11 09:35:06+00:00,2022-12-11 09:38:23+00:00,130.2129717,34.64368167,139.6,2.3,21.39999999999999,0.3999999999999999,우선회(21.4°) 저속 운항
2484,PCC-783 신성,72,371407000,frigate,13000,2022-12-11 09:40:07+00:00,2022-12-11 09:40:07+00:00,130.2145767,34.640195,171.2,2.8,31.599999999999994,0.5,우선회(31.6°) 저속 운항
2485,PCC-783 신성,73,371407000,frigate,13000,2022-12-11 09:45:36+00:00,2022-12-11 09:45:36+00:00,130.2160683,34.63624,160.3,2.5,-10.899999999999977,-0.2999999999999998,저속 운항
2486,PCC-783 신성,74,371407000,frigate,13000,2022-12-11 09:50:47+00:00,2022-12-11 09:50:47+00:00,130.2175417,34.63273167,127.4,1.9,-32.900000000000006,-0.6000000000000001,좌선회(32.9°) 저속 운항
2487,PCC-783 신성,75,371407000,frigate,13000,2022-12-11 09:55:47+00:00,2022-12-11 10:02:23+00:00,130.2190367,34.62954833,144.9,2.4,17.5,0.3999999999999999,저속 운항
2488,PCC-783 신성,76,371407000,frigate,13000,2022-12-11 10:05:58+00:00,2022-12-11 10:05:58+00:00,130.2221017,34.62290833,182.3,5.3,28.5,2.8,우선회(28.5°) 가속 이동/통과
2489,PCC-783 신성,77,371407000,frigate,13000,2022-12-11 10:10:06+00:00,2022-12-11 10:10:06+00:00,130.2237167,34.62039,130.7,1.8,-51.60000000000002,-3.5,좌선회(51.6°) 감속 저속 운항
2490,PCC-783 신성,78,371407000,frigate,13000,2022-12-11 10:14:23+00:00,2022-12-11 10:14:23+00:00,130.2241133,34.61959833,159.0,2.7,28.30000000000001,0.9000000000000001,우선회(28.3°) 저속 운항
2491,PCC-783 신성,79,371407000,frigate,13000,2022-12-11 10:15:27+00:00,2022-12-11 10:15:27+00:00,130.2272183,34.61654,129.0,4.2,-30.0,1.5,좌선회(30.0°) 저속 운항
2492,PCC-783 신성,80,371407000,frigate,13000,2022-12-11 10:20:35+00:00,2022-12-11 10:20:35+00:00,130.2343783,34.61347167,91.1,4.5,-37.900000000000006,0.2999999999999998,좌선회(37.9°) 저속 운항
2493,PCC-783 신성,81,371407000,frigate,13000,2022-12-11 10:33:26+00:00,2022-12-11 10:33:26+00:00,130.252645,34.62314333,17.4,6.6,-73.69999999999999,2.0999999999999996,좌선회(73.7°) 가속 이동/통과
2494,PCC-783 신성,82,371407000,frigate,13000,2022-12-11 10:37:07+00:00,2022-12-11 10:37:07+00:00,130.2549317,34.62918667,14.1,5.5,-3.299999999999999,-1.0999999999999996,이동/통과
2495,PCC-783 신성,83,371407000,frigate,13000,2022-12-11 10:44:58+00:00,2022-12-11 10:45:07+00:00,130.25702,34.64152667,355.2,4.65,-18.900000000000034,-0.7999999999999998,저속 운항
2496,PCC-783 신성,84,371407000,frigate,13000,2022-12-11 10:50:07+00:00,2022-12-11 10:50:07+00:00,130.2549733,34.64540333,330.4,2.1,-25.30000000000001,-2.4999999999999996,좌선회(25.3°) 감속 저속 운항
2497,PCC-783 신성,85,371407000,frigate,13000,2022-12-11 10:55:07+00:00,2022-12-11 10:55:07+00:00,130.2520483,34.64770167,304.0,2.3,-26.399999999999977,0.19999999999999973,좌선회(26.4°) 저속 운항
2498,PCC-783 신성,86,371407000,frigate,13000,2022-12-11 11:00:36+00:00,2022-12-11 11:15:07+00:00,130.2491933,34.64982833,313.0,2.3000000000000003,9.0,-0.09999999999999964,저속 운항
2499,PCC-783 신성,87,371407000,frigate,13000,2022-12-11 11:20:17+00:00,2022-12-11 11:20:17+00:00,130.2391933,34.659795,300.1,3.3,-34.099999999999966,1.5999999999999999,좌선회(34.1°) 저속 운항
2500,PCC-783 신성,88,371407000,frigate,13000,2022-12-11 11:28:27+00:00,2022-12-11 11:45:06+00:00,130.234605,34.66240833,307.1,2.3,7.0,-1.6999999999999997,저속 운항
2501,PCC-783 신성,89,371407000,frigate,13000,2022-12-11 11:55:46+00:00,2022-12-11 11:55:46+00:00,130.22051,34.675485,335.3,2.1,24.900000000000034,-0.6000000000000001,우선회(24.9°) 저속 운항
2502,PCC-783 신성,90,371407000,frigate,13000,2022-12-11 12:07:38+00:00,2022-12-11 12:07:38+00:00,130.2169767,34.6797,297.2,1.7,-38.10000000000002,-0.40000000000000013,좌선회(38.1°) 저속 운항
2503,PCC-783 신성,91,371407000,frigate,13000,2022-12-11 12:10:28+00:00,2022-12-11 12:10:28+00:00,130.2155,34.68032,306.8,2.2,9.600000000000023,0.5000000000000002,저속 운항
2504,PCC-783 신성,92,371407000,frigate,13000,2022-12-11 12:20:27+00:00,2022-12-11 12:20:27+00:00,130.214475,34.68954333,341.0,2.0,34.19999999999999,-0.20000000000000018,우선회(34.2°) 저속 운항
2505,PCC-783 신성,93,371407000,frigate,13000,2022-12-11 12:25:47+00:00,2022-12-11 13:40:28+00:00,130.21322,34.69298667,341.4,2.85,0.39999999999997726,0.8999999999999999,저속 운항
2506,PCC-783 신성,94,371407000,frigate,13000,2022-12-11 14:45:07+00:00,2022-12-11 14:45:07+00:00,130.1826217,34.79021833,284.3,1.9,-39.30000000000001,-0.30000000000000027,좌선회(39.3°) 저속 운항
2507,PCC-783 신성,95,371407000,frigate,13000,2022-12-11 14:50:26+00:00,2022-12-11 15:08:37+00:00,130.178715,34.79012333,269.2,2.5,-15.100000000000023,0.30000000000000027,저속 운항
2508,PCC-783 신성,96,371407000,frigate,13000,2022-12-11 15:11:46+00:00,2022-12-11 15:11:46+00:00,130.16257,34.78994,289.4,1.7,28.899999999999977,-1.0000000000000002,우선회(28.9°) 저속 운항
2509,PCC-783 신성,97,371407000,frigate,13000,2022-12-11 15:15:47+00:00,2022-12-11 15:26:48+00:00,130.1593333,34.78999667,277.7,1.8999999999999997,-11.699999999999989,0.19999999999999996,저속 운항
2510,PCC-783 신성,98,371407000,frigate,13000,2022-12-11 15:30:26+00:00,2022-12-11 15:30:26+00:00,130.1483483,34.79020833,255.9,2.7,-20.299999999999983,0.8000000000000003,좌선회(20.3°) 저속 운항
2511,PCC-783 신성,99,371407000,frigate,13000,2022-12-11 15:35:17+00:00,2022-12-11 15:38:22+00:00,130.144775,34.79021,265.2,2.5,9.299999999999983,-0.10000000000000009,저속 운항
2512,PCC-783 신성,100,371407000,frigate,13000,2022-12-11 15:40:06+00:00,2022-12-11 15:40:06+00:00,130.141305,34.790235,290.7,1.5,25.69999999999999,-0.8999999999999999,우선회(25.7°) 저속 운항
2513,PCC-783 신성,101,371407000,frigate,13000,2022-12-11 15:45:17+00:00,2022-12-11 15:52:07+00:00,130.1372233,34.79040333,301.9,1.75,11.199999999999989,0.10000000000000009,저속 운항
2514,PCC-783 신성,102,371407000,frigate,13000,2022-12-11 16:04:07+00:00,2022-12-11 16:04:07+00:00,130.12203,34.79226833,0.5,2.4,59.69999999999999,0.5,우선회(59.7°) 저속 운항
2515,PCC-783 신성,103,371407000,frigate,13000,2022-12-11 16:09:46+00:00,2022-12-11 16:09:46+00:00,130.1176067,34.792765,264.1,3.3,-96.39999999999998,0.8999999999999999,좌선회(96.4°) 저속 운항
2516,PCC-783 신성,104,371407000,frigate,13000,2022-12-11 16:13:06+00:00,2022-12-11 16:13:06+00:00,130.1150633,34.79295667,265.5,2.7,1.3999999999999773,-0.5999999999999996,저속 운항
2517,PCC-783 신성,105,371407000,frigate,13000,2022-12-11 16:15:16+00:00,2022-12-11 16:15:16+00:00,130.1134233,34.79305833,292.2,2.0,26.69999999999999,-0.7000000000000002,우선회(26.7°) 저속 운항
2518,PCC-783 신성,106,371407000,frigate,13000,2022-12-11 16:21:05+00:00,2022-12-11 16:21:05+00:00,130.1090633,34.79342833,348.9,1.7,56.69999999999999,-0.30000000000000004,우선회(56.7°) 저속 운항
2519,PCC-783 신성,107,371407000,frigate,13000,2022-12-11 16:28:06+00:00,2022-12-11 16:28:06+00:00,130.1038233,34.79405833,271.7,2.5,-77.19999999999999,0.8,좌선회(77.2°) 저속 운항
2520,PCC-783 신성,108,371407000,frigate,13000,2022-12-11 16:38:36+00:00,2022-12-11 16:38:36+00:00,130.0959917,34.79485833,290.6,2.0,18.900000000000034,-0.5,저속 운항
2521,PCC-783 신성,109,371407000,frigate,13000,2022-12-11 16:40:26+00:00,2022-12-11 16:40:26+00:00,130.0945783,34.795005,263.2,3.1,-27.400000000000034,1.1,좌선회(27.4°) 저속 운항
2522,PCC-783 신성,110,371407000,frigate,13000,2022-12-11 16:46:07+00:00,2022-12-11 16:54:08+00:00,130.090115,34.79554333,272.9,2.35,9.699999999999989,-0.5,저속 운항
2523,PCC-783 신성,111,371407000,frigate,13000,2022-12-11 16:55:27+00:00,2022-12-11 16:55:27+00:00,130.0828417,34.79652833,342.1,2.1,50.30000000000001,0.0,우선회(50.3°) 저속 운항
2524,PCC-783 신성,112,371407000,frigate,13000,2022-12-11 17:05:18+00:00,2022-12-11 17:05:18+00:00,130.0753367,34.797965,353.5,1.7,11.399999999999977,-0.40000000000000013,저속 운항
2525,PCC-783 신성,113,371407000,frigate,13000,2022-12-11 17:12:46+00:00,2022-12-11 17:12:46+00:00,130.0697717,34.79895167,265.9,2.8,-87.60000000000002,1.0999999999999999,좌선회(87.6°) 저속 운항
2526,PCC-783 신성,114,371407000,frigate,13000,2022-12-11 17:15:37+00:00,2022-12-11 17:25:27+00:00,130.06763,34.79926,278.3,2.1666666666666665,12.400000000000034,-0.5,저속 운항
2527,PCC-783 신성,115,371407000,frigate,13000,2022-12-11 17:30:17+00:00,2022-12-11 17:30:17+00:00,130.0562467,34.80129833,342.2,2.3,48.5,0.19999999999999973,우선회(48.5°) 저속 운항
2528,PCC-783 신성,116,371407000,frigate,13000,2022-12-11 17:37:46+00:00,2022-12-11 17:37:46+00:00,130.050055,34.80230333,270.0,2.8,-72.19999999999999,0.5,좌선회(72.2°) 저속 운항
2529,PCC-783 신성,117,371407000,frigate,13000,2022-12-11 17:40:07+00:00,2022-12-11 17:40:07+00:00,130.0482083,34.80262333,265.0,3.3,-5.0,0.5,저속 운항
2530,PCC-783 신성,118,371407000,frigate,13000,2022-12-11 18:02:07+00:00,2022-12-11 18:02:07+00:00,130.0332483,34.80493333,318.2,1.4,53.19999999999999,-1.9,우선회(53.2°) 저속 운항
2531,PCC-783 신성,119,371407000,frigate,13000,2022-12-11 18:08:27+00:00,2022-12-11 18:08:27+00:00,130.0286067,34.80558833,286.2,1.9,-32.0,0.5,좌선회(32.0°) 저속 운항
2532,PCC-783 신성,120,371407000,frigate,13000,2022-12-11 18:11:27+00:00,2022-12-11 18:11:27+00:00,130.026565,34.80593,255.1,3.5,-31.099999999999994,1.6,좌선회(31.1°) 저속 운항
2533,PCC-783 신성,121,371407000,frigate,13000,2022-12-11 18:23:07+00:00,2022-12-11 18:23:07+00:00,130.0181083,34.80722833,263.2,2.8,8.099999999999994,-0.7000000000000002,저속 운항
2534,PCC-783 신성,122,371407000,frigate,13000,2022-12-11 18:34:45+00:00,2022-12-11 18:34:45+00:00,130.0094167,34.80828,336.5,1.9,73.30000000000001,-0.8999999999999999,우선회(73.3°) 저속 운항
2535,PCC-783 신성,123,371407000,frigate,13000,2022-12-11 18:47:07+00:00,2022-12-11 18:47:07+00:00,130.0006583,34.80966667,287.0,1.9,-49.5,0.0,좌선회(49.5°) 저속 운항
2536,PCC-783 신성,124,371407000,frigate,13000,2022-12-11 18:52:46+00:00,2022-12-11 18:52:46+00:00,129.996525,34.81002333,265.6,2.8,-21.399999999999977,0.8999999999999999,좌선회(21.4°) 저속 운항
2537,PCC-783 신성,125,371407000,frigate,13000,2022-12-11 19:05:07+00:00,2022-12-11 19:05:07+00:00,129.9869183,34.81073833,312.8,1.9,47.19999999999999,-0.8999999999999999,우선회(47.2°) 저속 운항
2538,PCC-783 신성,126,371407000,frigate,13000,2022-12-11 19:22:06+00:00,2022-12-11 19:22:06+00:00,129.9744517,34.81106,297.7,1.6,-15.100000000000023,-0.2999999999999998,저속 운항
2539,PCC-783 신성,127,371407000,frigate,13000,2022-12-11 19:27:27+00:00,2022-12-11 19:27:27+00:00,129.9705933,34.811085,273.6,2.1,-24.099999999999966,0.5,좌선회(24.1°) 저속 운항
2540,PCC-783 신성,128,371407000,frigate,13000,2022-12-11 19:32:23+00:00,2022-12-11 19:32:23+00:00,129.966125,34.81080833,273.6,2.1,0.0,0.0,저속 운항
2541,PCC-783 신성,129,371407000,frigate,13000,2022-12-11 19:33:47+00:00,2022-12-11 19:33:47+00:00,129.966125,34.81080833,249.0,3.0,-24.600000000000023,0.8999999999999999,좌선회(24.6°) 저속 운항
2542,PCC-783 신성,130,371407000,frigate,13000,2022-12-11 19:35:46+00:00,2022-12-11 19:35:46+00:00,129.9647183,34.81062667,258.6,2.3,9.600000000000023,-0.7000000000000002,저속 운항
2543,PCC-783 신성,131,371407000,frigate,13000,2022-12-11 20:14:47+00:00,2022-12-11 20:14:47+00:00,129.9413633,34.805185,285.9,0.7,27.299999999999955,-1.5999999999999999,정박/대기
2544,PCC-783 신성,132,371407000,frigate,13000,2022-12-11 20:26:06+00:00,2022-12-11 20:26:06+00:00,129.9347783,34.80330667,244.0,1.0,-41.89999999999998,0.30000000000000004,좌선회(41.9°) 저속 운항
2545,PCC-783 신성,133,371407000,frigate,13000,2022-12-11 20:33:17+00:00,2022-12-11 21:18:46+00:00,129.930885,34.80164833,235.8,2.1,-8.199999999999989,1.5,저속 운항
2546,PCC-783 신성,134,371407000,frigate,13000,2022-12-11 21:25:55+00:00,2022-12-11 21:25:55+00:00,129.902365,34.78747167,243.4,2.1,-21.99999999999997,1.0,좌선회(22.0°) 저속 운항
2547,PCC-783 신성,135,371407000,frigate,13000,2022-12-11 21:30:46+00:00,2022-12-11 21:30:46+00:00,129.8995283,34.786175,259.0,1.3,15.599999999999994,-0.8,저속 운항
2548,PCC-783 신성,136,371407000,frigate,13000,2022-12-11 21:36:48+00:00,2022-12-11 21:36:48+00:00,129.8958817,34.78452333,235.0,3.2,-24.0,1.9000000000000001,좌선회(24.0°) 저속 운항
2549,PCC-783 신성,137,371407000,frigate,13000,2022-12-11 22:04:57+00:00,2022-12-11 22:04:57+00:00,129.879975,34.77778167,321.1,0.6,86.10000000000002,-2.6,정박/대기
2550,PCC-783 신성,138,371407000,frigate,13000,2022-12-11 22:12:27+00:00,2022-12-11 22:12:27+00:00,129.8757617,34.77616,260.3,1.1,-60.80000000000001,0.5000000000000001,좌선회(60.8°) 저속 운항
2551,PCC-783 신성,139,371407000,frigate,13000,2022-12-11 22:19:47+00:00,2022-12-11 22:19:47+00:00,129.8715217,34.77471333,262.7,1.2,2.3999999999999773,0.09999999999999987,저속 운항
2552,PCC-783 신성,140,371407000,frigate,13000,2022-12-11 22:20:06+00:00,2022-12-11 22:20:06+00:00,129.8713067,34.77463333,239.1,3.2,-23.599999999999994,2.0,좌선회(23.6°) 가속 저속 운항
2553,PCC-783 신성,141,371407000,frigate,13000,2022-12-11 22:29:47+00:00,2022-12-11 22:37:47+00:00,129.86547,34.772925,252.0,2.9,12.900000000000006,-1.2000000000000002,저속 운항
2554,PCC-783 신성,142,371407000,frigate,13000,2022-12-11 22:40:57+00:00,2022-12-11 22:40:57+00:00,129.858525,34.77091833,281.3,1.2,39.80000000000001,-2.5999999999999996,우선회(39.8°) 감속 저속 운항
2555,PCC-783 신성,143,371407000,frigate,13000,2022-12-11 22:45:07+00:00,2022-12-11 22:45:07+00:00,129.8556833,34.77023,274.1,1.1,-7.199999999999989,-0.09999999999999987,저속 운항
2556,PCC-783 신성,144,371407000,frigate,13000,2022-12-11 22:50:47+00:00,2022-12-11 22:50:47+00:00,129.8519433,34.76925667,251.6,2.2,-22.50000000000003,1.1,좌선회(22.5°) 저속 운항
2557,PCC-783 신성,145,371407000,frigate,13000,2022-12-11 22:56:56+00:00,2022-12-11 22:56:56+00:00,129.8479933,34.76825333,261.1,1.3,9.500000000000028,-0.9000000000000001,저속 운항
2558,PCC-783 신성,146,371407000,frigate,13000,2022-12-11 23:00:38+00:00,2022-12-11 23:00:38+00:00,129.8457917,34.76764833,268.8,0.9,7.699999999999989,-0.4,정박/대기
2559,PCC-783 신성,147,371407000,frigate,13000,2022-12-11 23:05:48+00:00,2022-12-11 23:05:48+00:00,129.84265,34.76681667,263.7,1.2,-5.100000000000023,0.29999999999999993,저속 운항
2560,PCC-783 신성,148,371407000,frigate,13000,2022-12-11 23:10:08+00:00,2022-12-11 23:14:23+00:00,129.8398383,34.76613333,264.1,0.8,0.4000000000000341,-0.3999999999999999,정박/대기
2561,PCC-783 신성,149,371407000,frigate,13000,2022-12-11 23:15:18+00:00,2022-12-11 23:44:47+00:00,129.836775,34.76534,253.5,1.6800000000000002,-10.600000000000023,1.7,저속 운항
2562,PCC-783 신성,150,371407000,frigate,13000,2022-12-11 23:47:06+00:00,2022-12-11 23:47:06+00:00,129.817275,34.76150167,284.0,1.0,23.5,-1.2000000000000002,우선회(23.5°) 저속 운항
2563,PCC-783 신성,151,371407000,frigate,13000,2022-12-11 23:50:46+00:00,2022-12-12 01:52:37+00:00,129.8151017,34.76125333,265.2,2.009259259259259,-18.80000000000001,0.6000000000000001,저속 운항
2564,PCC-783 신성,152,371407000,frigate,13000,2022-12-12 02:07:26+00:00,2022-12-12 02:08:23+00:00,129.71859,34.759835,22.9,5.4,105.70000000000002,3.0000000000000004,우선회(105.7°) 가속 이동/통과
2565,PCC-783 신성,153,371407000,frigate,13000,2022-12-12 02:10:36+00:00,2022-12-12 02:10:36+00:00,129.7245467,34.761965,87.9,8.2,65.0,2.799999999999999,우선회(65.0°) 가속 이동/통과
2566,PCC-783 신성,154,371407000,frigate,13000,2022-12-12 02:15:07+00:00,2022-12-12 04:00:27+00:00,129.7387533,34.76198,87.9,10.6625,0.0,1.9000000000000004,이동/통과
2567,PCC-783 신성,155,371407000,frigate,13000,2022-12-12 04:05:18+00:00,2022-12-12 04:05:18+00:00,130.1299833,34.786395,88.8,7.8,1.5,-2.500000000000001,감속 이동/통과
2568,PCC-783 신성,156,371407000,frigate,13000,2022-12-12 04:10:07+00:00,2022-12-12 04:17:16+00:00,130.1389733,34.786705,98.3,2.7,9.5,-3.9,감속 저속 운항
2569,PCC-783 신성,157,371407000,frigate,13000,2022-12-12 04:23:36+00:00,2022-12-12 04:30:27+00:00,130.14638,34.78577667,75.5,0.65,-24.599999999999994,-1.1,정박/대기
2570,PCC-783 신성,158,371407000,frigate,13000,2022-12-12 04:40:20+00:00,2022-12-12 10:36:47+00:00,130.14265,34.78828167,303.0,1.3384615384615384,-6.800000000000011,0.09999999999999998,저속 운항
2571,PCC-783 신성,159,371407000,frigate,13000,2022-12-12 11:29:47+00:00,2022-12-12 11:31:47+00:00,130.0417267,34.88435167,71.4,0.8500000000000001,83.89999999999998,-0.09999999999999998,정박/대기
2572,PCC-783 신성,160,371407000,frigate,13000,2022-12-12 11:47:27+00:00,2022-12-12 11:58:37+00:00,130.04762,34.884835,101.8,1.3666666666666665,18.799999999999997,0.5,저속 운항
2573,PCC-783 신성,161,371407000,frigate,13000,2022-12-12 13:05:07+00:00,2022-12-12 13:05:07+00:00,130.0697383,34.86633167,145.6,1.1,20.299999999999997,-0.2999999999999998,우선회(20.3°) 저속 운항
2574,PCC-783 신성,162,371407000,frigate,13000,2022-12-12 13:35:26+00:00,2022-12-12 13:35:26+00:00,130.0785467,34.85988,120.1,1.1,-25.5,0.0,좌선회(25.5°) 저속 운항
2575,PCC-783 신성,163,371407000,frigate,13000,2022-12-12 13:45:26+00:00,2022-12-12 21:58:46+00:00,130.08252,34.858355,115.9,2.304054054054054,-4.199999999999989,0.2999999999999998,저속 운항
2576,PCC-783 신성,164,371407000,frigate,13000,2022-12-12 23:07:48+00:00,2022-12-12 23:07:48+00:00,130.4035083,34.6586,163.3,3.1,33.20000000000002,1.1,우선회(33.2°) 저속 운항
2577,PCC-783 신성,165,371407000,frigate,13000,2022-12-12 23:11:06+00:00,2022-12-12 23:11:06+00:00,130.4052367,34.65485333,183.6,5.6,20.299999999999983,2.4999999999999996,우선회(20.3°) 가속 이동/통과
2578,PCC-783 신성,166,371407000,frigate,13000,2022-12-12 23:35:28+00:00,2022-12-12 23:35:28+00:00,130.3417433,34.68531167,309.0,10.9,125.4,5.300000000000001,우선회(125.4°) 가속 이동/통과
2579,PCC-783 신성,167,371407000,frigate,13000,2022-12-13 00:11:36+00:00,2022-12-13 00:35:26+00:00,130.238915,34.75543833,307.0,11.225,-2.0,0.1999999999999993,이동/통과
2580,PCC-783 신성,168,371407000,frigate,13000,2022-12-13 00:56:57+00:00,2022-12-13 01:25:06+00:00,130.14335,34.81365667,318.1,0.475,14.400000000000034,-10.7,정박/대기
2581,PCC-783 신성,169,371407000,frigate,13000,2022-12-13 02:05:41+00:00,2022-12-13 03:04:18+00:00,130.1491,34.825545,30.7,1.35,-12.7,0.9,저속 운항
2582,PCC-783 신성,170,371407000,frigate,13000,2022-12-13 05:37:50+00:00,2022-12-13 05:37:50+00:00,130.195565,34.89220667,249.6,10.2,-132.3,8.799999999999999,좌선회(132.3°) 가속 이동/통과
2583,PCC-783 신성,171,371407000,frigate,13000,2022-12-13 06:16:27+00:00,2022-12-13 06:57:28+00:00,130.065615,34.85103167,247.2,10.625,-2.4000000000000057,0.6000000000000014,이동/통과
2584,PCC-783 신성,172,371407000,frigate,13000,2022-12-13 07:00:07+00:00,2022-12-13 07:00:07+00:00,129.91918,34.80439667,249.3,6.5,-0.29999999999998295,-3.4000000000000004,감속 이동/통과
2585,PCC-783 신성,173,371407000,frigate,13000,2022-12-13 07:06:48+00:00,2022-12-13 07:06:48+00:00,129.91063,34.80189167,251.9,2.1,2.5999999999999943,-4.4,감속 저속 운항
2586,PCC-783 신성,174,371407000,frigate,13000,2022-12-13 07:25:17+00:00,2022-12-13 07:25:17+00:00,129.912515,34.79954167,107.4,1.6,-144.5,-0.5,좌선회(144.5°) 저속 운항
2587,PCC-783 신성,175,371407000,frigate,13000,2022-12-13 07:30:17+00:00,2022-12-13 14:15:38+00:00,129.9148683,34.79897333,104.7,2.379012345679012,-2.700000000000003,-0.10000000000000009,저속 운항
2588,PCC-783 신성,176,371407000,frigate,13000,2022-12-13 14:20:06+00:00,2022-12-13 14:20:06+00:00,130.224785,34.71283167,140.2,4.4,39.29999999999998,0.8000000000000003,우선회(39.3°) 저속 운항
2589,PCC-783 신성,177,371407000,frigate,13000,2022-12-13 14:25:08+00:00,2022-12-13 14:30:26+00:00,130.22976,34.70421667,159.7,9.899999999999999,19.5,4.299999999999999,가속 이동/통과
2590,PCC-783 신성,178,371407000,frigate,13000,2022-12-13 14:37:06+00:00,2022-12-13 17:10:06+00:00,130.254615,34.674815,131.6,10.742105263157894,-15.300000000000011,0.7000000000000011,이동/통과
2591,PCC-783 신성,179,371407000,frigate,13000,2022-12-13 17:15:06+00:00,2022-12-13 17:15:06+00:00,130.60587,34.31504333,47.3,8.8,-91.8,-1.799999999999999,좌선회(91.8°) 이동/통과
2592,PCC-783 신성,180,371407000,frigate,13000,2022-12-13 17:20:06+00:00,2022-12-13 17:21:02+00:00,130.613625,34.32543333,14.5,8.2,-32.8,-0.6000000000000014,좌선회(32.8°) 이동/통과
2593,PCC-783 신성,181,371407000,frigate,13000,2022-12-13 17:25:37+00:00,2022-12-13 17:33:01+00:00,130.6123267,34.33576167,331.6,4.9,-42.89999999999998,-3.299999999999999,좌선회(42.9°) 감속 저속 운항
2594,PCC-783 신성,182,371407000,frigate,13000,2022-12-13 17:39:01+00:00,2022-12-13 17:39:01+00:00,130.604965,34.34866,324.0,4.6,-7.600000000000023,-0.3000000000000007,저속 운항
2595,PCC-783 신성,183,371407000,frigate,13000,2022-12-13 17:45:00+00:00,2022-12-13 17:45:00+00:00,130.5962633,34.35808667,301.0,4.0,-23.0,-0.5999999999999996,좌선회(23.0°) 저속 운항
2596,PCC-783 신성,184,371407000,frigate,13000,2022-12-13 17:45:07+00:00,2022-12-13 17:45:07+00:00,130.5951583,34.35895833,303.2,4.1,2.1999999999999886,0.09999999999999964,저속 운항
2597,PCC-783 신성,185,371407000,frigate,13000,2022-12-13 17:53:37+00:00,2022-12-13 21:15:07+00:00,130.583655,34.36527,304.4,8.17,1.1999999999999886,1.2000000000000002,이동/통과
2598,PCC-783 신성,186,371407000,frigate,13000,2022-12-13 21:20:27+00:00,2022-12-13 21:20:27+00:00,130.1398033,34.62002333,322.1,5.9,0.30000000000001137,-3.6999999999999993,감속 이동/통과
2599,PCC-783 신성,187,371407000,frigate,13000,2022-12-13 21:25:06+00:00,2022-12-13 21:25:06+00:00,130.137085,34.62396,332.5,1.7,10.399999999999977,-4.2,감속 저속 운항
2600,PCC-783 신성,188,371407000,frigate,13000,2022-12-13 21:30:06+00:00,2022-12-13 21:30:06+00:00,130.137325,34.62498333,105.4,0.6,132.9,-1.1,정박/대기
2601,PCC-783 신성,189,371407000,frigate,13000,2022-12-13 21:35:17+00:00,2022-12-14 00:22:35+00:00,130.13981,34.624485,107.9,1.81875,2.5,1.6,저속 운항
2602,PCC-783 신성,190,371407000,frigate,13000,2022-12-14 02:28:26+00:00,2022-12-14 02:28:26+00:00,130.31957,34.61924167,76.6,6.2,-19.60000000000001,4.4,가속 이동/통과
2603,PCC-783 신성,191,371407000,frigate,13000,2022-12-14 02:30:23+00:00,2022-12-14 02:30:23+00:00,130.3242933,34.61866167,120.1,8.5,43.5,2.3,우선회(43.5°) 가속 이동/통과
2604,PCC-783 신성,192,371407000,frigate,13000,2022-12-14 02:40:05+00:00,2022-12-14 02:40:05+00:00,130.3448817,34.59417167,146.6,12.0,26.5,3.5,우선회(26.5°) 가속 이동/통과
2605,PCC-783 신성,193,371407000,frigate,13000,2022-12-14 02:45:05+00:00,2022-12-14 05:51:01+00:00,130.3560417,34.5798,148.5,12.305405405405406,1.9000000000000057,0.40000000000000036,이동/통과
2606,PCC-783 신성,194,371407000,frigate,13000,2022-12-14 05:55:06+00:00,2022-12-14 05:57:04+00:00,130.7966883,34.05458833,131.6,10.3,-3.0,-2.3999999999999986,감속 이동/통과
2607,PCC-783 신성,195,371407000,frigate,13000,2022-12-14 06:00:14+00:00,2022-12-14 06:21:00+00:00,130.8081017,34.04566167,135.1,7.971428571428571,3.5,-1.8000000000000007,이동/통과
2608,PCC-783 신성,196,371407000,frigate,13000,2022-12-14 06:25:14+00:00,2022-12-14 06:26:23+00:00,130.8571783,34.00731333,135.3,10.4,1.3000000000000114,2.7,가속 이동/통과
2609,PCC-783 신성,197,371407000,frigate,13000,2022-12-14 06:26:59+00:00,2022-12-14 06:44:23+00:00,130.8609183,34.00412167,138.0,8.366666666666667,2.6999999999999886,0.40000000000000036,이동/통과
2610,PCC-783 신성,198,371407000,frigate,13000,2022-12-14 06:45:05+00:00,2022-12-14 06:45:06+00:00,130.8758283,33.96735667,210.0,7.5,23.0,0.5,우선회(23.0°) 이동/통과
2611,PCC-783 신성,199,371407000,frigate,13000,2022-12-14 06:49:38+00:00,2022-12-14 06:49:39+00:00,130.8737333,33.93220333,210.0,7.5,0.0,0.0,이동/통과
2612,PCC-783 신성,200,371407000,frigate,13000,2022-12-14 06:50:05+00:00,2022-12-14 06:50:25+00:00,130.8658267,33.95658833,219.1,11.0,9.099999999999994,3.5,가속 이동/통과
2613,PCC-783 신성,201,371407000,frigate,13000,2022-12-14 06:55:05+00:00,2022-12-14 06:57:07+00:00,130.8633767,33.943495,143.8,10.5,-75.29999999999998,-0.5,좌선회(75.3°) 이동/통과
2614,PCC-783 신성,202,371407000,frigate,13000,2022-12-14 07:00:06+00:00,2022-12-14 07:10:06+00:00,130.87499,33.93100167,139.4,11.533333333333333,-4.400000000000006,0.9000000000000004,이동/통과
2615,PCC-783 신성,203,371407000,frigate,13000,2022-12-14 07:15:01+00:00,2022-12-14 07:15:01+00:00,130.9044833,33.90294333,111.0,10.7,-30.400000000000006,-0.8000000000000007,좌선회(30.4°) 이동/통과
2616,PCC-783 신성,204,371407000,frigate,13000,2022-12-14 07:15:05+00:00,2022-12-14 07:15:05+00:00,130.9153033,33.90316167,85.9,10.5,-25.099999999999994,-0.1999999999999993,좌선회(25.1°) 이동/통과
2617,PCC-783 신성,205,371407000,frigate,13000,2022-12-14 07:20:15+00:00,2022-12-14 07:20:23+00:00,130.9278117,33.91143,26.7,9.3,-59.2,-1.1999999999999993,좌선회(59.2°) 이동/통과
2618,PCC-783 신성,206,371407000,frigate,13000,2022-12-14 07:25:06+00:00,2022-12-14 07:50:34+00:00,130.93358,33.92350167,19.2,11.066666666666666,-7.5,0.5999999999999996,이동/통과
2619,PCC-783 신성,207,371407000,frigate,13000,2022-12-14 07:55:15+00:00,2022-12-14 07:57:01+00:00,131.012085,33.97309167,112.5,7.400000000000001,39.8,-4.1,우선회(39.8°) 감속 이동/통과
2620,PCC-783 신성,208,371407000,frigate,13000,2022-12-14 08:00:25+00:00,2022-12-14 08:00:25+00:00,131.0255183,33.967115,120.9,10.5,8.400000000000006,3.0999999999999996,가속 이동/통과
2621,PCC-783 신성,209,371407000,frigate,13000,2022-12-14 08:02:24+00:00,2022-12-14 08:02:24+00:00,131.031605,33.96392,120.9,10.5,0.0,0.0,이동/통과
2622,PCC-783 신성,210,371407000,frigate,13000,2022-12-14 08:05:25+00:00,2022-12-14 08:09:22+00:00,131.0393583,33.95722167,152.0,11.6,31.099999999999994,1.0999999999999996,우선회(31.1°) 이동/통과
2623,PCC-783 신성,211,371407000,frigate,13000,2022-12-14 08:10:06+00:00,2022-12-14 08:10:06+00:00,131.0490183,33.94388,143.8,12.2,-8.199999999999989,0.5999999999999996,이동/통과
2624,PCC-783 신성,212,371407000,frigate,13000,2022-12-14 08:15:06+00:00,2022-12-14 08:15:06+00:00,131.0646417,33.93371833,112.7,12.2,-31.10000000000001,0.0,좌선회(31.1°) 이동/통과
2625,PCC-783 신성,213,371407000,frigate,13000,2022-12-14 08:20:05+00:00,2022-12-14 09:02:22+00:00,131.082365,33.924925,123.4,12.6,10.700000000000003,0.3000000000000007,이동/통과
2626,PCC-785 공주,0,538004697,frigate,13000,2022-12-01 05:45:07+00:00,2022-12-01 06:12:56+00:00,131.22152,33.81714833,283.3,10.466666666666667,0.0,0.0,이동/통과
2627,PCC-785 공주,1,538004697,frigate,13000,2022-12-01 06:15:05+00:00,2022-12-01 06:18:56+00:00,131.1249617,33.83526667,248.3,9.3,-22.399999999999977,0.0,좌선회(22.4°) 이동/통과
2628,PCC-785 공주,2,538004697,frigate,13000,2022-12-01 06:20:06+00:00,2022-12-01 06:45:06+00:00,131.108785,33.830065,248.3,10.2375,0.0,1.6999999999999993,이동/통과
2629,PCC-785 공주,3,538004697,frigate,13000,2022-12-01 06:50:06+00:00,2022-12-01 06:50:06+00:00,131.0183483,33.79642,209.0,8.4,-35.69999999999999,0.09999999999999964,좌선회(35.7°) 이동/통과
2630,PCC-785 공주,4,538004697,frigate,13000,2022-12-01 06:55:06+00:00,2022-12-01 06:55:06+00:00,131.0109367,33.78743333,213.5,6.7,4.5,-1.7000000000000002,이동/통과
2631,PCC-785 공주,5,538004697,frigate,13000,2022-12-01 07:00:06+00:00,2022-12-01 07:00:56+00:00,131.0082833,33.78182167,180.4,3.5,-33.099999999999994,-3.2,좌선회(33.1°) 감속 저속 운항
2632,PCC-785 공주,6,538004697,frigate,13000,2022-12-01 07:05:06+00:00,2022-12-01 07:05:06+00:00,131.0090767,33.77928667,164.5,1.0,-15.900000000000006,-2.5,감속 저속 운항
2633,PCC-785 공주,7,538004697,frigate,13000,2022-12-01 07:10:02+00:00,2022-12-02 06:10:04+00:00,131.0098183,33.77848167,81.7,0.1995508982035928,-82.8,-0.5,정박/대기
2634,PCC-785 공주,8,538004697,frigate,13000,2022-12-02 06:12:55+00:00,2022-12-02 06:12:56+00:00,131.00966,33.77769167,283.0,1.4,-29.80000000000001,0.5999999999999999,좌선회(29.8°) 저속 운항
2635,PCC-785 공주,9,538004697,frigate,13000,2022-12-02 06:15:04+00:00,2022-12-02 06:18:56+00:00,131.0085317,33.77805333,306.6,1.8,23.600000000000023,0.40000000000000013,우선회(23.6°) 저속 운항
2636,PCC-785 공주,10,538004697,frigate,13000,2022-12-02 06:20:04+00:00,2022-12-02 06:24:56+00:00,131.0089417,33.78352167,20.7,6.3,74.09999999999997,4.5,우선회(74.1°) 가속 이동/통과
2637,PCC-785 공주,11,538004697,frigate,13000,2022-12-02 06:25:03+00:00,2022-12-02 06:25:03+00:00,131.0157083,33.79297333,33.3,8.9,12.599999999999998,2.6000000000000005,가속 이동/통과
2638,PCC-785 공주,12,538004697,frigate,13000,2022-12-02 06:30:02+00:00,2022-12-02 06:30:56+00:00,131.0261933,33.80264833,64.1,10.1,30.799999999999997,1.1999999999999993,우선회(30.8°) 이동/통과
2639,PCC-785 공주,13,538004697,frigate,13000,2022-12-02 06:35:01+00:00,2022-12-02 06:54:56+00:00,131.0430433,33.80819,69.5,11.475000000000001,5.400000000000006,1.200000000000001,이동/통과
2640,PCC-785 공주,14,538004697,frigate,13000,2022-12-02 06:55:01+00:00,2022-12-02 06:55:01+00:00,131.1158583,33.82540667,94.8,12.3,24.299999999999997,0.8000000000000007,우선회(24.3°) 이동/통과
2641,PCC-785 공주,15,538004697,frigate,13000,2022-12-02 07:00:01+00:00,2022-12-02 07:18:56+00:00,131.138025,33.82385833,95.2,15.375,0.4000000000000057,1.799999999999999,이동/통과
2642,PKG-713 조천형,0,477655100,patrolship,10000,2022-12-01 00:00:09+00:00,2022-12-01 00:05:09+00:00,128.4926167,34.06465,195.0,1.0,0.0,0.0,저속 운항
2643,PKG-713 조천형,1,477655100,patrolship,10000,2022-12-01 00:10:09+00:00,2022-12-01 00:10:09+00:00,128.4917667,34.06221667,198.0,0.7,-1.0,-0.30000000000000004,정박/대기
2644,PKG-713 조천형,2,477655100,patrolship,10000,2022-12-01 00:15:00+00:00,2022-12-01 00:16:35+00:00,128.49135,34.06103333,200.0,1.0,2.0,0.30000000000000004,저속 운항
2645,PKG-713 조천형,3,477655100,patrolship,10000,2022-12-01 00:20:00+00:00,2022-12-01 00:22:34+00:00,128.4909,34.05983333,200.0,0.85,0.0,0.0,정박/대기
2646,PKG-713 조천형,4,477655100,patrolship,10000,2022-12-01 00:25:19+00:00,2022-12-01 00:25:19+00:00,128.4903,34.05853333,203.0,1.1,6.0,0.40000000000000013,저속 운항
2647,PKG-713 조천형,5,477655100,patrolship,10000,2022-12-01 00:28:35+00:00,2022-12-01 00:28:35+00:00,128.4902,34.05833333,205.0,0.9,2.0,-0.20000000000000007,정박/대기
2648,PKG-713 조천형,6,477655100,patrolship,10000,2022-12-01 00:30:09+00:00,2022-12-01 00:30:09+00:00,128.4896833,34.05741667,207.0,1.0,2.0,0.09999999999999998,저속 운항
2649,PKG-713 조천형,7,477655100,patrolship,10000,2022-12-01 00:34:35+00:00,2022-12-01 01:05:08+00:00,128.4893167,34.05678333,206.0,0.8125,-1.0,-0.30000000000000004,정박/대기
2650,PKG-713 조천형,8,477655100,patrolship,10000,2022-12-01 01:10:09+00:00,2022-12-01 01:10:34+00:00,128.4852833,34.04853333,207.0,1.05,4.0,0.30000000000000004,저속 운항
2651,PKG-713 조천형,9,477655100,patrolship,10000,2022-12-01 01:15:08+00:00,2022-12-01 03:15:39+00:00,128.4844833,34.04735,208.0,0.7314814814814815,0.0,-0.09999999999999998,정박/대기
2652,PKG-713 조천형,10,477655100,patrolship,10000,2022-12-01 03:20:20+00:00,2022-12-01 03:20:20+00:00,128.4660833,34.02495,246.0,1.1,27.0,0.40000000000000013,우선회(27.0°) 저속 운항
2653,PKG-713 조천형,11,477655100,patrolship,10000,2022-12-01 03:30:10+00:00,2022-12-01 03:30:10+00:00,128.4605667,34.02961667,332.0,4.7,86.0,3.6,우선회(86.0°) 가속 저속 운항
2654,PKG-713 조천형,12,477655100,patrolship,10000,2022-12-01 03:35:19+00:00,2022-12-01 04:40:35+00:00,128.4557667,34.03693333,330.0,8.257142857142856,-2.0,1.7000000000000002,이동/통과
2655,PKG-713 조천형,13,477655100,patrolship,10000,2022-12-01 04:45:39+00:00,2022-12-01 04:46:35+00:00,128.3605833,34.17955,325.0,6.6,-1.0,-2.0999999999999996,감속 이동/통과
2656,PKG-713 조천형,14,477655100,patrolship,10000,2022-12-01 04:51:10+00:00,2022-12-01 04:51:10+00:00,128.35485,34.18716667,333.0,5.1,8.0,-1.5,이동/통과
2657,PKG-713 조천형,15,477655100,patrolship,10000,2022-12-01 04:56:09+00:00,2022-12-01 05:16:58+00:00,128.35165,34.19298333,337.0,2.925,4.0,-1.0,저속 운항
2658,PKG-713 조천형,16,477655100,patrolship,10000,2022-12-01 05:20:29+00:00,2022-12-14 23:57:51+00:00,128.3431167,34.20316667,147.0,0.06954312387741513,2.0,-0.09999999999999998,정박/대기
2659,PKG-716 서후원,0,357987000,patrolship,10000,2022-12-10 02:00:09+00:00,2022-12-10 02:09:10+00:00,131.2255933,33.85858333,282.5,11.766666666666666,0.0,0.0,이동/통과
2660,PKG-716 서후원,1,357987000,patrolship,10000,2022-12-10 02:10:08+00:00,2022-12-10 02:13:42+00:00,131.1895683,33.86998,306.9,11.7,23.899999999999977,-0.10000000000000142,우선회(23.9°) 이동/통과
2661,PKG-716 서후원,2,357987000,patrolship,10000,2022-12-10 02:14:39+00:00,2022-12-10 03:00:09+00:00,131.1759883,33.87845333,307.0,11.613333333333333,0.10000000000002274,-0.09999999999999964,이동/통과
2662,PKG-716 서후원,3,357987000,patrolship,10000,2022-12-10 03:05:09+00:00,2022-12-10 03:09:06+00:00,131.0189333,33.97623667,292.4,11.5,-30.100000000000023,-0.09999999999999964,좌선회(30.1°) 이동/통과
2663,PKG-716 서후원,4,357987000,patrolship,10000,2022-12-10 03:10:06+00:00,2022-12-10 03:14:53+00:00,131.002455,33.98121667,278.0,12.2,-14.399999999999977,0.6999999999999993,이동/통과
2664,PKG-716 서후원,5,357987000,patrolship,10000,2022-12-10 03:15:09+00:00,2022-12-10 03:19:17+00:00,130.9813667,33.97595833,233.7,12.0,-37.10000000000002,-0.1999999999999993,좌선회(37.1°) 이동/통과
2665,PKG-716 서후원,6,357987000,patrolship,10000,2022-12-10 03:20:08+00:00,2022-12-10 03:24:02+00:00,130.9642617,33.96631,239.2,12.9,5.5,0.9000000000000004,이동/통과
2666,PKG-716 서후원,7,357987000,patrolship,10000,2022-12-10 03:25:03+00:00,2022-12-10 03:30:00+00:00,130.9475767,33.953255,219.2,14.8,-20.0,1.9000000000000004,좌선회(20.0°) 이동/통과
2667,PKG-716 서후원,8,357987000,patrolship,10000,2022-12-10 03:30:09+00:00,2022-12-10 03:34:02+00:00,130.93576,33.93550833,197.8,13.9,-21.399999999999977,-0.9000000000000004,좌선회(21.4°) 이동/통과
2668,PKG-716 서후원,9,357987000,patrolship,10000,2022-12-10 03:35:01+00:00,2022-12-10 03:39:52+00:00,130.928125,33.91799,202.1,14.0,4.299999999999983,0.09999999999999964,이동/통과
2669,PKG-716 서후원,10,357987000,patrolship,10000,2022-12-10 03:40:02+00:00,2022-12-10 03:40:02+00:00,130.9119617,33.90837333,275.2,11.4,73.1,-2.5999999999999996,우선회(73.1°) 감속 이동/통과
2670,PKG-716 서후원,11,357987000,patrolship,10000,2022-12-10 03:41:03+00:00,2022-12-10 03:45:00+00:00,130.9095767,33.90888333,287.0,10.600000000000001,11.800000000000011,-0.5999999999999996,이동/통과
2671,PKG-716 서후원,12,357987000,patrolship,10000,2022-12-10 03:45:02+00:00,2022-12-10 03:49:54+00:00,130.897195,33.91548167,322.4,10.1,29.399999999999977,-0.3000000000000007,우선회(29.4°) 이동/통과
2672,PKG-716 서후원,13,357987000,patrolship,10000,2022-12-10 03:50:01+00:00,2022-12-10 03:59:58+00:00,130.8862817,33.927325,323.5,11.8,1.1000000000000227,1.3000000000000007,이동/통과
2673,PKG-716 서후원,14,357987000,patrolship,10000,2022-12-10 04:00:01+00:00,2022-12-10 04:05:00+00:00,130.8693733,33.95508333,26.0,10.6,64.39999999999998,-1.5999999999999996,우선회(64.4°) 이동/통과
2674,PKG-716 서후원,15,357987000,patrolship,10000,2022-12-10 04:05:01+00:00,2022-12-10 04:09:15+00:00,130.8767283,33.96847333,26.6,10.6,0.6000000000000014,0.0,이동/통과
2675,PKG-716 서후원,16,357987000,patrolship,10000,2022-12-10 04:10:03+00:00,2022-12-10 04:12:03+00:00,130.8795683,33.98386667,5.3,11.6,-21.3,1.0,좌선회(21.3°) 이동/통과
2676,PKG-716 서후원,17,357987000,patrolship,10000,2022-12-10 04:13:11+00:00,2022-12-10 04:15:01+00:00,130.8761283,33.992585,323.0,11.3,-42.30000000000001,-0.29999999999999893,좌선회(42.3°) 이동/통과
2677,PKG-716 서후원,18,357987000,patrolship,10000,2022-12-10 04:15:02+00:00,2022-12-10 04:58:57+00:00,130.8713217,33.997735,320.3,11.6,-2.6999999999999886,0.3999999999999986,이동/통과
2678,PKG-716 서후원,19,357987000,patrolship,10000,2022-12-10 05:00:03+00:00,2022-12-10 05:04:58+00:00,130.7251383,34.06729667,247.1,11.3,-57.900000000000006,-0.1999999999999993,좌선회(57.9°) 이동/통과
2679,PKG-716 서후원,20,357987000,patrolship,10000,2022-12-10 05:05:01+00:00,2022-12-11 01:35:11+00:00,130.707515,34.06108833,245.6,11.437777777777777,-1.5,0.3999999999999986,이동/통과
2680,PKG-716 서후원,21,357987000,patrolship,10000,2022-12-11 02:20:23+00:00,2022-12-11 02:20:23+00:00,126.3904133,32.53731833,219.3,10.6,-24.0,-1.200000000000001,좌선회(24.0°) 이동/통과
2681,PKG-716 서후원,22,357987000,patrolship,10000,2022-12-11 02:34:32+00:00,2022-12-11 02:34:32+00:00,126.3543467,32.53529333,295.3,10.2,76.0,-0.40000000000000036,우선회(76.0°) 이동/통과
2682,PKG-718 현시학,0,563709000,patrolship,10000,2022-12-01 00:19:40+00:00,2022-12-01 17:28:24+00:00,129.06975,35.10648333,320.4,0.000968013468013468,0.0,0.0,정박/대기
2683,PKG-718 현시학,1,563709000,patrolship,10000,2022-12-01 17:35:29+00:00,2022-12-01 17:35:29+00:00,129.0697667,35.10645,360.0,102.3,69.5,102.3,우선회(69.5°) 가속 이동/통과
2684,PKG-718 현시학,2,563709000,patrolship,10000,2022-12-01 17:44:58+00:00,2022-12-01 23:00:47+00:00,129.0697333,35.10648333,290.5,0.24444444444444446,-69.5,-102.3,정박/대기
2685,PKG-718 현시학,3,563709000,patrolship,10000,2022-12-01 23:05:03+00:00,2022-12-01 23:05:03+00:00,129.0708667,35.10436667,140.8,2.2,-72.5,1.4000000000000001,좌선회(72.5°) 저속 운항
2686,PKG-718 현시학,4,563709000,patrolship,10000,2022-12-01 23:10:38+00:00,2022-12-01 23:10:38+00:00,129.0721667,35.10356667,309.0,1.3,168.2,-0.9000000000000001,우선회(168.2°) 저속 운항
2687,PKG-718 현시학,5,563709000,patrolship,10000,2022-12-01 23:15:01+00:00,2022-12-01 23:15:01+00:00,129.0701167,35.10325,177.8,1.6,-131.2,0.30000000000000004,좌선회(131.2°) 저속 운항
2688,PKG-718 현시학,6,563709000,patrolship,10000,2022-12-01 23:20:17+00:00,2022-12-01 23:20:17+00:00,129.0754833,35.09921667,128.1,6.8,-49.70000000000002,5.199999999999999,좌선회(49.7°) 가속 이동/통과
2689,PKG-718 현시학,7,563709000,patrolship,10000,2022-12-01 23:25:13+00:00,2022-12-01 23:25:13+00:00,129.087,35.09223333,129.5,9.2,1.4000000000000057,2.3999999999999995,가속 이동/통과
2690,PKG-718 현시학,8,563709000,patrolship,10000,2022-12-01 23:30:27+00:00,2022-12-01 23:45:23+00:00,129.09955,35.08428333,118.2,7.775,-11.299999999999997,-0.7999999999999989,이동/통과
2691,PKG-718 현시학,9,563709000,patrolship,10000,2022-12-01 23:50:24+00:00,2022-12-01 23:50:24+00:00,129.1349,35.0502,152.2,11.6,6.899999999999977,3.1999999999999993,가속 이동/통과
2692,PKG-718 현시학,10,563709000,patrolship,10000,2022-12-01 23:55:22+00:00,2022-12-02 00:35:29+00:00,129.1417,35.03453333,161.3,12.107407407407408,9.100000000000023,0.5999999999999996,이동/통과
2693,PKG-718 현시학,11,563709000,patrolship,10000,2022-12-02 00:48:07+00:00,2022-12-02 00:48:07+00:00,129.1405,34.86108333,205.6,12.1,21.900000000000006,1.6999999999999993,우선회(21.9°) 이동/통과
2694,PKG-718 현시학,12,563709000,patrolship,10000,2022-12-02 00:59:53+00:00,2022-12-02 09:40:07+00:00,129.1190667,34.82281667,204.3,13.735384615384614,-1.299999999999983,1.200000000000001,이동/통과
2695,PKG-718 현시학,13,563709000,patrolship,10000,2022-12-02 10:09:17+00:00,2022-12-02 10:09:17+00:00,127.6560833,33.20595,232.7,12.7,22.5,0.3999999999999986,우선회(22.5°) 이동/통과
2696,PKG-718 현시학,14,563709000,patrolship,10000,2022-12-02 10:15:07+00:00,2022-12-02 11:20:38+00:00,127.6208333,33.18323333,232.7,12.575000000000001,0.0,0.0,이동/통과
2697,PKG-722 임병래,0,273331810,patrolship,10000,2022-12-01 00:00:06+00:00,2022-12-14 23:55:05+00:00,129.0698067,35.09507667,64.7,0.02651728204436908,0.0,0.0,정박/대기
2698,PKG-723 홍시욱,0,538008133,patrolship,10000,2022-12-01 22:06:38+00:00,2022-12-02 12:45:32+00:00,125.7659,31.50258333,53.7,10.309615384615386,0.0,0.0,이동/통과
2699,PKG-723 홍시욱,1,538008133,patrolship,10000,2022-12-02 13:58:13+00:00,2022-12-02 13:58:13+00:00,128.0983333,33.35666667,30.0,11.0,-24.0,0.0,좌선회(24.0°) 이동/통과
2700,PKG-723 홍시욱,2,538008133,patrolship,10000,2022-12-02 15:23:37+00:00,2022-12-02 18:40:17+00:00,128.2582333,33.58455,34.9,11.136363636363637,4.899999999999999,0.1999999999999993,이동/통과
2701,PKG-723 홍시욱,3,538008133,patrolship,10000,2022-12-02 18:40:18+00:00,2022-12-02 18:40:18+00:00,128.6858667,34.07348333,81.4,8.1,27.400000000000006,-1.5999999999999996,우선회(27.4°) 이동/통과
2702,PKG-723 홍시욱,4,538008133,patrolship,10000,2022-12-02 18:45:06+00:00,2022-12-02 18:46:16+00:00,128.6992333,34.07471667,84.8,8.8,3.3999999999999915,0.7000000000000011,이동/통과
2703,PKG-723 홍시욱,5,538008133,patrolship,10000,2022-12-02 18:50:01+00:00,2022-12-02 18:50:01+00:00,128.715,34.07666667,84.0,11.0,-0.7999999999999972,2.1999999999999993,가속 이동/통과
2704,PKG-723 홍시욱,6,538008133,patrolship,10000,2022-12-02 18:50:06+00:00,2022-12-02 19:28:23+00:00,128.7155333,34.07613333,83.6,10.424999999999999,-0.4000000000000057,-0.3000000000000007,이동/통과
2705,PKG-723 홍시욱,7,538008133,patrolship,10000,2022-12-02 19:30:06+00:00,2022-12-02 19:34:21+00:00,128.8520667,34.0847,51.2,4.8,-17.799999999999997,-2.2,감속 저속 운항
2706,PKG-723 홍시욱,8,538008133,patrolship,10000,2022-12-02 19:35:07+00:00,2022-12-02 19:35:07+00:00,128.85655,34.08873333,35.2,3.3,-16.0,-1.5,저속 운항
2707,PKG-723 홍시욱,9,538008133,patrolship,10000,2022-12-02 19:40:08+00:00,2022-12-02 19:40:22+00:00,128.85905,34.09128333,68.8,1.2,33.599999999999994,-2.0999999999999996,우선회(33.6°) 감속 저속 운항
2708,PKG-723 홍시욱,10,538008133,patrolship,10000,2022-12-02 19:45:08+00:00,2022-12-02 20:22:25+00:00,128.86055,34.09191667,59.6,0.6666666666666667,-9.199999999999996,-0.29999999999999993,정박/대기
2709,PKG-723 홍시욱,11,538008133,patrolship,10000,2022-12-02 20:25:06+00:00,2022-12-02 20:25:06+00:00,128.86725,34.09313333,86.6,1.4,-26.900000000000006,1.0999999999999999,좌선회(26.9°) 저속 운항
2710,PKG-723 홍시욱,12,538008133,patrolship,10000,2022-12-02 20:28:24+00:00,2022-12-02 20:52:26+00:00,128.8685167,34.0933,83.0,1.3066666666666666,-3.5999999999999943,-0.09999999999999987,저속 운항
2711,PKG-723 홍시욱,13,538008133,patrolship,10000,2022-12-02 20:55:07+00:00,2022-12-02 20:55:07+00:00,128.8799833,34.09765,37.1,2.5,-29.300000000000004,0.6000000000000001,좌선회(29.3°) 저속 운항
2712,PKG-723 홍시욱,14,538008133,patrolship,10000,2022-12-02 20:58:27+00:00,2022-12-02 21:16:27+00:00,128.8812167,34.09926667,32.0,1.7,-5.100000000000001,-0.3999999999999999,저속 운항
2713,PKG-723 홍시욱,15,538008133,patrolship,10000,2022-12-02 21:20:06+00:00,2022-12-02 21:22:30+00:00,128.8867,34.10743333,48.0,0.9,5.799999999999997,-0.29999999999999993,정박/대기
2714,PKG-723 홍시욱,16,538008133,patrolship,10000,2022-12-02 21:25:06+00:00,2022-12-02 21:28:28+00:00,128.8879167,34.10826667,52.8,1.0,4.799999999999997,0.09999999999999998,저속 운항
2715,PKG-723 홍시욱,17,538008133,patrolship,10000,2022-12-02 21:30:07+00:00,2022-12-02 21:52:31+00:00,128.8893333,34.10886667,103.4,0.7,50.60000000000001,-0.09999999999999998,정박/대기
2716,PKG-723 홍시욱,18,538008133,patrolship,10000,2022-12-02 21:55:08+00:00,2022-12-02 21:55:08+00:00,128.8962667,34.10883333,56.0,1.6,-21.5,1.1,좌선회(21.5°) 저속 운항
2717,PKG-723 홍시욱,19,538008133,patrolship,10000,2022-12-02 22:00:07+00:00,2022-12-02 22:10:32+00:00,128.8983667,34.11006667,55.1,1.3666666666666665,-0.8999999999999986,-0.10000000000000009,저속 운항
2718,PKG-723 홍시욱,20,538008133,patrolship,10000,2022-12-02 22:15:06+00:00,2022-12-02 22:16:33+00:00,128.9028667,34.11206667,165.6,1.3,115.6,0.10000000000000009,우선회(115.6°) 저속 운항
2719,PKG-723 홍시욱,21,538008133,patrolship,10000,2022-12-02 22:20:07+00:00,2022-12-02 22:22:33+00:00,128.9034,34.11055,164.5,1.0,-1.0999999999999943,-0.30000000000000004,저속 운항
2720,PKG-723 홍시욱,22,538008133,patrolship,10000,2022-12-02 22:25:07+00:00,2022-12-02 22:40:35+00:00,128.90385,34.1094,162.4,0.4125,-2.0999999999999943,-0.30000000000000004,정박/대기
2721,PKG-723 홍시욱,23,538008133,patrolship,10000,2022-12-02 22:45:06+00:00,2022-12-02 22:46:35+00:00,128.9054833,34.10756667,81.8,1.6,-61.39999999999999,1.4000000000000001,좌선회(61.4°) 저속 운항
2722,PKG-723 홍시욱,24,538008133,patrolship,10000,2022-12-02 22:50:07+00:00,2022-12-02 23:04:37+00:00,128.9088333,34.10815,76.4,1.7833333333333332,-5.3999999999999915,0.3999999999999999,저속 운항
2723,PKG-723 홍시욱,25,538008133,patrolship,10000,2022-12-02 23:05:08+00:00,2022-12-02 23:05:08+00:00,128.9164333,34.11226667,18.9,2.9,-38.1,0.8999999999999999,좌선회(38.1°) 저속 운항
2724,PKG-723 홍시욱,26,538008133,patrolship,10000,2022-12-02 23:08:36+00:00,2022-12-02 23:10:07+00:00,128.9166667,34.115,4.0,1.75,-14.899999999999999,-0.8999999999999999,저속 운항
2725,PKG-723 홍시욱,27,538008133,patrolship,10000,2022-12-02 23:15:07+00:00,2022-12-03 01:22:48+00:00,128.9167667,34.11645,345.9,0.26422222222222225,-14.300000000000011,-1.1,정박/대기
2726,PKG-723 홍시욱,28,538008133,patrolship,10000,2022-12-03 01:24:00+00:00,2022-12-03 01:24:00+00:00,128.9216667,34.12,14.0,1.0,20.600000000000023,0.6,우선회(20.6°) 저속 운항
2727,PKG-723 홍시욱,29,538008133,patrolship,10000,2022-12-03 01:25:07+00:00,2022-12-03 09:53:28+00:00,128.9209167,34.11971667,0.8,0.4872909457900807,-13.2,-0.5,정박/대기
2728,PKG-723 홍시욱,30,538008133,patrolship,10000,2022-12-03 09:55:16+00:00,2022-12-03 12:23:44+00:00,128.92375,34.11785,23.6,1.4044117647058822,1.2000000000000028,0.09999999999999998,저속 운항
2729,PKG-723 홍시욱,31,538008133,patrolship,10000,2022-12-03 12:25:07+00:00,2022-12-03 12:41:43+00:00,128.9752833,34.15116667,183.5,0.3888888888888889,105.5,-1.1,정박/대기
2730,PKG-723 홍시욱,32,538008133,patrolship,10000,2022-12-03 12:45:07+00:00,2022-12-03 12:47:44+00:00,128.9784,34.1512,85.9,1.5,-9.899999999999991,0.9,저속 운항
2731,PKG-723 홍시욱,33,538008133,patrolship,10000,2022-12-03 12:50:08+00:00,2022-12-03 12:50:08+00:00,128.9826,34.15243333,50.6,3.4,-35.300000000000004,1.9,좌선회(35.3°) 저속 운항
2732,PKG-723 홍시욱,34,538008133,patrolship,10000,2022-12-03 12:53:45+00:00,2022-12-03 13:10:07+00:00,128.9842,34.1539,35.0,2.0,-15.600000000000001,-0.3999999999999999,저속 운항
2733,PKG-723 홍시욱,35,538008133,patrolship,10000,2022-12-03 13:11:48+00:00,2022-12-03 13:11:48+00:00,128.9897667,34.16245,0.0,2.8,-20.1,0.9999999999999998,좌선회(20.1°) 저속 운항
2734,PKG-723 홍시욱,36,538008133,patrolship,10000,2022-12-03 13:15:07+00:00,2022-12-03 13:17:49+00:00,128.9882667,34.16616667,330.7,5.1,-29.30000000000001,2.3,좌선회(29.3°) 가속 이동/통과
2735,PKG-723 홍시욱,37,538008133,patrolship,10000,2022-12-03 13:20:07+00:00,2022-12-03 13:23:47+00:00,128.9817833,34.17278333,317.9,6.9,-12.800000000000011,1.8000000000000007,이동/통과
2736,PKG-723 홍시욱,38,538008133,patrolship,10000,2022-12-03 13:25:08+00:00,2022-12-03 13:25:08+00:00,128.9758167,34.17896667,327.5,4.5,9.600000000000023,-2.4000000000000004,감속 저속 운항
2737,PKG-723 홍시욱,39,538008133,patrolship,10000,2022-12-03 13:29:49+00:00,2022-12-03 13:35:47+00:00,128.9745833,34.18083333,335.0,3.175,7.5,-0.5,저속 운항
2738,PKG-723 홍시욱,40,538008133,patrolship,10000,2022-12-03 13:40:07+00:00,2022-12-03 13:41:49+00:00,128.9740833,34.19053333,30.1,1.7,24.200000000000003,-0.8,우선회(24.2°) 저속 운항
2739,PKG-723 홍시욱,41,538008133,patrolship,10000,2022-12-03 13:45:07+00:00,2022-12-03 13:50:06+00:00,128.9755,34.19103333,91.1,0.9,60.99999999999999,-0.7999999999999999,정박/대기
2740,PKG-723 홍시욱,42,538008133,patrolship,10000,2022-12-03 13:55:08+00:00,2022-12-03 14:00:07+00:00,128.9787333,34.19071667,98.6,1.0,-0.7000000000000028,0.09999999999999998,저속 운항
2741,PKG-723 홍시욱,43,538008133,patrolship,10000,2022-12-03 14:05:07+00:00,2022-12-03 15:05:57+00:00,128.9806,34.19003333,201.2,0.47954545454545455,100.79999999999998,-0.5,정박/대기
2742,PKG-723 홍시욱,44,538008133,patrolship,10000,2022-12-03 15:10:06+00:00,2022-12-03 15:11:57+00:00,128.9874333,34.1855,111.2,1.0,-0.5,0.09999999999999998,저속 운항
2743,PKG-723 홍시욱,45,538008133,patrolship,10000,2022-12-03 15:15:06+00:00,2022-12-03 15:15:06+00:00,128.9895833,34.18505,93.8,2.2,-20.200000000000003,1.2000000000000002,좌선회(20.2°) 저속 운항
2744,PKG-723 홍시욱,46,538008133,patrolship,10000,2022-12-03 15:20:07+00:00,2022-12-03 16:00:07+00:00,128.9931,34.1846,105.3,1.8121212121212122,11.5,-0.20000000000000018,저속 운항
2745,PKG-723 홍시욱,47,538008133,patrolship,10000,2022-12-03 16:05:06+00:00,2022-12-03 16:06:03+00:00,129.0138333,34.17566667,202.1,2.2,52.099999999999994,1.1,우선회(52.1°) 저속 운항
2746,PKG-723 홍시욱,48,538008133,patrolship,10000,2022-12-03 16:10:08+00:00,2022-12-03 16:10:08+00:00,129.01245,34.17373333,218.6,1.2,16.5,-1.0000000000000002,저속 운항
2747,PKG-723 홍시욱,49,538008133,patrolship,10000,2022-12-03 16:12:04+00:00,2022-12-03 16:18:05+00:00,129.01205,34.17328333,219.0,0.8,0.4000000000000057,-0.29999999999999993,정박/대기
2748,PKG-723 홍시욱,50,538008133,patrolship,10000,2022-12-03 16:20:07+00:00,2022-12-03 16:24:04+00:00,129.0104667,34.17175,248.4,2.0,38.400000000000006,1.2,우선회(38.4°) 저속 운항
2749,PKG-723 홍시욱,51,538008133,patrolship,10000,2022-12-03 16:25:05+00:00,2022-12-03 16:36:06+00:00,129.0071,34.17073333,246.6,1.4000000000000001,-1.8000000000000114,-0.10000000000000009,저속 운항
2750,PKG-723 홍시욱,52,538008133,patrolship,10000,2022-12-03 16:38:24+00:00,2022-12-03 16:38:24+00:00,129.0033333,34.16833333,212.0,1.0,-21.19999999999999,0.0,좌선회(21.2°) 저속 운항
2751,PKG-723 홍시욱,53,538008133,patrolship,10000,2022-12-03 16:40:07+00:00,2022-12-03 17:00:10+00:00,129.0022333,34.16751667,224.5,1.3833333333333335,12.5,0.30000000000000004,저속 운항
2752,PKG-723 홍시욱,54,538008133,patrolship,10000,2022-12-03 17:00:16+00:00,2022-12-03 17:00:16+00:00,128.9953833,34.16228333,244.2,2.2,28.19999999999999,1.2000000000000002,우선회(28.2°) 저속 운항
2753,PKG-723 홍시욱,55,538008133,patrolship,10000,2022-12-03 17:05:07+00:00,2022-12-03 18:06:13+00:00,128.9918167,34.16076667,243.2,1.634375,-1.0,-0.10000000000000009,저속 운항
2754,PKG-723 홍시욱,56,538008133,patrolship,10000,2022-12-03 18:10:08+00:00,2022-12-03 18:12:13+00:00,128.9614333,34.14483333,264.3,2.4,31.30000000000001,0.7,우선회(31.3°) 저속 운항
2755,PKG-723 홍시욱,57,538008133,patrolship,10000,2022-12-03 18:15:08+00:00,2022-12-03 18:18:14+00:00,128.9582667,34.14461667,262.8,1.6,-1.5,-0.7999999999999998,저속 운항
2756,PKG-723 홍시욱,58,538008133,patrolship,10000,2022-12-03 18:20:07+00:00,2022-12-03 18:25:07+00:00,128.9562167,34.14448333,267.4,0.8500000000000001,4.599999999999966,-0.7000000000000001,정박/대기
2757,PKG-723 홍시욱,59,538008133,patrolship,10000,2022-12-03 18:30:07+00:00,2022-12-03 18:30:15+00:00,128.95115,34.14283333,239.0,3.1,5.800000000000011,2.3,가속 저속 운항
2758,PKG-723 홍시욱,60,538008133,patrolship,10000,2022-12-03 18:35:07+00:00,2022-12-03 18:35:07+00:00,128.9478833,34.14006667,213.8,2.6,-25.19999999999999,-0.5,좌선회(25.2°) 저속 운항
2759,PKG-723 홍시욱,61,538008133,patrolship,10000,2022-12-03 18:36:18+00:00,2022-12-03 18:55:06+00:00,128.9474333,34.13945,209.0,1.92,-4.800000000000011,0.0,저속 운항
2760,PKG-723 홍시욱,62,538008133,patrolship,10000,2022-12-03 19:00:07+00:00,2022-12-03 19:00:07+00:00,128.9433,34.12785,213.6,2.3,33.599999999999994,0.7999999999999998,우선회(33.6°) 저속 운항
2761,PKG-723 홍시욱,63,538008133,patrolship,10000,2022-12-03 19:05:07+00:00,2022-12-03 19:20:07+00:00,128.9416167,34.12558333,208.0,1.72,-5.599999999999994,-0.5999999999999999,저속 운항
2762,PKG-723 홍시욱,64,538008133,patrolship,10000,2022-12-03 19:25:08+00:00,2022-12-03 19:25:08+00:00,128.9358,34.11698333,257.4,3.4,62.19999999999999,1.5,우선회(62.2°) 저속 운항
2763,PKG-723 홍시욱,65,538008133,patrolship,10000,2022-12-03 19:30:06+00:00,2022-12-03 19:42:23+00:00,128.9316,34.11635,260.1,1.5666666666666667,2.7000000000000455,-1.4,저속 운항
2764,PKG-723 홍시욱,66,538008133,patrolship,10000,2022-12-03 19:45:08+00:00,2022-12-03 19:45:08+00:00,128.9258667,34.11328333,205.7,1.4,-22.30000000000001,0.19999999999999996,좌선회(22.3°) 저속 운항
2765,PKG-723 홍시욱,67,538008133,patrolship,10000,2022-12-03 19:50:06+00:00,2022-12-03 19:54:21+00:00,128.9222,34.11253333,281.4,3.2,75.69999999999999,1.8000000000000003,우선회(75.7°) 저속 운항
2766,PKG-723 홍시욱,68,538008133,patrolship,10000,2022-12-03 19:55:06+00:00,2022-12-03 19:55:06+00:00,128.91805,34.11311667,273.1,2.0,-8.299999999999955,-1.2000000000000002,저속 운항
2767,PKG-723 홍시욱,69,538008133,patrolship,10000,2022-12-03 20:00:07+00:00,2022-12-03 20:03:02+00:00,128.9153833,34.11303333,252.4,1.2666666666666666,-20.700000000000017,-0.6000000000000001,좌선회(20.7°) 저속 운항
2768,PKG-723 홍시욱,70,538008133,patrolship,10000,2022-12-03 20:05:27+00:00,2022-12-03 20:25:07+00:00,128.91315,34.11213333,238.6,1.5916666666666668,-5.400000000000006,0.30000000000000004,저속 운항
2769,PKG-723 홍시욱,71,538008133,patrolship,10000,2022-12-03 20:30:17+00:00,2022-12-03 20:30:25+00:00,128.9092333,34.10211667,216.5,2.0,30.400000000000006,0.19999999999999996,우선회(30.4°) 저속 운항
2770,PKG-723 홍시욱,72,538008133,patrolship,10000,2022-12-03 20:35:06+00:00,2022-12-03 20:35:06+00:00,128.90505,34.10096667,274.6,3.4,58.10000000000002,1.4,우선회(58.1°) 저속 운항
2771,PKG-723 홍시욱,73,538008133,patrolship,10000,2022-12-03 20:36:07+00:00,2022-12-03 20:36:07+00:00,128.9033333,34.10166667,281.0,4.0,6.399999999999977,0.6000000000000001,저속 운항
2772,PKG-723 홍시욱,74,538008133,patrolship,10000,2022-12-03 20:40:08+00:00,2022-12-03 20:40:08+00:00,128.8998,34.10336667,321.7,3.7,40.69999999999999,-0.2999999999999998,우선회(40.7°) 저속 운항
2773,PKG-723 홍시욱,75,538008133,patrolship,10000,2022-12-03 20:42:24+00:00,2022-12-03 20:48:24+00:00,128.8991667,34.10415,326.0,2.4,4.300000000000011,-0.6000000000000001,저속 운항
2774,PKG-723 홍시욱,76,538008133,patrolship,10000,2022-12-03 20:50:08+00:00,2022-12-03 20:54:25+00:00,128.8967333,34.10763333,288.5,0.6,-43.80000000000001,-1.1,정박/대기
2775,PKG-723 홍시욱,77,538008133,patrolship,10000,2022-12-03 20:55:06+00:00,2022-12-03 20:55:06+00:00,128.8955,34.10705,219.8,1.1,-68.69999999999999,0.5000000000000001,좌선회(68.7°) 저속 운항
2776,PKG-723 홍시욱,78,538008133,patrolship,10000,2022-12-03 21:00:07+00:00,2022-12-03 21:00:25+00:00,128.89445,34.10558333,222.3,1.3,2.5,0.19999999999999996,저속 운항
2777,PKG-723 홍시욱,79,538008133,patrolship,10000,2022-12-03 21:05:06+00:00,2022-12-03 21:06:27+00:00,128.89055,34.10561667,293.7,3.3,71.39999999999998,1.9999999999999998,우선회(71.4°) 저속 운항
2778,PKG-723 홍시욱,80,538008133,patrolship,10000,2022-12-03 21:10:06+00:00,2022-12-03 21:12:26+00:00,128.8868,34.10933333,346.6,3.7,52.900000000000034,0.40000000000000036,우선회(52.9°) 저속 운항
2779,PKG-723 홍시욱,81,538008133,patrolship,10000,2022-12-03 21:15:07+00:00,2022-12-03 21:15:07+00:00,128.8871,34.11266667,30.6,1.5,44.0,-2.2,우선회(44.0°) 감속 저속 운항
2780,PKG-723 홍시욱,82,538008133,patrolship,10000,2022-12-03 21:20:07+00:00,2022-12-03 21:20:07+00:00,128.8887833,34.11303333,119.9,1.2,89.30000000000001,-0.30000000000000004,우선회(89.3°) 저속 운항
2781,PKG-723 홍시욱,83,538008133,patrolship,10000,2022-12-03 21:24:27+00:00,2022-12-03 21:24:28+00:00,128.8897333,34.11228333,143.0,1.6,23.099999999999994,0.40000000000000013,우선회(23.1°) 저속 운항
2782,PKG-723 홍시욱,84,538008133,patrolship,10000,2022-12-03 21:25:06+00:00,2022-12-03 21:30:27+00:00,128.8904,34.11141667,144.7,1.65,1.6999999999999886,0.09999999999999987,저속 운항
2783,PKG-723 홍시욱,85,538008133,patrolship,10000,2022-12-03 21:35:08+00:00,2022-12-03 21:36:28+00:00,128.89235,34.10805,172.0,1.0,24.30000000000001,-0.6000000000000001,우선회(24.3°) 저속 운항
2784,PKG-723 홍시욱,86,538008133,patrolship,10000,2022-12-03 21:40:08+00:00,2022-12-03 21:54:28+00:00,128.8924333,34.10628333,179.5,1.25,7.5,0.30000000000000004,저속 운항
2785,PKG-723 홍시욱,87,538008133,patrolship,10000,2022-12-03 21:55:08+00:00,2022-12-03 21:55:08+00:00,128.8926333,34.10135,193.2,1.2,25.299999999999983,-0.10000000000000009,우선회(25.3°) 저속 운항
2786,PKG-723 홍시욱,88,538008133,patrolship,10000,2022-12-03 22:00:07+00:00,2022-12-03 22:00:07+00:00,128.8926833,34.09951667,168.0,1.4,-25.19999999999999,0.19999999999999996,좌선회(25.2°) 저속 운항
2787,PKG-723 홍시욱,89,538008133,patrolship,10000,2022-12-03 22:05:07+00:00,2022-12-03 22:12:32+00:00,128.8931333,34.09746667,171.5,1.4,3.5,0.0,저속 운항
2788,PKG-723 홍시욱,90,538008133,patrolship,10000,2022-12-03 22:15:06+00:00,2022-12-03 22:15:06+00:00,128.8960667,34.09318333,114.5,3.2,-65.1,1.8000000000000003,좌선회(65.1°) 저속 운항
2789,PKG-723 홍시욱,91,538008133,patrolship,10000,2022-12-03 22:18:31+00:00,2022-12-03 22:24:32+00:00,128.8998333,34.09246667,95.0,3.8499999999999996,-19.5,0.5999999999999996,저속 운항
2790,PKG-723 홍시욱,92,538008133,patrolship,10000,2022-12-03 22:25:06+00:00,2022-12-03 22:25:06+00:00,128.90805,34.09468333,48.3,4.4,-34.2,0.5000000000000004,좌선회(34.2°) 저속 운항
2791,PKG-723 홍시욱,93,538008133,patrolship,10000,2022-12-03 22:30:07+00:00,2022-12-03 22:30:31+00:00,128.91145,34.10143333,6.0,6.3,-42.3,1.8999999999999995,좌선회(42.3°) 이동/통과
2792,PKG-723 홍시욱,94,538008133,patrolship,10000,2022-12-03 22:35:06+00:00,2022-12-03 22:54:33+00:00,128.9116167,34.1114,358.2,8.0,-7.800000000000011,1.6000000000000005,이동/통과
2793,PKG-723 홍시욱,95,538008133,patrolship,10000,2022-12-03 22:55:16+00:00,2022-12-03 22:55:16+00:00,128.91185,34.1545,339.0,5.4,-22.899999999999977,-2.5999999999999996,좌선회(22.9°) 감속 이동/통과
2794,PKG-723 홍시욱,96,538008133,patrolship,10000,2022-12-03 23:00:06+00:00,2022-12-03 23:00:33+00:00,128.9115333,34.16075,22.6,3.5,43.60000000000002,-1.9000000000000004,우선회(43.6°) 저속 운항
2795,PKG-723 홍시욱,97,538008133,patrolship,10000,2022-12-03 23:05:06+00:00,2022-12-03 23:06:33+00:00,128.9146333,34.16205,113.6,1.8,91.0,-1.7,우선회(91.0°) 저속 운항
2796,PKG-723 홍시욱,98,538008133,patrolship,10000,2022-12-03 23:10:07+00:00,2022-12-03 23:10:07+00:00,128.9170333,34.1604,136.0,1.8,22.400000000000006,0.0,우선회(22.4°) 저속 운항
2797,PKG-723 홍시욱,99,538008133,patrolship,10000,2022-12-03 23:12:28+00:00,2022-12-04 01:48:45+00:00,128.9183333,34.16,133.0,1.4444444444444444,-3.0,0.19999999999999996,저속 운항
2798,PKG-723 홍시욱,100,538008133,patrolship,10000,2022-12-04 01:50:06+00:00,2022-12-04 01:50:06+00:00,128.9496833,34.10261667,135.7,2.4,-21.600000000000023,0.7999999999999998,좌선회(21.6°) 저속 운항
2799,PKG-723 홍시욱,101,538008133,patrolship,10000,2022-12-04 01:55:06+00:00,2022-12-04 01:55:06+00:00,128.95495,34.1015,78.7,3.9,-56.999999999999986,1.5,좌선회(57.0°) 저속 운항
2800,PKG-723 홍시욱,102,538008133,patrolship,10000,2022-12-04 02:00:00+00:00,2022-12-04 02:00:00+00:00,128.9584833,34.10445,344.8,2.6,-93.89999999999998,-1.2999999999999998,좌선회(93.9°) 저속 운항
2801,PKG-723 홍시욱,103,538008133,patrolship,10000,2022-12-04 02:05:07+00:00,2022-12-04 02:06:47+00:00,128.9537167,34.10818333,317.0,5.1,-27.80000000000001,2.4999999999999996,좌선회(27.8°) 가속 이동/통과
2802,PKG-723 홍시욱,104,538008133,patrolship,10000,2022-12-04 02:10:07+00:00,2022-12-04 02:25:07+00:00,128.9479167,34.11468333,324.2,5.925,7.199999999999989,1.4000000000000004,이동/통과
2803,PKG-723 홍시욱,105,538008133,patrolship,10000,2022-12-04 02:30:07+00:00,2022-12-04 02:30:07+00:00,128.9262333,34.14063333,315.3,4.2,-8.0,-0.8999999999999995,저속 운항
2804,PKG-723 홍시욱,106,538008133,patrolship,10000,2022-12-04 02:35:07+00:00,2022-12-04 02:36:51+00:00,128.9220667,34.14305,287.8,2.3,-27.5,-1.9000000000000004,좌선회(27.5°) 저속 운항
2805,PKG-723 홍시욱,107,538008133,patrolship,10000,2022-12-04 02:40:07+00:00,2022-12-04 02:40:07+00:00,128.9188833,34.14318333,257.4,1.7,-30.400000000000034,-0.5999999999999999,좌선회(30.4°) 저속 운항
2806,PKG-723 홍시욱,108,538008133,patrolship,10000,2022-12-04 02:45:08+00:00,2022-12-04 09:20:06+00:00,128.9164333,34.14233333,240.9,1.8066666666666666,-16.49999999999997,-0.30000000000000004,저속 운항
2807,PKG-723 홍시욱,109,538008133,patrolship,10000,2022-12-04 09:25:06+00:00,2022-12-04 09:25:06+00:00,128.8214167,33.96823333,218.7,1.6,-20.80000000000001,0.20000000000000018,좌선회(20.8°) 저속 운항
2808,PKG-723 홍시욱,110,538008133,patrolship,10000,2022-12-04 09:30:07+00:00,2022-12-04 10:55:29+00:00,128.8197,33.96653333,230.5,1.5210526315789472,11.800000000000011,-0.30000000000000004,저속 운항
2809,PKG-723 홍시욱,111,538008133,patrolship,10000,2022-12-04 11:00:07+00:00,2022-12-04 11:00:07+00:00,128.7938167,33.93525,241.3,2.3,39.70000000000002,0.3999999999999999,우선회(39.7°) 저속 운항
2810,PKG-723 홍시욱,112,538008133,patrolship,10000,2022-12-04 11:05:06+00:00,2022-12-04 11:05:06+00:00,128.7887333,33.93501667,287.2,3.9,45.89999999999998,1.6,우선회(45.9°) 저속 운항
2811,PKG-723 홍시욱,113,538008133,patrolship,10000,2022-12-04 11:07:30+00:00,2022-12-04 11:07:30+00:00,128.7876667,33.93536667,295.0,4.2,7.800000000000011,0.30000000000000027,저속 운항
2812,PKG-723 홍시욱,114,538008133,patrolship,10000,2022-12-04 11:10:06+00:00,2022-12-04 11:10:06+00:00,128.7840333,33.93926667,349.6,4.5,54.60000000000002,0.2999999999999998,우선회(54.6°) 저속 운항
2813,PKG-723 홍시욱,115,538008133,patrolship,10000,2022-12-04 11:15:08+00:00,2022-12-04 11:15:08+00:00,128.7866333,33.9464,30.0,6.4,40.39999999999998,1.9000000000000004,우선회(40.4°) 이동/통과
2814,PKG-723 홍시욱,116,538008133,patrolship,10000,2022-12-04 11:20:08+00:00,2022-12-04 13:19:42+00:00,128.79275,33.95446667,32.4,7.3,2.3999999999999986,0.6999999999999993,이동/통과
2815,PKG-723 홍시욱,117,538008133,patrolship,10000,2022-12-04 13:20:07+00:00,2022-12-04 13:20:07+00:00,128.9325,34.16546667,25.8,2.5,-11.099999999999998,-2.9000000000000004,감속 저속 운항
2816,PKG-723 홍시욱,118,538008133,patrolship,10000,2022-12-04 13:25:06+00:00,2022-12-04 13:25:43+00:00,128.9326333,34.16651667,216.8,0.9,-169.0,-1.6,정박/대기
2817,PKG-723 홍시욱,119,538008133,patrolship,10000,2022-12-04 13:30:07+00:00,2022-12-04 13:43:44+00:00,128.93195,34.16491667,199.3,1.5,-17.5,0.29999999999999993,저속 운항
2818,PKG-723 홍시욱,120,538008133,patrolship,10000,2022-12-04 13:45:06+00:00,2022-12-04 13:49:43+00:00,128.9324667,34.15886667,153.8,1.9,-25.099999999999994,0.19999999999999996,좌선회(25.1°) 저속 운항
2819,PKG-723 홍시욱,121,538008133,patrolship,10000,2022-12-04 13:50:07+00:00,2022-12-04 13:55:43+00:00,128.9336,34.15666667,162.7,1.6,8.899999999999977,-0.2999999999999998,저속 운항
2820,PKG-723 홍시욱,122,538008133,patrolship,10000,2022-12-04 14:00:07+00:00,2022-12-04 14:00:07+00:00,128.9335167,34.15245,227.6,2.0,58.400000000000006,0.3999999999999999,우선회(58.4°) 저속 운항
2821,PKG-723 홍시욱,123,538008133,patrolship,10000,2022-12-04 14:01:58+00:00,2022-12-04 14:19:44+00:00,128.9327667,34.15186667,222.8,1.4500000000000002,-4.799999999999983,-0.5,저속 운항
2822,PKG-723 홍시욱,124,538008133,patrolship,10000,2022-12-04 14:20:06+00:00,2022-12-04 14:20:06+00:00,128.9287167,34.14601667,241.3,1.7,40.30000000000001,0.5999999999999999,우선회(40.3°) 저속 운항
2823,PKG-723 홍시욱,125,538008133,patrolship,10000,2022-12-04 14:25:08+00:00,2022-12-04 14:25:08+00:00,128.9266,34.1448,244.3,1.0,3.0,-0.7,저속 운항
2824,PKG-723 홍시욱,126,538008133,patrolship,10000,2022-12-04 14:30:06+00:00,2022-12-04 14:30:06+00:00,128.9250833,34.14353333,220.3,1.1,-24.0,0.10000000000000009,좌선회(24.0°) 저속 운항
2825,PKG-723 홍시욱,127,538008133,patrolship,10000,2022-12-04 14:32:38+00:00,2022-12-04 14:37:48+00:00,128.9244833,34.1428,209.5,1.4000000000000001,-10.800000000000011,0.5,저속 운항
2826,PKG-723 홍시욱,128,538008133,patrolship,10000,2022-12-04 14:40:07+00:00,2022-12-04 14:40:07+00:00,128.9229167,34.14033333,239.4,1.5,34.400000000000006,0.30000000000000004,우선회(34.4°) 저속 운항
2827,PKG-723 홍시욱,129,538008133,patrolship,10000,2022-12-04 14:43:47+00:00,2022-12-04 14:50:08+00:00,128.9209833,34.13946667,239.4,1.4000000000000001,0.0,0.0,저속 운항
2828,PKG-723 홍시욱,130,538008133,patrolship,10000,2022-12-04 14:55:08+00:00,2022-12-04 14:55:51+00:00,128.9171833,34.13636667,205.8,1.9,-20.299999999999983,0.5,좌선회(20.3°) 저속 운항
2829,PKG-723 홍시욱,131,538008133,patrolship,10000,2022-12-04 15:00:07+00:00,2022-12-04 15:20:07+00:00,128.9160333,34.13458333,218.1,1.7833333333333332,12.299999999999983,-0.19999999999999996,저속 운항
2830,PKG-723 홍시욱,132,538008133,patrolship,10000,2022-12-04 15:25:07+00:00,2022-12-04 15:25:51+00:00,128.90895,34.1251,224.4,1.8,30.099999999999994,-0.09999999999999987,우선회(30.1°) 저속 운항
2831,PKG-723 홍시욱,133,538008133,patrolship,10000,2022-12-04 15:30:07+00:00,2022-12-04 15:37:53+00:00,128.9042833,34.12291667,243.3,2.95,18.900000000000006,1.9000000000000001,저속 운항
2832,PKG-723 홍시욱,134,538008133,patrolship,10000,2022-12-04 15:40:07+00:00,2022-12-04 15:40:07+00:00,128.897,34.11936667,234.8,1.7,-21.69999999999999,-0.5000000000000002,좌선회(21.7°) 저속 운항
2833,PKG-723 홍시욱,135,538008133,patrolship,10000,2022-12-04 15:42:09+00:00,2022-12-04 15:55:52+00:00,128.8966667,34.11833333,235.0,2.0,0.19999999999998863,0.30000000000000004,저속 운항
2834,PKG-723 홍시욱,136,538008133,patrolship,10000,2022-12-04 16:00:08+00:00,2022-12-04 16:00:08+00:00,128.8901,34.11231667,241.3,1.3,31.80000000000001,-1.4999999999999998,우선회(31.8°) 저속 운항
2835,PKG-723 홍시욱,137,538008133,patrolship,10000,2022-12-04 16:05:08+00:00,2022-12-04 16:07:55+00:00,128.8884833,34.1105,218.0,1.3,-23.30000000000001,0.0,좌선회(23.3°) 저속 운항
2836,PKG-723 홍시욱,138,538008133,patrolship,10000,2022-12-04 16:10:07+00:00,2022-12-04 16:15:07+00:00,128.8872333,34.10841667,206.1,1.9000000000000001,-11.900000000000006,0.0,저속 운항
2837,PKG-723 홍시욱,139,538008133,patrolship,10000,2022-12-04 16:20:37+00:00,2022-12-04 16:20:37+00:00,128.8852833,34.1036,219.8,2.5,24.100000000000023,0.2999999999999998,우선회(24.1°) 저속 운항
2838,PKG-723 홍시욱,140,538008133,patrolship,10000,2022-12-04 16:25:17+00:00,2022-12-04 16:37:57+00:00,128.88285,34.10168333,216.0,2.2333333333333334,-3.8000000000000114,-0.2999999999999998,저속 운항
2839,PKG-723 홍시욱,141,538008133,patrolship,10000,2022-12-04 16:40:06+00:00,2022-12-04 16:40:06+00:00,128.8775,34.09486667,243.2,3.2,46.099999999999994,0.6000000000000001,우선회(46.1°) 저속 운항
2840,PKG-723 홍시욱,142,538008133,patrolship,10000,2022-12-04 16:43:58+00:00,2022-12-04 17:02:00+00:00,128.8762833,34.09428333,236.0,2.56,-7.199999999999989,0.2999999999999998,저속 운항
2841,PKG-723 홍시욱,143,538008133,patrolship,10000,2022-12-04 17:05:08+00:00,2022-12-04 17:08:01+00:00,128.8629833,34.08298333,229.3,3.3,23.700000000000017,0.8999999999999999,우선회(23.7°) 저속 운항
2842,PKG-723 홍시욱,144,538008133,patrolship,10000,2022-12-04 17:10:08+00:00,2022-12-04 17:15:06+00:00,128.8594333,34.08085,229.2,2.1,-0.10000000000002274,-0.8999999999999999,저속 운항
2843,PKG-723 홍시욱,145,538008133,patrolship,10000,2022-12-04 17:15:21+00:00,2022-12-04 17:15:21+00:00,128.8566667,34.07833333,208.0,3.0,-31.69999999999999,1.4,좌선회(31.7°) 저속 운항
2844,PKG-723 홍시욱,146,538008133,patrolship,10000,2022-12-04 17:20:07+00:00,2022-12-04 17:30:16+00:00,128.85475,34.07641667,221.7,1.7666666666666666,13.699999999999989,-1.4,저속 운항
2845,PKG-723 홍시욱,147,538008133,patrolship,10000,2022-12-04 17:35:07+00:00,2022-12-04 17:38:03+00:00,128.8485833,34.06895,239.4,3.1,32.099999999999994,1.3,우선회(32.1°) 저속 운항
2846,PKG-723 홍시욱,148,538008133,patrolship,10000,2022-12-04 17:40:07+00:00,2022-12-04 17:50:06+00:00,128.8446833,34.06646667,230.0,2.6999999999999997,-9.400000000000006,-0.5,저속 운항
2847,PKG-723 홍시욱,149,538008133,patrolship,10000,2022-12-04 17:55:08+00:00,2022-12-04 17:56:04+00:00,128.8371,34.0592,256.0,0.9,47.80000000000001,-2.0,정박/대기
2848,PKG-723 홍시욱,150,538008133,patrolship,10000,2022-12-04 18:00:08+00:00,2022-12-04 18:00:08+00:00,128.8352667,34.0566,205.8,2.1,-50.19999999999999,1.2000000000000002,좌선회(50.2°) 저속 운항
2849,PKG-723 홍시욱,151,538008133,patrolship,10000,2022-12-04 18:05:08+00:00,2022-12-04 18:05:08+00:00,128.8303333,34.05403333,243.0,3.8,37.19999999999999,1.6999999999999997,우선회(37.2°) 저속 운항
2850,PKG-723 홍시욱,152,538008133,patrolship,10000,2022-12-04 18:10:08+00:00,2022-12-04 18:26:06+00:00,128.8256667,34.05143333,232.4,3.033333333333333,-10.599999999999994,-0.7999999999999998,저속 운항
2851,PKG-723 홍시욱,153,538008133,patrolship,10000,2022-12-04 18:30:06+00:00,2022-12-04 18:30:06+00:00,128.8104667,34.0425,286.5,4.4,68.19999999999999,0.5000000000000004,우선회(68.2°) 저속 운항
2852,PKG-723 홍시욱,154,538008133,patrolship,10000,2022-12-04 18:35:06+00:00,2022-12-04 18:35:06+00:00,128.8052,34.04613333,348.6,3.7,62.10000000000002,-0.7000000000000002,우선회(62.1°) 저속 운항
2853,PKG-723 홍시욱,155,538008133,patrolship,10000,2022-12-04 18:38:06+00:00,2022-12-04 18:38:06+00:00,128.8060167,34.04823333,40.0,4.0,51.39999999999998,0.2999999999999998,우선회(51.4°) 저속 운항
2854,PKG-723 홍시욱,156,538008133,patrolship,10000,2022-12-04 18:40:06+00:00,2022-12-04 20:14:14+00:00,128.8092333,34.05076667,50.2,6.3500000000000005,10.200000000000003,1.2000000000000002,이동/통과
2855,PKG-723 홍시욱,157,538008133,patrolship,10000,2022-12-04 20:15:08+00:00,2022-12-04 20:15:08+00:00,128.95305,34.16651667,101.0,5.7,52.2,-0.2999999999999998,우선회(52.2°) 이동/통과
2856,PKG-723 홍시욱,158,538008133,patrolship,10000,2022-12-04 20:20:07+00:00,2022-12-04 20:20:15+00:00,128.9602833,34.16191667,152.4,6.0,51.400000000000006,0.2999999999999998,우선회(51.4°) 이동/통과
2857,PKG-723 홍시욱,159,538008133,patrolship,10000,2022-12-04 20:25:07+00:00,2022-12-04 20:26:16+00:00,128.9616833,34.15338333,186.5,6.5,34.099999999999994,0.5,우선회(34.1°) 이동/통과
2858,PKG-723 홍시욱,160,538008133,patrolship,10000,2022-12-04 20:30:07+00:00,2022-12-04 20:38:18+00:00,128.95855,34.14426667,201.1,7.25,14.599999999999994,0.5999999999999996,이동/통과
2859,PKG-723 홍시욱,161,538008133,patrolship,10000,2022-12-04 20:40:08+00:00,2022-12-04 20:40:08+00:00,128.9462,34.12818333,242.2,5.8,37.39999999999998,-1.6000000000000005,우선회(37.4°) 이동/통과
2860,PKG-723 홍시욱,162,538008133,patrolship,10000,2022-12-04 20:44:18+00:00,2022-12-04 20:56:20+00:00,128.9431167,34.12705,249.0,2.85,6.800000000000011,-1.3999999999999995,저속 운항
2861,PKG-723 홍시욱,163,538008133,patrolship,10000,2022-12-04 21:00:06+00:00,2022-12-04 21:00:06+00:00,128.9308833,34.11983333,213.2,1.7,-21.100000000000023,0.0,좌선회(21.1°) 저속 운항
2862,PKG-723 홍시욱,164,538008133,patrolship,10000,2022-12-04 21:05:07+00:00,2022-12-04 21:15:08+00:00,128.9294667,34.1176,200.5,2.175,-12.699999999999989,0.8,저속 운항
2863,PKG-723 홍시욱,165,538008133,patrolship,10000,2022-12-04 21:20:08+00:00,2022-12-04 21:20:21+00:00,128.92485,34.11066667,234.3,2.2,42.70000000000002,-0.09999999999999964,우선회(42.7°) 저속 운항
2864,PKG-723 홍시욱,166,538008133,patrolship,10000,2022-12-04 21:25:07+00:00,2022-12-04 21:26:21+00:00,128.9224167,34.10858333,213.5,2.3,-20.80000000000001,0.09999999999999964,좌선회(20.8°) 저속 운항
2865,PKG-723 홍시욱,167,538008133,patrolship,10000,2022-12-04 21:30:07+00:00,2022-12-04 21:56:25+00:00,128.9207667,34.10646667,206.4,1.8666666666666665,-7.099999999999994,-0.4999999999999998,저속 운항
2866,PKG-723 홍시욱,168,538008133,patrolship,10000,2022-12-04 22:00:07+00:00,2022-12-04 22:00:07+00:00,128.911,34.09223333,230.1,2.7,30.099999999999994,0.8000000000000003,우선회(30.1°) 저속 운항
2867,PKG-723 홍시욱,169,538008133,patrolship,10000,2022-12-04 22:05:06+00:00,2022-12-04 22:05:06+00:00,128.9058,34.0916,289.0,3.5,58.900000000000006,0.7999999999999998,우선회(58.9°) 저속 운항
2868,PKG-723 홍시욱,170,538008133,patrolship,10000,2022-12-04 22:08:27+00:00,2022-12-04 22:08:27+00:00,128.9047833,34.09185,291.0,3.8,2.0,0.2999999999999998,저속 운항
2869,PKG-723 홍시욱,171,538008133,patrolship,10000,2022-12-04 22:10:07+00:00,2022-12-04 22:10:07+00:00,128.9008333,34.09538333,345.9,4.5,54.89999999999998,0.7000000000000002,우선회(54.9°) 저속 운항
2870,PKG-723 홍시욱,172,538008133,patrolship,10000,2022-12-04 22:10:10+00:00,2022-12-04 22:14:27+00:00,128.9016667,34.095,346.0,5.0,0.10000000000002274,0.5,이동/통과
2871,PKG-723 홍시욱,173,538008133,patrolship,10000,2022-12-04 22:15:06+00:00,2022-12-04 22:15:06+00:00,128.9033,34.10211667,38.0,5.9,52.0,0.9000000000000004,우선회(52.0°) 이동/통과
2872,PKG-723 홍시욱,174,538008133,patrolship,10000,2022-12-04 22:20:06+00:00,2022-12-04 22:20:26+00:00,128.90585,34.10935,0.5,5.7,-37.5,-0.20000000000000018,좌선회(37.5°) 이동/통과
2873,PKG-723 홍시욱,175,538008133,patrolship,10000,2022-12-04 22:25:06+00:00,2022-12-04 22:26:28+00:00,128.90905,34.11793333,31.9,7.2,31.4,1.5,우선회(31.4°) 이동/통과
2874,PKG-723 홍시욱,176,538008133,patrolship,10000,2022-12-04 22:30:08+00:00,2022-12-04 22:50:27+00:00,128.9162667,34.12658333,35.4,7.757142857142857,3.5,0.39999999999999947,이동/통과
2875,PKG-723 홍시욱,177,538008133,patrolship,10000,2022-12-04 22:55:06+00:00,2022-12-04 22:56:29+00:00,128.9535833,34.16905,44.8,5.4,9.5,-2.0999999999999996,감속 이동/통과
2876,PKG-723 홍시욱,178,538008133,patrolship,10000,2022-12-04 23:00:03+00:00,2022-12-04 23:00:03+00:00,128.9546,34.17353333,292.7,2.4,-112.10000000000002,-3.0000000000000004,좌선회(112.1°) 감속 저속 운항
2877,PKG-723 홍시욱,179,538008133,patrolship,10000,2022-12-04 23:05:07+00:00,2022-12-04 23:08:29+00:00,128.9515167,34.17311667,241.1,1.9,-51.599999999999994,-0.5,좌선회(51.6°) 저속 운항
2878,PKG-723 홍시욱,180,538008133,patrolship,10000,2022-12-04 23:10:07+00:00,2022-12-04 23:15:06+00:00,128.9488,34.17165,231.3,1.75,-9.799999999999983,0.10000000000000009,저속 운항
2879,PKG-723 홍시욱,181,538008133,patrolship,10000,2022-12-04 23:20:07+00:00,2022-12-04 23:20:30+00:00,128.9449833,34.16883333,204.7,2.3,-23.400000000000006,0.7999999999999998,좌선회(23.4°) 저속 운항
2880,PKG-723 홍시욱,182,538008133,patrolship,10000,2022-12-04 23:25:06+00:00,2022-12-04 23:45:07+00:00,128.9437,34.16738333,206.4,1.3833333333333335,1.700000000000017,-0.6999999999999997,저속 운항
2881,PKG-723 홍시욱,183,538008133,patrolship,10000,2022-12-04 23:49:26+00:00,2022-12-04 23:50:07+00:00,128.9366667,34.16,211.0,1.35,-27.80000000000001,0.8999999999999999,좌선회(27.8°) 저속 운항
2882,PKG-723 홍시욱,184,538008133,patrolship,10000,2022-12-04 23:55:07+00:00,2022-12-05 00:00:07+00:00,128.93565,34.1588,238.8,0.6000000000000001,16.80000000000001,0.10000000000000009,정박/대기
2883,PKG-723 홍시욱,185,538008133,patrolship,10000,2022-12-05 00:05:07+00:00,2022-12-05 00:08:32+00:00,128.9334167,34.15611667,219.2,1.1,-74.90000000000003,0.7000000000000001,좌선회(74.9°) 저속 운항
2884,PKG-723 홍시욱,186,538008133,patrolship,10000,2022-12-05 00:10:07+00:00,2022-12-05 00:10:07+00:00,128.93245,34.1545,209.5,0.9,-9.699999999999989,-0.20000000000000007,정박/대기
2885,PKG-723 홍시욱,187,538008133,patrolship,10000,2022-12-05 00:15:06+00:00,2022-12-05 00:56:34+00:00,128.9317333,34.15261667,194.2,1.4444444444444444,-15.300000000000011,0.7000000000000001,저속 운항
2886,PKG-723 홍시욱,188,538008133,patrolship,10000,2022-12-05 01:00:06+00:00,2022-12-05 01:00:06+00:00,128.9238833,34.13836667,312.0,0.2,102.0,-0.9000000000000001,정박/대기
2887,PKG-723 홍시욱,189,538008133,patrolship,10000,2022-12-05 01:05:06+00:00,2022-12-05 01:05:06+00:00,128.9229,34.13693333,205.2,2.7,-106.80000000000001,2.5,좌선회(106.8°) 가속 저속 운항
2888,PKG-723 홍시욱,190,538008133,patrolship,10000,2022-12-05 01:10:07+00:00,2022-12-05 01:20:36+00:00,128.92195,34.1354,205.0,1.7333333333333334,-0.19999999999998863,-0.20000000000000018,저속 운항
2889,PKG-723 홍시욱,191,538008133,patrolship,10000,2022-12-05 01:25:07+00:00,2022-12-05 01:30:07+00:00,128.9204167,34.13086667,193.2,0.8,5.599999999999994,-0.29999999999999993,정박/대기
2890,PKG-723 홍시욱,192,538008133,patrolship,10000,2022-12-05 01:35:07+00:00,2022-12-05 01:38:38+00:00,128.9193833,34.12798333,198.0,1.1,-12.400000000000006,0.40000000000000013,저속 운항
2891,PKG-723 홍시욱,193,538008133,patrolship,10000,2022-12-05 01:40:06+00:00,2022-12-05 01:55:06+00:00,128.91865,34.12636667,197.7,0.475,-0.30000000000001137,-0.20000000000000007,정박/대기
2892,PKG-723 홍시욱,194,538008133,patrolship,10000,2022-12-05 02:00:08+00:00,2022-12-05 02:00:08+00:00,128.9162,34.11921667,186.8,1.4,-63.89999999999998,1.2,좌선회(63.9°) 저속 운항
2893,PKG-723 홍시욱,195,538008133,patrolship,10000,2022-12-05 02:05:06+00:00,2022-12-05 02:14:38+00:00,128.9157,34.11738333,221.8,0.43333333333333335,35.0,-0.9999999999999999,정박/대기
2894,PKG-723 홍시욱,196,538008133,patrolship,10000,2022-12-05 02:15:06+00:00,2022-12-05 02:20:16+00:00,128.9140667,34.1138,200.5,1.15,-14.5,0.6000000000000001,저속 운항
2895,PKG-723 홍시욱,197,538008133,patrolship,10000,2022-12-05 02:25:06+00:00,2022-12-05 02:30:07+00:00,128.9124833,34.10995,324.1,0.25,116.30000000000001,-0.9,정박/대기
2896,PKG-723 홍시욱,198,538008133,patrolship,10000,2022-12-05 02:35:06+00:00,2022-12-05 02:38:43+00:00,128.9105,34.10676667,202.1,2.3,-70.00000000000003,1.9,좌선회(70.0°) 저속 운항
2897,PKG-723 홍시욱,199,538008133,patrolship,10000,2022-12-05 02:40:07+00:00,2022-12-05 02:44:42+00:00,128.9096167,34.10538333,207.5,0.9,5.400000000000006,-1.4,정박/대기
2898,PKG-723 홍시욱,200,538008133,patrolship,10000,2022-12-05 02:45:07+00:00,2022-12-05 02:45:07+00:00,128.9088167,34.10403333,201.5,2.1,-6.0,1.2000000000000002,저속 운항
2899,PKG-723 홍시욱,201,538008133,patrolship,10000,2022-12-05 02:50:16+00:00,2022-12-05 02:50:41+00:00,128.9079,34.10258333,276.0,0.4,74.5,-1.7000000000000002,정박/대기
2900,PKG-723 홍시욱,202,538008133,patrolship,10000,2022-12-05 02:55:07+00:00,2022-12-05 02:56:42+00:00,128.9069667,34.10096667,203.5,1.6,-72.5,1.2000000000000002,좌선회(72.5°) 저속 운항
2901,PKG-723 홍시욱,203,538008133,patrolship,10000,2022-12-05 03:00:07+00:00,2022-12-05 03:15:07+00:00,128.90615,34.09928333,212.2,1.125,8.699999999999989,-0.6000000000000001,저속 운항
2902,PKG-723 홍시욱,204,538008133,patrolship,10000,2022-12-05 03:20:07+00:00,2022-12-05 03:20:46+00:00,128.9021833,34.09281667,212.0,0.9,1.0999999999999943,-0.4,정박/대기
2903,PKG-723 홍시욱,205,538008133,patrolship,10000,2022-12-05 03:25:07+00:00,2022-12-05 04:30:17+00:00,128.9013167,34.09091667,193.5,1.4428571428571428,-18.5,0.9,저속 운항
2904,PKG-723 홍시욱,206,538008133,patrolship,10000,2022-12-05 04:35:07+00:00,2022-12-05 04:38:52+00:00,128.8933333,34.06618333,201.4,0.7,8.700000000000017,-0.7,정박/대기
2905,PKG-723 홍시욱,207,538008133,patrolship,10000,2022-12-05 04:40:08+00:00,2022-12-05 05:14:53+00:00,128.89315,34.06433333,191.2,1.3,-10.200000000000017,0.40000000000000013,저속 운항
2906,PKG-723 홍시욱,208,538008133,patrolship,10000,2022-12-05 05:15:07+00:00,2022-12-05 05:15:07+00:00,128.8914667,34.05115,200.5,0.8,12.5,-0.5999999999999999,정박/대기
2907,PKG-723 홍시욱,209,538008133,patrolship,10000,2022-12-05 05:17:17+00:00,2022-12-05 11:03:24+00:00,128.8916667,34.05,185.0,1.552364864864865,-15.5,0.19999999999999996,저속 운항
2908,PKG-723 홍시욱,210,538008133,patrolship,10000,2022-12-05 11:05:16+00:00,2022-12-05 11:09:24+00:00,128.8892333,33.90391667,250.2,2.9,80.5,1.2,우선회(80.5°) 저속 운항
2909,PKG-723 홍시욱,211,538008133,patrolship,10000,2022-12-05 11:10:07+00:00,2022-12-05 11:10:07+00:00,128.8840667,33.90558333,327.4,3.9,77.19999999999999,1.0,우선회(77.2°) 저속 운항
2910,PKG-723 홍시욱,212,538008133,patrolship,10000,2022-12-05 11:15:07+00:00,2022-12-05 11:15:27+00:00,128.8845833,33.91215,15.3,5.9,47.900000000000034,2.0000000000000004,우선회(47.9°) 가속 이동/통과
2911,PKG-723 홍시욱,213,538008133,patrolship,10000,2022-12-05 11:20:07+00:00,2022-12-05 13:33:39+00:00,128.8864,33.92078333,7.3,7.408571428571429,-8.0,0.7999999999999998,이동/통과
2912,PKG-723 홍시욱,214,538008133,patrolship,10000,2022-12-05 13:35:07+00:00,2022-12-05 13:35:07+00:00,128.9605,34.18266667,8.2,1.6,-22.900000000000002,-4.5,좌선회(22.9°) 감속 저속 운항
2913,PKG-723 홍시욱,215,538008133,patrolship,10000,2022-12-05 13:39:37+00:00,2022-12-05 13:39:37+00:00,128.9605333,34.18295,8.2,1.6,0.0,0.0,저속 운항
2914,PKG-723 홍시욱,216,538008133,patrolship,10000,2022-12-05 13:40:06+00:00,2022-12-05 13:40:06+00:00,128.9605333,34.18283333,177.8,1.2,169.60000000000002,-0.40000000000000013,우선회(169.6°) 저속 운항
2915,PKG-723 홍시욱,217,538008133,patrolship,10000,2022-12-05 13:45:07+00:00,2022-12-05 13:45:38+00:00,128.9608667,34.18133333,159.0,1.0,-18.80000000000001,-0.19999999999999996,저속 운항
2916,PKG-723 홍시욱,218,538008133,patrolship,10000,2022-12-05 13:50:06+00:00,2022-12-05 13:51:38+00:00,128.9611,34.17943333,219.7,1.7,60.69999999999999,0.7,우선회(60.7°) 저속 운항
2917,PKG-723 홍시욱,219,538008133,patrolship,10000,2022-12-05 13:55:06+00:00,2022-12-05 13:57:39+00:00,128.9602333,34.17741667,192.6,1.1,-27.099999999999994,-0.5999999999999999,좌선회(27.1°) 저속 운항
2918,PKG-723 홍시욱,220,538008133,patrolship,10000,2022-12-05 14:00:07+00:00,2022-12-05 14:00:07+00:00,128.9604,34.17551667,169.7,1.4,-22.900000000000006,0.2999999999999998,좌선회(22.9°) 저속 운항
2919,PKG-723 홍시욱,221,538008133,patrolship,10000,2022-12-05 14:03:41+00:00,2022-12-05 14:09:38+00:00,128.9606667,34.17448333,167.0,1.3499999999999999,-2.6999999999999886,-0.19999999999999996,저속 운항
2920,PKG-723 홍시욱,222,538008133,patrolship,10000,2022-12-05 14:10:08+00:00,2022-12-05 14:10:08+00:00,128.9613333,34.17151667,203.8,1.8,38.80000000000001,0.40000000000000013,우선회(38.8°) 저속 운항
2921,PKG-723 홍시욱,223,538008133,patrolship,10000,2022-12-05 14:15:08+00:00,2022-12-05 14:45:43+00:00,128.9605333,34.16965,188.5,1.6624999999999999,-15.300000000000011,-0.30000000000000004,저속 운항
2922,PKG-723 홍시욱,224,538008133,patrolship,10000,2022-12-05 14:50:06+00:00,2022-12-05 14:51:44+00:00,128.9581833,34.15476667,204.7,1.8,21.899999999999977,0.10000000000000009,우선회(21.9°) 저속 운항
2923,PKG-723 홍시욱,225,538008133,patrolship,10000,2022-12-05 14:55:07+00:00,2022-12-05 15:09:46+00:00,128.9565833,34.1528,197.8,1.6600000000000001,-6.899999999999977,0.09999999999999987,저속 운항
2924,PKG-723 홍시욱,226,538008133,patrolship,10000,2022-12-05 15:10:06+00:00,2022-12-05 15:10:06+00:00,128.9546333,34.14606667,219.4,2.4,32.5,0.5999999999999999,우선회(32.5°) 저속 운항
2925,PKG-723 홍시욱,227,538008133,patrolship,10000,2022-12-05 15:15:06+00:00,2022-12-05 15:15:47+00:00,128.9510333,34.14451667,241.3,2.1,21.900000000000006,-0.2999999999999998,우선회(21.9°) 저속 운항
2926,PKG-723 홍시욱,228,538008133,patrolship,10000,2022-12-05 15:20:08+00:00,2022-12-05 15:21:46+00:00,128.9488833,34.14275,220.1,1.6,-21.200000000000017,-0.5,좌선회(21.2°) 저속 운항
2927,PKG-723 홍시욱,229,538008133,patrolship,10000,2022-12-05 15:25:07+00:00,2022-12-05 15:33:47+00:00,128.9476833,34.14053333,201.0,1.6333333333333335,-19.099999999999994,-0.10000000000000009,저속 운항
2928,PKG-723 홍시욱,230,538008133,patrolship,10000,2022-12-05 15:35:07+00:00,2022-12-05 15:39:47+00:00,128.9468333,34.13578333,211.2,2.0,30.19999999999999,0.10000000000000009,우선회(30.2°) 저속 운항
2929,PKG-723 홍시욱,231,538008133,patrolship,10000,2022-12-05 15:40:07+00:00,2022-12-05 15:40:07+00:00,128.9433333,34.13336667,235.4,2.3,24.200000000000017,0.2999999999999998,우선회(24.2°) 저속 운항
2930,PKG-723 홍시욱,232,538008133,patrolship,10000,2022-12-05 15:45:07+00:00,2022-12-05 15:45:48+00:00,128.9408167,34.13128333,210.4,2.3,-25.0,0.0,좌선회(25.0°) 저속 운항
2931,PKG-723 홍시욱,233,538008133,patrolship,10000,2022-12-05 15:50:07+00:00,2022-12-05 15:57:47+00:00,128.9392833,34.12911667,202.3,2.0,-8.099999999999994,-0.2999999999999998,저속 운항
2932,PKG-723 홍시욱,234,538008133,patrolship,10000,2022-12-05 16:00:06+00:00,2022-12-05 16:00:06+00:00,128.9365667,34.12458333,236.9,2.3,45.30000000000001,0.2999999999999998,우선회(45.3°) 저속 운항
2933,PKG-723 홍시욱,235,538008133,patrolship,10000,2022-12-05 16:03:48+00:00,2022-12-05 16:15:53+00:00,128.9346333,34.12313333,224.0,1.92,-12.900000000000006,-0.3999999999999999,저속 운항
2934,PKG-723 홍시욱,236,538008133,patrolship,10000,2022-12-05 16:20:07+00:00,2022-12-05 16:21:49+00:00,128.9299,34.11596667,227.4,2.5,24.400000000000006,0.5,우선회(24.4°) 저속 운항
2935,PKG-723 홍시욱,237,538008133,patrolship,10000,2022-12-05 16:25:08+00:00,2022-12-05 16:25:08+00:00,128.9245167,34.11435,255.9,4.3,28.5,1.7999999999999998,우선회(28.5°) 저속 운항
2936,PKG-723 홍시욱,238,538008133,patrolship,10000,2022-12-05 16:30:08+00:00,2022-12-05 16:33:52+00:00,128.9176167,34.11506667,288.5,4.2,32.599999999999994,-0.09999999999999964,우선회(32.6°) 저속 운항
2937,PKG-723 홍시욱,239,538008133,patrolship,10000,2022-12-05 16:35:07+00:00,2022-12-05 16:39:52+00:00,128.9117667,34.11713333,274.2,3.1,-14.300000000000011,-1.1,저속 운항
2938,PKG-723 홍시욱,240,538008133,patrolship,10000,2022-12-05 16:40:07+00:00,2022-12-05 16:40:07+00:00,128.9078,34.11625,241.4,2.1,-32.79999999999998,-1.0,좌선회(32.8°) 저속 운항
2939,PKG-723 홍시욱,241,538008133,patrolship,10000,2022-12-05 16:45:06+00:00,2022-12-05 16:45:52+00:00,128.90555,34.11445,210.3,1.8,-31.099999999999994,-0.30000000000000004,좌선회(31.1°) 저속 운항
2940,PKG-723 홍시욱,242,538008133,patrolship,10000,2022-12-05 16:50:06+00:00,2022-12-05 17:40:06+00:00,128.90435,34.11203333,197.6,2.4,-12.700000000000017,0.40000000000000013,저속 운항
2941,PKG-723 홍시욱,243,538008133,patrolship,10000,2022-12-05 17:45:28+00:00,2022-12-05 17:45:56+00:00,128.8947667,34.07541667,212.8,3.0,28.5,0.10000000000000009,우선회(28.5°) 저속 운항
2942,PKG-723 홍시욱,244,538008133,patrolship,10000,2022-12-05 17:50:07+00:00,2022-12-05 18:15:07+00:00,128.8928,34.07233333,200.2,2.85,-12.600000000000023,-0.2999999999999998,저속 운항
2943,PKG-723 홍시욱,245,538008133,patrolship,10000,2022-12-05 18:20:06+00:00,2022-12-05 18:20:06+00:00,128.8845,34.05166667,220.3,2.8,26.100000000000023,-0.10000000000000009,우선회(26.1°) 저속 운항
2944,PKG-723 홍시욱,246,538008133,patrolship,10000,2022-12-05 18:22:02+00:00,2022-12-05 18:28:01+00:00,128.8832,34.05065,235.0,3.1333333333333333,14.699999999999989,0.7000000000000002,저속 운항
2945,PKG-723 홍시욱,247,538008133,patrolship,10000,2022-12-05 18:30:15+00:00,2022-12-05 18:34:02+00:00,128.87675,34.04625,215.6,2.7,-21.400000000000006,-0.2999999999999998,좌선회(21.4°) 저속 운항
2946,PKG-723 홍시욱,248,538008133,patrolship,10000,2022-12-05 18:35:17+00:00,2022-12-05 18:40:08+00:00,128.8748833,34.04295,200.4,2.6999999999999997,-15.199999999999989,0.0,저속 운항
2947,PKG-723 홍시욱,249,538008133,patrolship,10000,2022-12-05 18:45:17+00:00,2022-12-05 18:46:02+00:00,128.8715,34.03608333,225.3,3.3,28.0,0.5,우선회(28.0°) 저속 운항
2948,PKG-723 홍시욱,250,538008133,patrolship,10000,2022-12-05 18:50:06+00:00,2022-12-05 19:04:05+00:00,128.8686,34.03311667,213.7,2.4,-11.600000000000023,-0.5999999999999996,저속 운항
2949,PKG-723 홍시욱,251,538008133,patrolship,10000,2022-12-05 19:05:07+00:00,2022-12-05 19:05:07+00:00,128.8618667,34.02333333,241.6,3.6,37.599999999999994,1.3000000000000003,우선회(37.6°) 저속 운항
2950,PKG-723 홍시욱,252,538008133,patrolship,10000,2022-12-05 19:10:07+00:00,2022-12-05 19:10:07+00:00,128.8560333,34.02178333,252.0,3.3,10.400000000000006,-0.30000000000000027,저속 운항
2951,PKG-723 홍시욱,253,538008133,patrolship,10000,2022-12-05 19:15:06+00:00,2022-12-05 19:16:05+00:00,128.8524333,34.01995,226.8,2.2,-25.19999999999999,-1.0999999999999996,좌선회(25.2°) 저속 운항
2952,PKG-723 홍시욱,254,538008133,patrolship,10000,2022-12-05 19:20:06+00:00,2022-12-05 21:00:06+00:00,128.8501833,34.01721667,207.3,2.361904761904762,-19.5,0.2999999999999998,저속 운항
2953,PKG-723 홍시욱,255,538008133,patrolship,10000,2022-12-05 21:01:37+00:00,2022-12-05 21:04:13+00:00,128.83,33.95333333,210.0,3.0,30.19999999999999,0.7000000000000002,우선회(30.2°) 저속 운항
2954,PKG-723 홍시욱,256,538008133,patrolship,10000,2022-12-05 21:05:06+00:00,2022-12-05 21:05:06+00:00,128.8270667,33.95055,229.4,4.4,19.400000000000006,1.4000000000000004,저속 운항
2955,PKG-723 홍시욱,257,538008133,patrolship,10000,2022-12-05 21:10:06+00:00,2022-12-05 21:16:16+00:00,128.8203333,33.94565,232.5,6.1000000000000005,3.0999999999999943,1.3999999999999995,이동/통과
2956,PKG-723 홍시욱,258,538008133,patrolship,10000,2022-12-05 21:20:07+00:00,2022-12-05 21:22:16+00:00,128.8015333,33.93706667,259.8,7.2,26.200000000000017,0.7000000000000002,우선회(26.2°) 이동/통과
2957,PKG-723 홍시욱,259,538008133,patrolship,10000,2022-12-05 21:25:07+00:00,2022-12-05 21:28:16+00:00,128.7898,33.93616667,278.9,6.9,19.099999999999966,-0.2999999999999998,이동/통과
2958,PKG-723 홍시욱,260,538008133,patrolship,10000,2022-12-05 21:30:06+00:00,2022-12-05 21:34:18+00:00,128.7817167,33.94088333,339.0,5.599999999999999,60.10000000000002,-1.3000000000000007,우선회(60.1°) 이동/통과
2959,PKG-723 홍시욱,261,538008133,patrolship,10000,2022-12-05 21:35:06+00:00,2022-12-05 21:35:06+00:00,128.7815167,33.9496,9.9,7.1,30.899999999999977,1.5,우선회(30.9°) 이동/통과
2960,PKG-723 홍시욱,262,538008133,patrolship,10000,2022-12-05 21:40:07+00:00,2022-12-05 23:10:05+00:00,128.7838167,33.95926667,11.3,8.017391304347827,1.4000000000000004,-0.09999999999999964,이동/통과
2961,PKG-723 홍시욱,263,538008133,patrolship,10000,2022-12-05 23:15:06+00:00,2022-12-05 23:15:14+00:00,128.9089833,34.13451667,44.0,5.2,-5.600000000000001,-2.8,감속 이동/통과
2962,PKG-723 홍시욱,264,538008133,patrolship,10000,2022-12-05 23:20:08+00:00,2022-12-05 23:21:11+00:00,128.9133833,34.13875,40.7,3.1,-3.299999999999997,-2.1,감속 저속 운항
2963,PKG-723 홍시욱,265,538008133,patrolship,10000,2022-12-05 23:25:08+00:00,2022-12-05 23:25:08+00:00,128.91615,34.14218333,15.4,3.0,-25.300000000000004,-0.10000000000000009,좌선회(25.3°) 저속 운항
2964,PKG-723 홍시욱,266,538008133,patrolship,10000,2022-12-05 23:30:08+00:00,2022-12-05 23:33:15+00:00,128.9169333,34.14483333,12.1,1.1,-3.3000000000000007,-1.9,저속 운항
2965,PKG-723 홍시욱,267,538008133,patrolship,10000,2022-12-05 23:35:00+00:00,2022-12-05 23:35:00+00:00,128.9175,34.14555,74.3,0.5,62.199999999999996,-0.6000000000000001,정박/대기
2966,PKG-723 홍시욱,268,538008133,patrolship,10000,2022-12-05 23:40:01+00:00,2022-12-05 23:40:01+00:00,128.9183167,34.14495,148.0,1.1,73.7,0.6000000000000001,우선회(73.7°) 저속 운항
2967,PKG-723 홍시욱,269,538008133,patrolship,10000,2022-12-05 23:45:13+00:00,2022-12-05 23:45:13+00:00,128.9198333,34.14396667,125.6,1.3,-22.400000000000006,0.19999999999999996,좌선회(22.4°) 저속 운항
2968,PKG-723 홍시욱,270,538008133,patrolship,10000,2022-12-05 23:50:04+00:00,2022-12-05 23:51:15+00:00,128.9215167,34.14356667,103.6,1.0,-22.0,-0.30000000000000004,좌선회(22.0°) 저속 운항
2969,PKG-723 홍시욱,271,538008133,patrolship,10000,2022-12-05 23:55:19+00:00,2022-12-06 00:09:18+00:00,128.9231833,34.14346667,82.5,0.8666666666666667,-21.099999999999994,-0.19999999999999996,정박/대기
2970,PKG-723 홍시욱,272,538008133,patrolship,10000,2022-12-06 00:10:11+00:00,2022-12-06 00:21:21+00:00,128.9275167,34.14431667,78.7,1.0,1.9000000000000057,0.09999999999999998,저속 운항
2971,PKG-723 홍시욱,273,538008133,patrolship,10000,2022-12-06 00:25:05+00:00,2022-12-06 00:34:33+00:00,128.9324833,34.14478333,97.5,0.65,10.700000000000003,-0.09999999999999998,정박/대기
2972,PKG-723 홍시욱,274,538008133,patrolship,10000,2022-12-06 00:35:08+00:00,2022-12-06 00:41:21+00:00,128.9314,34.1436,234.4,1.3666666666666665,9.200000000000017,1.5,저속 운항
2973,PKG-723 홍시욱,275,538008133,patrolship,10000,2022-12-06 00:45:06+00:00,2022-12-06 00:46:57+00:00,128.9289,34.14055,188.2,1.2,-25.80000000000001,0.19999999999999996,좌선회(25.8°) 저속 운항
2974,PKG-723 홍시욱,276,538008133,patrolship,10000,2022-12-06 00:50:06+00:00,2022-12-06 00:50:06+00:00,128.9288667,34.13908333,178.9,0.9,-9.299999999999983,-0.29999999999999993,정박/대기
2975,PKG-723 홍시욱,277,538008133,patrolship,10000,2022-12-06 00:55:04+00:00,2022-12-06 00:55:04+00:00,128.9292333,34.13775,159.3,1.0,-19.599999999999994,0.09999999999999998,저속 운항
2976,PKG-723 홍시욱,278,538008133,patrolship,10000,2022-12-06 01:00:05+00:00,2022-12-06 01:05:05+00:00,128.92985,34.1366,146.9,0.8500000000000001,-12.400000000000006,-0.19999999999999996,정박/대기
2977,PKG-723 홍시욱,279,538008133,patrolship,10000,2022-12-06 01:10:05+00:00,2022-12-06 02:35:05+00:00,128.9318667,34.1344,135.7,1.5350877192982457,-10.400000000000006,0.09999999999999998,저속 운항
2978,PKG-723 홍시욱,280,538008133,patrolship,10000,2022-12-06 02:40:15+00:00,2022-12-06 02:41:06+00:00,128.9735833,34.11453333,154.7,2.6,44.999999999999986,0.5,우선회(45.0°) 저속 운항
2979,PKG-723 홍시욱,281,538008133,patrolship,10000,2022-12-06 02:45:04+00:00,2022-12-06 02:47:04+00:00,128.9726833,34.1107,223.5,3.5,68.80000000000001,0.8999999999999999,우선회(68.8°) 저속 운항
2980,PKG-723 홍시욱,282,538008133,patrolship,10000,2022-12-06 02:50:05+00:00,2022-12-06 02:53:05+00:00,128.9665667,34.10973333,288.4,4.5,64.89999999999998,1.0,우선회(64.9°) 저속 운항
2981,PKG-723 홍시욱,283,538008133,patrolship,10000,2022-12-06 02:55:05+00:00,2022-12-06 03:47:07+00:00,128.9585333,34.11361667,300.4,6.6000000000000005,12.0,1.7999999999999998,이동/통과
2982,PKG-723 홍시욱,284,538008133,patrolship,10000,2022-12-06 03:50:05+00:00,2022-12-06 03:59:11+00:00,128.8473167,34.1519,305.1,3.375,10.200000000000045,-2.0999999999999996,감속 저속 운항
2983,PKG-723 홍시욱,285,538008133,patrolship,10000,2022-12-06 04:00:04+00:00,2022-12-06 04:05:09+00:00,128.8408667,34.15528333,297.7,0.7666666666666666,0.19999999999998863,-1.5,정박/대기
2984,PKG-723 홍시욱,286,538008133,patrolship,10000,2022-12-06 04:10:05+00:00,2022-12-06 06:25:06+00:00,128.84395,34.1549,104.4,2.5409090909090906,2.4000000000000057,1.2000000000000002,저속 운항
2985,PKG-723 홍시욱,287,538008133,patrolship,10000,2022-12-06 06:28:52+00:00,2022-12-06 06:29:21+00:00,128.9616667,34.14,131.0,3.0,29.299999999999997,0.5,우선회(29.3°) 저속 운항
2986,PKG-723 홍시욱,288,538008133,patrolship,10000,2022-12-06 06:30:05+00:00,2022-12-06 06:30:05+00:00,128.9620333,34.13983333,153.5,3.3,22.5,0.2999999999999998,우선회(22.5°) 저속 운항
2987,PKG-723 홍시욱,289,538008133,patrolship,10000,2022-12-06 06:34:52+00:00,2022-12-06 06:34:52+00:00,128.9616667,34.135,219.0,4.0,65.5,0.7000000000000002,우선회(65.5°) 저속 운항
2988,PKG-723 홍시욱,290,538008133,patrolship,10000,2022-12-06 06:35:04+00:00,2022-12-06 06:35:24+00:00,128.96075,34.13511667,222.8,3.7,3.8000000000000114,-0.2999999999999998,저속 운항
2989,PKG-723 홍시욱,291,538008133,patrolship,10000,2022-12-06 06:40:04+00:00,2022-12-06 06:41:23+00:00,128.9546833,34.13311667,267.6,4.5,44.80000000000001,0.7999999999999998,우선회(44.8°) 저속 운항
2990,PKG-723 홍시욱,292,538008133,patrolship,10000,2022-12-06 06:45:04+00:00,2022-12-06 07:46:52+00:00,128.9461833,34.133,265.6,6.029411764705882,-2.0,1.0,이동/통과
2991,PKG-723 홍시욱,293,538008133,patrolship,10000,2022-12-06 07:50:04+00:00,2022-12-06 07:53:29+00:00,128.8174167,34.13906667,265.6,4.0,-1.099999999999966,-1.5,저속 운항
2992,PKG-723 홍시욱,294,538008133,patrolship,10000,2022-12-06 07:55:05+00:00,2022-12-06 07:55:05+00:00,128.8139667,34.13763333,195.0,1.7,-70.60000000000002,-2.3,좌선회(70.6°) 감속 저속 운항
2993,PKG-723 홍시욱,295,538008133,patrolship,10000,2022-12-06 07:59:31+00:00,2022-12-06 07:59:31+00:00,128.8139333,34.13625,170.0,1.8,-25.0,0.10000000000000009,좌선회(25.0°) 저속 운항
2994,PKG-723 홍시욱,296,538008133,patrolship,10000,2022-12-06 08:00:05+00:00,2022-12-06 11:34:28+00:00,128.8144667,34.135,152.2,2.510204081632653,-17.80000000000001,0.4999999999999998,저속 운항
2995,PKG-723 홍시욱,297,538008133,patrolship,10000,2022-12-06 11:35:04+00:00,2022-12-06 11:37:23+00:00,128.98195,34.08378333,179.4,2.9,68.7,0.19999999999999973,우선회(68.7°) 저속 운항
2996,PKG-723 홍시욱,298,538008133,patrolship,10000,2022-12-06 11:40:04+00:00,2022-12-06 11:41:43+00:00,128.9794333,34.0805,245.2,2.8,65.79999999999998,-0.10000000000000009,우선회(65.8°) 저속 운항
2997,PKG-723 홍시욱,299,538008133,patrolship,10000,2022-12-06 11:45:04+00:00,2022-12-06 11:47:46+00:00,128.9736167,34.08121667,294.0,4.9,48.80000000000001,2.1000000000000005,우선회(48.8°) 가속 저속 운항
2998,PKG-723 홍시욱,300,538008133,patrolship,10000,2022-12-06 11:50:04+00:00,2022-12-06 13:05:50+00:00,128.9652167,34.08453333,294.1,6.233333333333333,0.10000000000002274,1.0,이동/통과
2999,PKG-723 홍시욱,301,538008133,patrolship,10000,2022-12-06 13:10:02+00:00,2022-12-06 13:11:50+00:00,128.81465,34.14111667,258.8,3.2999999999999994,-38.099999999999966,-2.6000000000000005,좌선회(38.1°) 감속 저속 운항
3000,PKG-723 홍시욱,302,538008133,patrolship,10000,2022-12-06 13:15:14+00:00,2022-12-06 13:17:50+00:00,128.8147833,34.13715,151.3,3.6,-107.5,0.30000000000000027,좌선회(107.5°) 저속 운항
3001,PKG-723 홍시욱,303,538008133,patrolship,10000,2022-12-06 13:20:14+00:00,2022-12-06 13:29:50+00:00,128.8181833,34.13321667,138.8,3.3333333333333335,-12.5,-0.20000000000000018,저속 운항
3002,PKG-723 홍시욱,304,538008133,patrolship,10000,2022-12-06 13:30:14+00:00,2022-12-06 13:30:14+00:00,128.8256333,34.12688333,155.8,3.2,24.200000000000017,-0.19999999999999973,우선회(24.2°) 저속 운항
3003,PKG-723 홍시욱,305,538008133,patrolship,10000,2022-12-06 13:35:16+00:00,2022-12-06 13:50:14+00:00,128.8279667,34.1235,147.0,2.4,-8.800000000000011,-0.9000000000000004,저속 운항
3004,PKG-723 홍시욱,306,538008133,patrolship,10000,2022-12-06 13:53:55+00:00,2022-12-06 13:53:55+00:00,128.839,34.11503333,157.0,2.6,30.799999999999997,0.10000000000000009,우선회(30.8°) 저속 운항
3005,PKG-723 홍시욱,307,538008133,patrolship,10000,2022-12-06 13:55:26+00:00,2022-12-06 14:05:56+00:00,128.8396833,34.11401667,147.9,2.3666666666666667,-9.099999999999994,-0.30000000000000027,저속 운항
3006,PKG-723 홍시욱,308,538008133,patrolship,10000,2022-12-06 14:10:34+00:00,2022-12-06 14:10:34+00:00,128.84775,34.10608333,158.4,2.9,30.80000000000001,0.2999999999999998,우선회(30.8°) 저속 운항
3007,PKG-723 홍시욱,309,538008133,patrolship,10000,2022-12-06 14:15:15+00:00,2022-12-06 14:29:57+00:00,128.8496167,34.10288333,152.2,2.6875,-6.200000000000017,-0.3999999999999999,저속 운항
3008,PKG-723 홍시욱,310,538008133,patrolship,10000,2022-12-06 14:30:25+00:00,2022-12-06 14:30:25+00:00,128.8582333,34.09381667,157.6,3.2,26.599999999999994,0.6000000000000001,우선회(26.6°) 저속 운항
3009,PKG-723 홍시욱,311,538008133,patrolship,10000,2022-12-06 14:35:13+00:00,2022-12-06 14:47:59+00:00,128.8599667,34.0905,151.2,2.533333333333333,-6.400000000000006,-0.6000000000000001,저속 운항
3010,PKG-723 홍시욱,312,538008133,patrolship,10000,2022-12-06 14:50:15+00:00,2022-12-06 14:50:15+00:00,128.8673333,34.08266667,157.7,2.7,23.5,0.10000000000000009,우선회(23.5°) 저속 운항
3011,PKG-723 홍시욱,313,538008133,patrolship,10000,2022-12-06 14:55:16+00:00,2022-12-06 15:36:01+00:00,128.8691833,34.07985,143.9,2.56,-13.799999999999983,-0.30000000000000027,저속 운항
3012,PKG-723 홍시욱,314,538008133,patrolship,10000,2022-12-06 15:40:15+00:00,2022-12-06 15:42:01+00:00,128.89915,34.06033333,154.8,2.8,35.70000000000002,-0.20000000000000018,우선회(35.7°) 저속 운항
3013,PKG-723 홍시욱,315,538008133,patrolship,10000,2022-12-06 15:45:15+00:00,2022-12-06 15:48:02+00:00,128.9016,34.05748333,133.8,2.5,-21.0,-0.19999999999999973,좌선회(21.0°) 저속 운항
3014,PKG-723 홍시욱,316,538008133,patrolship,10000,2022-12-06 15:50:14+00:00,2022-12-06 16:00:15+00:00,128.9047167,34.05535,121.3,2.566666666666667,-10.700000000000003,0.10000000000000009,저속 운항
3015,PKG-723 홍시욱,317,538008133,patrolship,10000,2022-12-06 16:05:15+00:00,2022-12-06 16:06:05+00:00,128.91525,34.04935,149.3,2.3,34.10000000000001,-0.30000000000000027,우선회(34.1°) 저속 운항
3016,PKG-723 홍시욱,318,538008133,patrolship,10000,2022-12-06 16:10:16+00:00,2022-12-06 16:24:03+00:00,128.91755,34.04693333,135.3,2.4,-14.0,0.20000000000000018,저속 운항
3017,PKG-723 홍시욱,319,538008133,patrolship,10000,2022-12-06 16:25:15+00:00,2022-12-06 16:30:04+00:00,128.9252,34.03955,155.1,2.3,20.299999999999983,-0.20000000000000018,우선회(20.3°) 저속 운항
3018,PKG-723 홍시욱,320,538008133,patrolship,10000,2022-12-06 16:30:15+00:00,2022-12-06 17:05:15+00:00,128.92745,34.03698333,136.7,2.6399999999999997,-18.30000000000001,0.20000000000000018,저속 운항
3019,PKG-723 홍시욱,321,538008133,patrolship,10000,2022-12-06 17:10:15+00:00,2022-12-06 17:12:09+00:00,128.9560167,34.01955,155.7,3.1,33.79999999999998,0.5,우선회(33.8°) 저속 운항
3020,PKG-723 홍시욱,322,538008133,patrolship,10000,2022-12-06 17:15:15+00:00,2022-12-06 17:18:09+00:00,128.956,34.01505,208.2,3.3,52.5,0.19999999999999973,우선회(52.5°) 저속 운항
3021,PKG-723 홍시욱,323,538008133,patrolship,10000,2022-12-06 17:20:15+00:00,2022-12-06 17:24:11+00:00,128.95155,34.01295,284.7,3.0,76.5,-0.2999999999999998,우선회(76.5°) 저속 운항
3022,PKG-723 홍시욱,324,538008133,patrolship,10000,2022-12-06 17:25:16+00:00,2022-12-06 17:25:16+00:00,128.94715,34.01741667,329.5,5.4,44.80000000000001,2.4000000000000004,우선회(44.8°) 가속 이동/통과
3023,PKG-723 홍시욱,325,538008133,patrolship,10000,2022-12-06 17:30:12+00:00,2022-12-06 18:55:24+00:00,128.94315,34.02215,322.0,6.130769230769231,-7.5,0.5,이동/통과
3024,PKG-723 홍시욱,326,538008133,patrolship,10000,2022-12-06 18:57:51+00:00,2022-12-06 18:57:51+00:00,128.8,34.115,312.0,3.0,4.699999999999989,-2.3,감속 저속 운항
3025,PKG-723 홍시욱,327,538008133,patrolship,10000,2022-12-06 19:00:15+00:00,2022-12-06 19:00:51+00:00,128.7992167,34.11595,317.1,1.9,5.100000000000023,-1.2,저속 운항
3026,PKG-723 홍시욱,328,538008133,patrolship,10000,2022-12-06 19:05:15+00:00,2022-12-06 19:06:19+00:00,128.79935,34.11711667,76.4,1.4,104.4,-0.6000000000000001,우선회(104.4°) 저속 운항
3027,PKG-723 홍시욱,329,538008133,patrolship,10000,2022-12-06 19:10:15+00:00,2022-12-06 19:10:15+00:00,128.8027333,34.11673333,109.4,2.8,33.0,1.4,우선회(33.0°) 저속 운항
3028,PKG-723 홍시욱,330,538008133,patrolship,10000,2022-12-06 19:12:19+00:00,2022-12-06 20:15:15+00:00,128.8036,34.11645,113.0,2.8444444444444446,3.5999999999999943,0.0,저속 운항
3029,PKG-723 홍시욱,331,538008133,patrolship,10000,2022-12-06 20:18:26+00:00,2022-12-06 20:18:26+00:00,128.8528167,34.08563333,99.0,2.7,-21.400000000000006,-0.19999999999999973,좌선회(21.4°) 저속 운항
3030,PKG-723 홍시욱,332,538008133,patrolship,10000,2022-12-06 20:20:14+00:00,2022-12-06 20:24:24+00:00,128.8556833,34.0859,68.8,2.55,-30.200000000000003,-0.10000000000000009,좌선회(30.2°) 저속 운항
3031,PKG-723 홍시욱,333,538008133,patrolship,10000,2022-12-06 20:25:14+00:00,2022-12-06 20:25:14+00:00,128.85875,34.08705,86.3,2.1,23.299999999999997,-0.3999999999999999,우선회(23.3°) 저속 운항
3032,PKG-723 홍시욱,334,538008133,patrolship,10000,2022-12-06 20:30:14+00:00,2022-12-06 20:30:25+00:00,128.8622667,34.08655,107.6,2.4,21.299999999999997,0.2999999999999998,우선회(21.3°) 저속 운항
3033,PKG-723 홍시욱,335,538008133,patrolship,10000,2022-12-06 20:35:14+00:00,2022-12-06 21:06:28+00:00,128.8657667,34.08545,113.6,2.3071428571428574,6.0,-0.19999999999999973,저속 운항
3034,PKG-723 홍시욱,336,538008133,patrolship,10000,2022-12-06 21:10:14+00:00,2022-12-06 21:12:29+00:00,128.8861667,34.07143333,104.9,1.9,-27.5,-0.30000000000000027,좌선회(27.5°) 저속 운항
3035,PKG-723 홍시욱,337,538008133,patrolship,10000,2022-12-06 21:15:15+00:00,2022-12-06 21:24:29+00:00,128.8893,34.07058333,109.0,1.7333333333333334,4.099999999999994,-0.19999999999999996,저속 운항
3036,PKG-723 홍시욱,338,538008133,patrolship,10000,2022-12-06 21:25:15+00:00,2022-12-06 21:25:15+00:00,128.8948333,34.06868333,141.5,1.8,31.5,0.0,우선회(31.5°) 저속 운항
3037,PKG-723 홍시욱,339,538008133,patrolship,10000,2022-12-06 21:30:16+00:00,2022-12-06 21:45:14+00:00,128.89705,34.06701667,123.4,1.75,-18.099999999999994,0.0,저속 운항
3038,PKG-723 홍시욱,340,538008133,patrolship,10000,2022-12-06 21:50:14+00:00,2022-12-06 21:50:14+00:00,128.90865,34.06338333,80.0,3.9,-48.400000000000006,2.3,좌선회(48.4°) 가속 저속 운항
3039,PKG-723 홍시욱,341,538008133,patrolship,10000,2022-12-06 21:52:20+00:00,2022-12-06 21:55:14+00:00,128.9116667,34.06333333,82.0,3.6,2.0,0.10000000000000009,저속 운항
3040,PKG-723 홍시욱,342,538008133,patrolship,10000,2022-12-06 22:00:14+00:00,2022-12-06 22:00:33+00:00,128.9209833,34.0639,121.3,4.3,43.599999999999994,1.0999999999999996,우선회(43.6°) 저속 운항
3041,PKG-723 홍시욱,343,538008133,patrolship,10000,2022-12-06 22:05:15+00:00,2022-12-06 22:05:15+00:00,128.9242667,34.05886667,178.1,4.2,56.8,-0.09999999999999964,우선회(56.8°) 저속 운항
3042,PKG-723 홍시욱,344,538008133,patrolship,10000,2022-12-06 22:10:15+00:00,2022-12-06 22:10:15+00:00,128.9216,34.05365,224.7,4.1,46.599999999999994,-0.10000000000000053,우선회(46.6°) 저속 운항
3043,PKG-723 홍시욱,345,538008133,patrolship,10000,2022-12-06 22:12:33+00:00,2022-12-06 22:12:33+00:00,128.9195,34.05213333,236.0,4.0,11.300000000000011,-0.09999999999999964,저속 운항
3044,PKG-723 홍시욱,346,538008133,patrolship,10000,2022-12-06 22:15:15+00:00,2022-12-06 22:15:15+00:00,128.9157,34.05088333,261.4,4.5,25.399999999999977,0.5,우선회(25.4°) 저속 운항
3045,PKG-723 홍시욱,347,538008133,patrolship,10000,2022-12-06 22:20:16+00:00,2022-12-06 22:24:33+00:00,128.9085333,34.05333333,321.0,5.7,59.60000000000002,1.2000000000000002,우선회(59.6°) 이동/통과
3046,PKG-723 홍시욱,348,538008133,patrolship,10000,2022-12-06 22:25:14+00:00,2022-12-06 22:25:14+00:00,128.90435,34.06111667,347.4,6.5,26.399999999999977,0.7999999999999998,우선회(26.4°) 이동/통과
3047,PKG-723 홍시욱,349,538008133,patrolship,10000,2022-12-06 22:30:16+00:00,2022-12-06 23:18:38+00:00,128.90245,34.07011667,352.6,5.972727272727273,5.2000000000000455,0.09999999999999964,이동/통과
3048,PKG-723 홍시욱,350,538008133,patrolship,10000,2022-12-06 23:20:24+00:00,2022-12-06 23:24:35+00:00,128.8548167,34.13875,255.7,4.4,-68.80000000000001,-1.0999999999999996,좌선회(68.8°) 저속 운항
3049,PKG-723 홍시욱,351,538008133,patrolship,10000,2022-12-06 23:25:15+00:00,2022-12-06 23:25:15+00:00,128.8497167,34.13585,218.0,3.1,-37.69999999999999,-1.3000000000000003,좌선회(37.7°) 저속 운항
3050,PKG-723 홍시욱,352,538008133,patrolship,10000,2022-12-06 23:30:25+00:00,2022-12-06 23:30:38+00:00,128.8483,34.13236667,178.3,2.4,-39.69999999999999,-0.7000000000000002,좌선회(39.7°) 저속 운항
3051,PKG-723 홍시욱,353,538008133,patrolship,10000,2022-12-06 23:35:14+00:00,2022-12-06 23:36:37+00:00,128.8492833,34.12936667,155.1,2.4,-23.200000000000017,0.0,좌선회(23.2°) 저속 운항
3052,PKG-723 홍시욱,354,538008133,patrolship,10000,2022-12-06 23:40:14+00:00,2022-12-07 02:30:53+00:00,128.8512,34.1265,144.3,2.3541666666666665,-10.799999999999983,0.10000000000000009,저속 운항
3053,PKG-723 홍시욱,355,538008133,patrolship,10000,2022-12-07 02:35:14+00:00,2022-12-07 02:36:51+00:00,128.9753833,34.07825,146.4,2.4,37.7,0.2999999999999998,우선회(37.7°) 저속 운항
3054,PKG-723 홍시욱,356,538008133,patrolship,10000,2022-12-07 02:40:14+00:00,2022-12-07 02:42:53+00:00,128.9751333,34.07386667,207.4,4.1,61.0,1.6999999999999997,우선회(61.0°) 저속 운항
3055,PKG-723 홍시욱,357,538008133,patrolship,10000,2022-12-07 02:45:14+00:00,2022-12-07 02:45:14+00:00,128.9693,34.07143333,282.0,4.5,74.6,0.40000000000000036,우선회(74.6°) 저속 운항
3056,PKG-723 홍시욱,358,538008133,patrolship,10000,2022-12-07 02:50:16+00:00,2022-12-07 04:19:00+00:00,128.9607667,34.07298333,273.6,6.217391304347826,-8.399999999999977,0.9000000000000004,이동/통과
3057,PKG-723 홍시욱,359,538008133,patrolship,10000,2022-12-07 04:20:14+00:00,2022-12-07 04:25:01+00:00,128.7768667,34.08475,269.6,2.55,-6.399999999999977,-3.3000000000000003,감속 저속 운항
3058,PKG-723 홍시욱,360,538008133,patrolship,10000,2022-12-07 04:25:14+00:00,2022-12-07 04:25:14+00:00,128.7746333,34.08453333,266.2,0.3,-3.8000000000000114,-2.2,정박/대기
3059,PKG-723 홍시욱,361,538008133,patrolship,10000,2022-12-07 04:30:14+00:00,2022-12-07 04:30:14+00:00,128.7754167,34.08438333,85.7,1.3,179.5,1.0,우선회(179.5°) 저속 운항
3060,PKG-723 홍시욱,362,538008133,patrolship,10000,2022-12-07 04:35:25+00:00,2022-12-07 07:55:15+00:00,128.7794333,34.08455,94.6,3.1413580246913577,8.899999999999991,1.7,저속 운항
3061,PKG-723 홍시욱,363,538008133,patrolship,10000,2022-12-07 08:00:15+00:00,2022-12-07 08:00:15+00:00,128.9900333,34.05745,32.9,3.3,-63.6,0.19999999999999973,좌선회(63.6°) 저속 운항
3062,PKG-723 홍시욱,364,538008133,patrolship,10000,2022-12-07 08:05:26+00:00,2022-12-07 08:07:18+00:00,128.9901333,34.06226667,339.5,4.0,-53.39999999999998,0.7000000000000002,좌선회(53.4°) 저속 운항
3063,PKG-723 홍시욱,365,538008133,patrolship,10000,2022-12-07 08:10:16+00:00,2022-12-07 08:10:16+00:00,128.98605,34.0667,306.4,4.4,-33.10000000000002,0.40000000000000036,좌선회(33.1°) 저속 운항
3064,PKG-723 홍시욱,366,538008133,patrolship,10000,2022-12-07 08:13:18+00:00,2022-12-07 08:13:18+00:00,128.9848,34.06743333,302.0,4.6,-4.399999999999977,0.1999999999999993,저속 운항
3065,PKG-723 홍시욱,367,538008133,patrolship,10000,2022-12-07 08:15:15+00:00,2022-12-07 09:49:26+00:00,128.9789167,34.07015,298.8,5.976190476190476,-3.1999999999999886,0.8000000000000007,이동/통과
3066,PKG-723 홍시욱,368,538008133,patrolship,10000,2022-12-07 09:50:15+00:00,2022-12-07 09:50:15+00:00,128.80475,34.12505,212.4,2.8,-77.1,-3.0,좌선회(77.1°) 감속 저속 운항
3067,PKG-723 홍시욱,369,538008133,patrolship,10000,2022-12-07 09:55:25+00:00,2022-12-07 09:55:25+00:00,128.80585,34.12085,154.1,3.0,-58.30000000000001,0.20000000000000018,좌선회(58.3°) 저속 운항
3068,PKG-723 홍시욱,370,538008133,patrolship,10000,2022-12-07 10:00:16+00:00,2022-12-07 10:49:29+00:00,128.8088167,34.11743333,141.8,2.6791666666666667,-12.299999999999983,-0.20000000000000018,저속 운항
3069,PKG-723 홍시욱,371,538008133,patrolship,10000,2022-12-07 10:50:16+00:00,2022-12-07 10:50:16+00:00,128.8461167,34.09658333,174.7,3.0,53.999999999999986,0.2999999999999998,우선회(54.0°) 저속 운항
3070,PKG-723 홍시욱,372,538008133,patrolship,10000,2022-12-07 10:55:16+00:00,2022-12-07 11:05:15+00:00,128.84695,34.09316667,157.0,2.1,-17.69999999999999,-0.7999999999999998,저속 운항
3071,PKG-723 홍시욱,373,538008133,patrolship,10000,2022-12-07 11:10:15+00:00,2022-12-07 11:10:15+00:00,128.8521,34.08538333,184.8,2.1,44.10000000000002,0.20000000000000018,우선회(44.1°) 저속 운항
3072,PKG-723 홍시욱,374,538008133,patrolship,10000,2022-12-07 11:13:31+00:00,2022-12-07 11:25:14+00:00,128.8520833,34.08421667,175.0,1.575,-9.800000000000011,-0.5,저속 운항
3073,PKG-723 홍시욱,375,538008133,patrolship,10000,2022-12-07 11:30:15+00:00,2022-12-07 11:30:15+00:00,128.85745,34.07735,117.7,2.3,-21.39999999999999,0.4999999999999998,좌선회(21.4°) 저속 운항
3074,PKG-723 홍시욱,376,538008133,patrolship,10000,2022-12-07 11:35:14+00:00,2022-12-07 11:45:15+00:00,128.86135,34.07608333,112.6,2.3833333333333333,-5.1000000000000085,0.20000000000000018,저속 운항
3075,PKG-723 홍시욱,377,538008133,patrolship,10000,2022-12-07 11:50:15+00:00,2022-12-07 11:50:15+00:00,128.8697667,34.06998333,163.4,1.9,32.0,-0.3999999999999999,우선회(32.0°) 저속 운항
3076,PKG-723 홍시욱,378,538008133,patrolship,10000,2022-12-07 11:55:26+00:00,2022-12-07 12:10:14+00:00,128.871,34.06763333,148.3,1.8250000000000002,-15.099999999999994,-0.2999999999999998,저속 운항
3077,PKG-723 홍시욱,379,538008133,patrolship,10000,2022-12-07 12:12:44+00:00,2022-12-07 12:13:36+00:00,128.8783333,34.06,175.0,2.0,26.900000000000006,-0.10000000000000009,우선회(26.9°) 저속 운항
3078,PKG-723 홍시욱,380,538008133,patrolship,10000,2022-12-07 12:15:14+00:00,2022-12-07 12:25:36+00:00,128.8778833,34.059,168.8,1.65,-6.199999999999989,-0.30000000000000004,저속 운항
3079,PKG-723 홍시욱,381,538008133,patrolship,10000,2022-12-07 12:30:15+00:00,2022-12-07 12:30:15+00:00,128.8820167,34.05316667,175.9,1.9,34.30000000000001,0.09999999999999987,우선회(34.3°) 저속 운항
3080,PKG-723 홍시욱,382,538008133,patrolship,10000,2022-12-07 12:35:16+00:00,2022-12-07 12:37:37+00:00,128.88245,34.05106667,153.6,1.4,-22.30000000000001,-0.5,좌선회(22.3°) 저속 운항
3081,PKG-723 홍시욱,383,538008133,patrolship,10000,2022-12-07 12:40:16+00:00,2022-12-07 12:49:39+00:00,128.8836833,34.04935,143.2,1.3444444444444443,-10.400000000000006,0.0,저속 운항
3082,PKG-723 홍시욱,384,538008133,patrolship,10000,2022-12-07 12:50:15+00:00,2022-12-07 12:50:15+00:00,128.8855167,34.04596667,208.4,1.3,65.4,-0.19999999999999996,우선회(65.4°) 저속 운항
3083,PKG-723 홍시욱,385,538008133,patrolship,10000,2022-12-07 12:55:15+00:00,2022-12-07 13:00:15+00:00,128.8851333,34.04486667,175.4,0.5,-33.0,-1.1,정박/대기
3084,PKG-723 홍시욱,386,538008133,patrolship,10000,2022-12-07 13:05:16+00:00,2022-12-07 13:10:14+00:00,128.8868,34.043,129.9,1.15,-15.099999999999994,0.30000000000000004,저속 운항
3085,PKG-723 홍시욱,387,538008133,patrolship,10000,2022-12-07 13:13:40+00:00,2022-12-07 13:13:40+00:00,128.8884167,34.04146667,191.0,1.1,47.599999999999994,-0.09999999999999987,우선회(47.6°) 저속 운항
3086,PKG-723 홍시욱,388,538008133,patrolship,10000,2022-12-07 13:15:15+00:00,2022-12-07 13:19:43+00:00,128.8881333,34.04048333,180.3,0.65,-10.699999999999989,-0.30000000000000004,정박/대기
3087,PKG-723 홍시욱,389,538008133,patrolship,10000,2022-12-07 13:20:15+00:00,2022-12-07 13:30:15+00:00,128.8887333,34.03968333,137.3,1.3333333333333333,-15.699999999999989,0.5,저속 운항
3088,PKG-723 홍시욱,390,538008133,patrolship,10000,2022-12-07 13:35:25+00:00,2022-12-07 13:37:42+00:00,128.8918833,34.03543333,213.1,1.1,71.29999999999998,-0.5,우선회(71.3°) 저속 운항
3089,PKG-723 홍시욱,391,538008133,patrolship,10000,2022-12-07 13:40:15+00:00,2022-12-07 13:50:15+00:00,128.8915,34.03445,180.4,0.5166666666666666,-32.69999999999999,-0.5000000000000001,정박/대기
3090,PKG-723 홍시욱,392,538008133,patrolship,10000,2022-12-07 13:55:15+00:00,2022-12-07 13:56:58+00:00,128.892,34.03493333,24.7,1.3,67.89999999999998,0.8,우선회(67.9°) 저속 운항
3091,PKG-723 홍시욱,393,538008133,patrolship,10000,2022-12-07 14:00:15+00:00,2022-12-07 14:00:15+00:00,128.8939333,34.0364,65.0,2.0,40.3,0.7,우선회(40.3°) 저속 운항
3092,PKG-723 홍시욱,394,538008133,patrolship,10000,2022-12-07 14:05:15+00:00,2022-12-07 14:07:42+00:00,128.8975833,34.03718333,81.9,2.4,16.900000000000006,0.3999999999999999,저속 운항
3093,PKG-723 홍시욱,395,538008133,patrolship,10000,2022-12-07 14:10:14+00:00,2022-12-07 14:10:14+00:00,128.9018667,34.0383,57.6,3.5,-24.300000000000004,1.1,좌선회(24.3°) 저속 운항
3094,PKG-723 홍시욱,396,538008133,patrolship,10000,2022-12-07 14:13:45+00:00,2022-12-07 15:10:15+00:00,128.9030833,34.03898333,56.0,2.490625,-1.6000000000000014,-0.2999999999999998,저속 운항
3095,PKG-723 홍시욱,397,538008133,patrolship,10000,2022-12-07 15:13:50+00:00,2022-12-07 15:13:50+00:00,128.9485667,34.05853333,60.0,3.1,-20.0,0.6000000000000001,좌선회(20.0°) 저속 운항
3096,PKG-723 홍시욱,398,538008133,patrolship,10000,2022-12-07 15:15:15+00:00,2022-12-07 15:37:53+00:00,128.9501167,34.05931667,59.6,2.433333333333333,-0.3999999999999986,-0.30000000000000027,저속 운항
3097,PKG-723 홍시욱,399,538008133,patrolship,10000,2022-12-07 15:40:15+00:00,2022-12-07 15:43:53+00:00,128.96915,34.0635,63.0,2.6,-20.0,0.30000000000000027,좌선회(20.0°) 저속 운항
3098,PKG-723 홍시욱,400,538008133,patrolship,10000,2022-12-07 15:45:15+00:00,2022-12-07 16:00:15+00:00,128.9723,34.06555,48.1,1.9,-14.899999999999999,-0.6000000000000001,저속 운항
3099,PKG-723 홍시욱,401,538008133,patrolship,10000,2022-12-07 16:05:15+00:00,2022-12-07 16:07:54+00:00,128.9836667,34.07085,8.8,2.7,-73.3,0.5,좌선회(73.3°) 저속 운항
3100,PKG-723 홍시욱,402,538008133,patrolship,10000,2022-12-07 16:10:15+00:00,2022-12-07 16:10:15+00:00,128.98105,34.07241667,276.6,3.0,-92.19999999999999,0.2999999999999998,좌선회(92.2°) 저속 운항
3101,PKG-723 홍시욱,403,538008133,patrolship,10000,2022-12-07 16:13:56+00:00,2022-12-07 16:13:56+00:00,128.9777167,34.07316667,280.0,4.6,3.3999999999999773,1.5999999999999996,저속 운항
3102,PKG-723 홍시욱,404,538008133,patrolship,10000,2022-12-07 16:15:15+00:00,2022-12-07 17:30:16+00:00,128.9738833,34.07361667,276.8,7.090476190476191,-3.1999999999999886,0.8000000000000007,이동/통과
3103,PKG-723 홍시욱,405,538008133,patrolship,10000,2022-12-07 17:35:16+00:00,2022-12-07 17:35:16+00:00,128.7976,34.12766667,292.0,3.6,-0.39999999999997726,-2.6999999999999997,감속 저속 운항
3104,PKG-723 홍시욱,406,538008133,patrolship,10000,2022-12-07 17:38:02+00:00,2022-12-07 17:41:24+00:00,128.7954,34.12846667,295.0,2.25,3.0,-0.8999999999999999,저속 운항
3105,PKG-723 홍시욱,407,538008133,patrolship,10000,2022-12-07 17:44:01+00:00,2022-12-07 17:44:01+00:00,128.7917,34.12981667,264.0,1.4,-27.69999999999999,-0.40000000000000013,좌선회(27.7°) 저속 운항
3106,PKG-723 홍시욱,408,538008133,patrolship,10000,2022-12-07 17:45:15+00:00,2022-12-07 17:45:15+00:00,128.79115,34.12991667,274.3,1.1,10.300000000000011,-0.2999999999999998,저속 운항
3107,PKG-723 홍시욱,409,538008133,patrolship,10000,2022-12-07 17:50:03+00:00,2022-12-07 17:50:34+00:00,128.79025,34.12975,231.0,0.75,-43.30000000000001,-0.30000000000000004,정박/대기
3108,PKG-723 홍시욱,410,538008133,patrolship,10000,2022-12-07 17:55:14+00:00,2022-12-07 17:56:02+00:00,128.7899,34.12831667,173.7,1.1,-32.10000000000002,0.40000000000000013,좌선회(32.1°) 저속 운항
3109,PKG-723 홍시욱,411,538008133,patrolship,10000,2022-12-07 18:00:14+00:00,2022-12-07 18:08:03+00:00,128.7904667,34.12695,154.7,1.2,-19.0,0.09999999999999987,저속 운항
3110,PKG-723 홍시욱,412,538008133,patrolship,10000,2022-12-07 18:10:16+00:00,2022-12-07 18:14:01+00:00,128.7925667,34.12391667,185.0,1.55,37.900000000000006,0.30000000000000004,우선회(37.9°) 저속 운항
3111,PKG-723 홍시욱,413,538008133,patrolship,10000,2022-12-07 18:15:15+00:00,2022-12-07 18:20:15+00:00,128.79225,34.12201667,182.1,1.075,-6.900000000000006,-0.40000000000000013,저속 운항
3112,PKG-723 홍시욱,414,538008133,patrolship,10000,2022-12-07 18:25:15+00:00,2022-12-07 18:26:04+00:00,128.79275,34.11926667,157.9,0.8,-12.099999999999994,-0.19999999999999996,정박/대기
3113,PKG-723 홍시욱,415,538008133,patrolship,10000,2022-12-07 18:30:35+00:00,2022-12-07 18:30:35+00:00,128.79245,34.11745,196.2,1.6,38.29999999999998,0.8,우선회(38.3°) 저속 운항
3114,PKG-723 홍시욱,416,538008133,patrolship,10000,2022-12-07 18:35:15+00:00,2022-12-07 18:50:14+00:00,128.7920167,34.11553333,188.9,1.2916666666666667,-7.299999999999983,-0.20000000000000018,저속 운항
3115,PKG-723 홍시욱,417,538008133,patrolship,10000,2022-12-07 18:55:36+00:00,2022-12-07 18:55:36+00:00,128.7925833,34.10785,191.4,1.7,27.900000000000006,0.3999999999999999,우선회(27.9°) 저속 운항
3116,PKG-723 홍시욱,418,538008133,patrolship,10000,2022-12-07 19:00:15+00:00,2022-12-07 19:05:26+00:00,128.7922833,34.1058,183.0,1.45,-8.400000000000006,-0.19999999999999996,저속 운항
3117,PKG-723 홍시욱,419,538008133,patrolship,10000,2022-12-07 19:10:16+00:00,2022-12-07 19:10:16+00:00,128.7927833,34.10205,153.5,1.3,-22.0,-0.09999999999999987,좌선회(22.0°) 저속 운항
3118,PKG-723 홍시욱,420,538008133,patrolship,10000,2022-12-07 19:14:08+00:00,2022-12-07 19:26:08+00:00,128.7933,34.10126667,148.0,1.4,-5.5,0.19999999999999996,저속 운항
3119,PKG-723 홍시욱,421,538008133,patrolship,10000,2022-12-07 19:30:25+00:00,2022-12-07 19:30:25+00:00,128.7973,34.09556667,181.0,1.6,30.0,0.30000000000000004,우선회(30.0°) 저속 운항
3120,PKG-723 홍시욱,422,538008133,patrolship,10000,2022-12-07 19:35:15+00:00,2022-12-07 20:05:15+00:00,128.7974667,34.09338333,173.8,1.4857142857142858,-7.199999999999989,-0.10000000000000009,저속 운항
3121,PKG-723 홍시욱,423,538008133,patrolship,10000,2022-12-07 20:10:15+00:00,2022-12-07 20:14:11+00:00,128.7993167,34.07938333,152.5,1.0,-26.0,-0.3999999999999999,좌선회(26.0°) 저속 운항
3122,PKG-723 홍시욱,424,538008133,patrolship,10000,2022-12-07 20:15:15+00:00,2022-12-07 20:32:13+00:00,128.8001667,34.07798333,156.2,1.1500000000000001,3.6999999999999886,0.19999999999999996,저속 운항
3123,PKG-723 홍시욱,425,538008133,patrolship,10000,2022-12-07 20:35:14+00:00,2022-12-07 20:38:14+00:00,128.8015167,34.071,195.8,1.8,26.80000000000001,0.5,우선회(26.8°) 저속 운항
3124,PKG-723 홍시욱,426,538008133,patrolship,10000,2022-12-07 20:40:14+00:00,2022-12-07 20:50:16+00:00,128.8007,34.0689,199.0,1.1777777777777778,3.1999999999999886,-0.40000000000000013,저속 운항
3125,PKG-723 홍시욱,427,538008133,patrolship,10000,2022-12-07 20:55:15+00:00,2022-12-07 21:15:16+00:00,128.7995667,34.06486667,158.0,0.73,-38.80000000000001,-0.30000000000000004,정박/대기
3126,PKG-723 홍시욱,428,538008133,patrolship,10000,2022-12-07 21:20:16+00:00,2022-12-07 21:20:16+00:00,128.80025,34.05963333,197.8,1.3,34.60000000000002,0.6000000000000001,우선회(34.6°) 저속 운항
3127,PKG-723 홍시욱,429,538008133,patrolship,10000,2022-12-07 21:25:14+00:00,2022-12-07 21:30:15+00:00,128.7995333,34.05815,202.4,1.0,4.599999999999994,-0.30000000000000004,저속 운항
3128,PKG-723 홍시욱,430,538008133,patrolship,10000,2022-12-07 21:35:25+00:00,2022-12-07 21:35:25+00:00,128.79815,34.05558333,219.7,1.7,24.899999999999977,0.7,우선회(24.9°) 저속 운항
3129,PKG-723 홍시욱,431,538008133,patrolship,10000,2022-12-07 21:38:19+00:00,2022-12-07 21:38:19+00:00,128.7979333,34.05538333,223.0,2.1,3.3000000000000114,0.40000000000000013,저속 운항
3130,PKG-723 홍시욱,432,538008133,patrolship,10000,2022-12-07 21:40:14+00:00,2022-12-07 21:40:14+00:00,128.7936667,34.05425,276.4,4.1,53.39999999999998,1.9999999999999996,우선회(53.4°) 저속 운항
3131,PKG-723 홍시욱,433,538008133,patrolship,10000,2022-12-07 21:44:20+00:00,2022-12-07 21:44:20+00:00,128.7891333,34.05745,341.0,4.9,64.60000000000002,0.8000000000000007,우선회(64.6°) 저속 운항
3132,PKG-723 홍시욱,434,538008133,patrolship,10000,2022-12-07 21:45:15+00:00,2022-12-07 21:45:15+00:00,128.78885,34.05885,356.6,5.4,15.600000000000023,0.5,이동/통과
3133,PKG-723 홍시욱,435,538008133,patrolship,10000,2022-12-07 21:50:16+00:00,2022-12-07 21:50:17+00:00,128.792,34.06726667,23.8,7.3,27.19999999999999,1.8999999999999995,우선회(27.2°) 이동/통과
3134,PKG-723 홍시욱,436,538008133,patrolship,10000,2022-12-07 21:55:16+00:00,2022-12-07 22:17:53+00:00,128.7970833,34.07721667,20.2,8.6,-3.6000000000000014,0.7000000000000002,이동/통과
3135,PKG-723 홍시욱,437,538008133,patrolship,10000,2022-12-07 22:20:14+00:00,2022-12-07 22:20:19+00:00,128.8257833,34.1312,53.1,8.9,27.5,0.20000000000000107,우선회(27.5°) 이동/통과
3136,PKG-723 홍시욱,438,538008133,patrolship,10000,2022-12-07 22:23:23+00:00,2022-12-07 22:44:22+00:00,128.8333333,34.135,57.0,8.200000000000001,3.8999999999999986,0.09999999999999964,이동/통과
3137,PKG-723 홍시욱,439,538008133,patrolship,10000,2022-12-07 22:45:15+00:00,2022-12-07 22:45:15+00:00,128.8767,34.16443333,38.8,3.2,-8.400000000000006,-3.2,감속 저속 운항
3138,PKG-723 홍시욱,440,538008133,patrolship,10000,2022-12-07 22:50:15+00:00,2022-12-07 23:08:24+00:00,128.8790333,34.16748333,25.1,1.65,-13.699999999999996,-1.0,저속 운항
3139,PKG-723 홍시욱,441,538008133,patrolship,10000,2022-12-07 23:10:16+00:00,2022-12-08 01:14:34+00:00,128.8810667,34.17513333,348.0,0.29833333333333334,-13.0,-0.19999999999999996,정박/대기
3140,PKG-723 홍시욱,442,538008133,patrolship,10000,2022-12-08 01:14:50+00:00,2022-12-08 01:14:50+00:00,128.8816667,34.175,150.0,1.0,82.0,0.7,우선회(82.0°) 저속 운항
3141,PKG-723 홍시욱,443,538008133,patrolship,10000,2022-12-08 01:15:15+00:00,2022-12-08 08:27:13+00:00,128.8819667,34.17558333,69.8,0.42812219227313564,-80.2,-0.7,정박/대기
3142,PKG-723 홍시욱,444,538008133,patrolship,10000,2022-12-08 08:30:14+00:00,2022-12-08 08:33:13+00:00,128.91635,34.18096667,124.3,1.0,25.200000000000003,0.09999999999999998,우선회(25.2°) 저속 운항
3143,PKG-723 홍시욱,445,538008133,patrolship,10000,2022-12-08 08:35:15+00:00,2022-12-08 09:03:14+00:00,128.9176833,34.18045,101.2,0.8666666666666667,-23.099999999999994,-0.30000000000000004,정박/대기
3144,PKG-723 홍시욱,446,538008133,patrolship,10000,2022-12-08 09:05:14+00:00,2022-12-08 09:09:15+00:00,128.9253667,34.17656667,127.7,1.0,1.1000000000000085,0.09999999999999998,저속 운항
3145,PKG-723 홍시욱,447,538008133,patrolship,10000,2022-12-08 09:10:15+00:00,2022-12-08 09:33:16+00:00,128.9266333,34.17588333,117.6,0.8,-10.100000000000009,-0.19999999999999996,정박/대기
3146,PKG-723 홍시욱,448,538008133,patrolship,10000,2022-12-08 09:35:15+00:00,2022-12-08 09:39:14+00:00,128.9323333,34.17281667,134.0,1.0,14.400000000000006,0.30000000000000004,저속 운항
3147,PKG-723 홍시욱,449,538008133,patrolship,10000,2022-12-08 09:40:15+00:00,2022-12-08 11:03:23+00:00,128.9334167,34.1723,125.9,0.603125,-8.099999999999994,-0.09999999999999998,정박/대기
3148,PKG-723 홍시욱,450,538008133,patrolship,10000,2022-12-08 11:04:27+00:00,2022-12-08 11:04:27+00:00,128.9466667,34.16666667,142.0,1.0,20.299999999999997,0.6,우선회(20.3°) 저속 운항
3149,PKG-723 홍시욱,451,538008133,patrolship,10000,2022-12-08 11:05:15+00:00,2022-12-08 12:15:27+00:00,128.9460667,34.16635,59.4,0.32966666666666666,-82.6,-0.6,정박/대기
3150,PKG-723 홍시욱,452,538008133,patrolship,10000,2022-12-08 12:20:16+00:00,2022-12-08 12:20:16+00:00,128.95105,34.16748333,301.1,1.6,-64.79999999999995,1.4000000000000001,좌선회(64.8°) 저속 운항
3151,PKG-723 홍시욱,453,538008133,patrolship,10000,2022-12-08 12:25:15+00:00,2022-12-08 12:27:29+00:00,128.9491667,34.16873333,321.3,1.2,20.19999999999999,-0.40000000000000013,우선회(20.2°) 저속 운항
3152,PKG-723 홍시욱,454,538008133,patrolship,10000,2022-12-08 12:30:14+00:00,2022-12-08 12:33:30+00:00,128.9478167,34.16988333,303.4,1.0,-17.900000000000034,-0.19999999999999996,저속 운항
3153,PKG-723 홍시욱,455,538008133,patrolship,10000,2022-12-08 12:35:14+00:00,2022-12-08 12:39:30+00:00,128.9468667,34.17093333,342.4,1.1,39.0,0.10000000000000009,우선회(39.0°) 저속 운항
3154,PKG-723 홍시욱,456,538008133,patrolship,10000,2022-12-08 12:40:15+00:00,2022-12-08 13:00:15+00:00,128.9461667,34.1719,344.0,0.6388888888888888,1.6000000000000227,-0.20000000000000007,정박/대기
3155,PKG-723 홍시욱,457,538008133,patrolship,10000,2022-12-08 13:03:32+00:00,2022-12-08 13:03:32+00:00,128.9482167,34.17353333,88.0,1.0,53.8,0.4,우선회(53.8°) 저속 운항
3156,PKG-723 홍시욱,458,538008133,patrolship,10000,2022-12-08 13:05:16+00:00,2022-12-08 13:09:35+00:00,128.9489833,34.17351667,149.8,1.0,61.80000000000001,0.0,우선회(61.8°) 저속 운항
3157,PKG-723 홍시욱,459,538008133,patrolship,10000,2022-12-08 13:10:24+00:00,2022-12-08 13:27:35+00:00,128.9500667,34.17358333,103.3,0.6277777777777778,-46.500000000000014,-0.5,정박/대기
3158,PKG-723 홍시욱,460,538008133,patrolship,10000,2022-12-08 13:30:15+00:00,2022-12-08 13:33:36+00:00,128.94965,34.1746,343.8,1.1,59.80000000000001,0.6000000000000001,우선회(59.8°) 저속 운항
3159,PKG-723 홍시욱,461,538008133,patrolship,10000,2022-12-08 13:35:16+00:00,2022-12-08 13:39:35+00:00,128.9491,34.17501667,285.4,0.4,-58.400000000000034,-0.7000000000000001,정박/대기
3160,PKG-723 홍시욱,462,538008133,patrolship,10000,2022-12-08 13:40:16+00:00,2022-12-08 13:40:16+00:00,128.9487167,34.17546667,346.0,1.0,60.60000000000002,0.6,우선회(60.6°) 저속 운항
3161,PKG-723 홍시욱,463,538008133,patrolship,10000,2022-12-08 13:45:14+00:00,2022-12-08 13:45:37+00:00,128.9469333,34.17586667,276.9,1.0,-69.10000000000002,0.0,좌선회(69.1°) 저속 운항
3162,PKG-723 홍시욱,464,538008133,patrolship,10000,2022-12-08 13:50:16+00:00,2022-12-08 14:03:36+00:00,128.9456167,34.17578333,254.1,0.6666666666666666,-22.799999999999983,-0.30000000000000004,정박/대기
3163,PKG-723 홍시욱,465,538008133,patrolship,10000,2022-12-08 14:05:15+00:00,2022-12-08 14:09:39+00:00,128.9419167,34.17438333,238.3,1.3,-9.199999999999989,0.5,저속 운항
3164,PKG-723 홍시욱,466,538008133,patrolship,10000,2022-12-08 14:10:14+00:00,2022-12-08 14:39:39+00:00,128.94025,34.17386667,258.2,0.6583333333333333,19.899999999999977,-0.4,정박/대기
3165,PKG-723 홍시욱,467,538008133,patrolship,10000,2022-12-08 14:40:15+00:00,2022-12-08 14:40:15+00:00,128.9418167,34.17308333,81.0,1.1,-41.5,0.5000000000000001,좌선회(41.5°) 저속 운항
3166,PKG-723 홍시욱,468,538008133,patrolship,10000,2022-12-08 14:45:15+00:00,2022-12-08 14:45:41+00:00,128.9438167,34.17285,101.2,1.1,20.200000000000003,0.0,우선회(20.2°) 저속 운항
3167,PKG-723 홍시욱,469,538008133,patrolship,10000,2022-12-08 14:50:14+00:00,2022-12-08 14:51:39+00:00,128.9455167,34.17261667,103.6,1.0,2.3999999999999915,-0.10000000000000009,저속 운항
3168,PKG-723 홍시욱,470,538008133,patrolship,10000,2022-12-08 14:55:15+00:00,2022-12-08 14:57:42+00:00,128.94705,34.17235,91.9,0.65,-11.699999999999989,-0.19999999999999996,정박/대기
3169,PKG-723 홍시욱,471,538008133,patrolship,10000,2022-12-08 15:00:15+00:00,2022-12-08 15:00:15+00:00,128.9463833,34.1718,234.6,1.1,79.6,0.6000000000000001,우선회(79.6°) 저속 운항
3170,PKG-723 홍시욱,472,538008133,patrolship,10000,2022-12-08 15:05:15+00:00,2022-12-08 15:15:41+00:00,128.94505,34.1718,307.9,0.5666666666666667,73.29999999999998,-0.40000000000000013,정박/대기
3171,PKG-723 홍시욱,473,538008133,patrolship,10000,2022-12-08 15:20:16+00:00,2022-12-08 15:20:16+00:00,128.9420833,34.17368333,288.8,1.0,-51.80000000000001,0.4,좌선회(51.8°) 저속 운항
3172,PKG-723 홍시욱,474,538008133,patrolship,10000,2022-12-08 15:25:17+00:00,2022-12-08 16:09:46+00:00,128.9407833,34.17405,276.1,0.5714285714285714,-12.699999999999989,-0.4,정박/대기
3173,PKG-723 홍시욱,475,538008133,patrolship,10000,2022-12-08 16:10:15+00:00,2022-12-08 16:10:15+00:00,128.9326,34.17296667,268.3,1.1,-48.39999999999998,0.9000000000000001,좌선회(48.4°) 저속 운항
3174,PKG-723 홍시욱,476,538008133,patrolship,10000,2022-12-08 16:15:15+00:00,2022-12-08 16:25:16+00:00,128.9310667,34.1733,290.8,0.7333333333333334,22.5,-0.30000000000000004,정박/대기
3175,PKG-723 홍시욱,477,538008133,patrolship,10000,2022-12-08 16:30:15+00:00,2022-12-08 16:40:16+00:00,128.9277,34.17498333,294.3,1.5333333333333332,3.3000000000000114,1.5,저속 운항
3176,PKG-723 홍시욱,478,538008133,patrolship,10000,2022-12-08 16:45:27+00:00,2022-12-08 16:45:48+00:00,128.9221,34.17818333,327.5,1.0,32.30000000000001,-0.10000000000000009,우선회(32.3°) 저속 운항
3177,PKG-723 홍시욱,479,538008133,patrolship,10000,2022-12-08 16:50:17+00:00,2022-12-08 16:57:49+00:00,128.9212667,34.179,315.8,0.6,-11.699999999999989,-0.4,정박/대기
3178,PKG-723 홍시욱,480,538008133,patrolship,10000,2022-12-08 17:00:15+00:00,2022-12-08 17:03:51+00:00,128.9199333,34.1801,290.3,1.4,-39.0,0.7999999999999999,좌선회(39.0°) 저속 운항
3179,PKG-723 홍시욱,481,538008133,patrolship,10000,2022-12-08 17:05:15+00:00,2022-12-08 17:09:52+00:00,128.9180167,34.18005,248.0,1.0,-42.30000000000001,-0.3999999999999999,좌선회(42.3°) 저속 운항
3180,PKG-723 홍시욱,482,538008133,patrolship,10000,2022-12-08 17:10:15+00:00,2022-12-08 17:21:51+00:00,128.9169333,34.17948333,227.7,0.6666666666666666,-20.30000000000001,-0.4,정박/대기
3181,PKG-723 홍시욱,483,538008133,patrolship,10000,2022-12-08 17:25:15+00:00,2022-12-08 17:27:51+00:00,128.9160667,34.17621667,198.2,1.8,27.69999999999999,1.1,우선회(27.7°) 저속 운항
3182,PKG-723 홍시욱,484,538008133,patrolship,10000,2022-12-08 17:30:16+00:00,2022-12-08 17:50:15+00:00,128.9154833,34.17408333,185.4,1.3599999999999999,-12.799999999999983,-0.30000000000000004,저속 운항
3183,PKG-723 홍시욱,485,538008133,patrolship,10000,2022-12-08 17:55:15+00:00,2022-12-08 18:03:56+00:00,128.9126833,34.16565,201.0,0.7,-3.0,-0.19999999999999996,정박/대기
3184,PKG-723 홍시욱,486,538008133,patrolship,10000,2022-12-08 18:05:15+00:00,2022-12-08 18:09:55+00:00,128.91115,34.16308333,212.5,2.1,18.69999999999999,1.5,저속 운항
3185,PKG-723 홍시욱,487,538008133,patrolship,10000,2022-12-08 18:10:15+00:00,2022-12-08 18:10:15+00:00,128.90995,34.16081667,191.1,1.7,-21.400000000000006,-0.40000000000000013,좌선회(21.4°) 저속 운항
3186,PKG-723 홍시욱,488,538008133,patrolship,10000,2022-12-08 18:15:16+00:00,2022-12-08 18:15:58+00:00,128.9100833,34.15878333,166.3,1.4,-24.799999999999983,-0.30000000000000004,좌선회(24.8°) 저속 운항
3187,PKG-723 홍시욱,489,538008133,patrolship,10000,2022-12-08 18:17:33+00:00,2022-12-08 18:39:57+00:00,128.91,34.15833333,157.0,1.5285714285714285,-8.0,-0.3999999999999999,저속 운항
3188,PKG-723 홍시욱,490,538008133,patrolship,10000,2022-12-08 18:40:15+00:00,2022-12-08 18:46:00+00:00,128.9114833,34.14881667,195.7,0.8500000000000001,13.0,-0.29999999999999993,정박/대기
3189,PKG-723 홍시욱,491,538008133,patrolship,10000,2022-12-08 18:47:41+00:00,2022-12-08 18:47:41+00:00,128.9116667,34.14666667,205.0,2.0,20.900000000000006,1.2,우선회(20.9°) 저속 운항
3190,PKG-723 홍시욱,492,538008133,patrolship,10000,2022-12-08 18:50:15+00:00,2022-12-08 19:16:03+00:00,128.9102167,34.14553333,205.7,1.575,0.6999999999999886,0.10000000000000009,저속 운항
3191,PKG-723 홍시욱,493,538008133,patrolship,10000,2022-12-08 19:20:15+00:00,2022-12-08 21:00:16+00:00,128.90465,34.13385,196.7,0.6098039215686275,-5.300000000000011,-0.40000000000000013,정박/대기
3192,PKG-723 홍시욱,494,538008133,patrolship,10000,2022-12-08 21:04:09+00:00,2022-12-08 21:04:09+00:00,128.9056167,34.11908333,205.0,1.1,53.80000000000001,0.5000000000000001,우선회(53.8°) 저속 운항
3193,PKG-723 홍시욱,495,538008133,patrolship,10000,2022-12-08 21:05:14+00:00,2022-12-08 21:10:14+00:00,128.9052333,34.11845,202.9,1.05,-2.0999999999999943,0.0,저속 운항
3194,PKG-723 홍시욱,496,538008133,patrolship,10000,2022-12-08 21:15:15+00:00,2022-12-08 21:22:11+00:00,128.9034833,34.11611667,217.1,0.9,3.6999999999999886,-0.09999999999999998,정박/대기
3195,PKG-723 홍시욱,497,538008133,patrolship,10000,2022-12-08 21:24:06+00:00,2022-12-08 21:24:06+00:00,128.9016667,34.115,192.0,1.0,-29.599999999999994,0.09999999999999998,좌선회(29.6°) 저속 운항
3196,PKG-723 홍시욱,498,538008133,patrolship,10000,2022-12-08 21:25:14+00:00,2022-12-08 21:25:14+00:00,128.90205,34.1144,192.8,0.7,0.8000000000000114,-0.30000000000000004,정박/대기
3197,PKG-723 홍시욱,499,538008133,patrolship,10000,2022-12-08 21:27:07+00:00,2022-12-08 21:28:10+00:00,128.9016667,34.11333333,194.0,1.0,1.1999999999999886,0.30000000000000004,저속 운항
3198,PKG-723 홍시욱,500,538008133,patrolship,10000,2022-12-08 21:30:15+00:00,2022-12-08 21:40:16+00:00,128.9017667,34.11356667,203.7,0.575,9.699999999999989,-0.4,정박/대기
3199,PKG-723 홍시욱,501,538008133,patrolship,10000,2022-12-08 21:45:26+00:00,2022-12-08 21:45:26+00:00,128.8998167,34.11103333,232.3,1.2,29.100000000000023,0.6,우선회(29.1°) 저속 운항
3200,PKG-723 홍시욱,502,538008133,patrolship,10000,2022-12-08 21:50:16+00:00,2022-12-08 22:00:16+00:00,128.89835,34.11003333,226.6,1.0666666666666667,-5.700000000000017,-0.09999999999999987,저속 운항
3201,PKG-723 홍시욱,503,538008133,patrolship,10000,2022-12-08 22:04:14+00:00,2022-12-08 22:04:14+00:00,128.8937,34.1074,268.0,3.1,34.0,2.0,우선회(34.0°) 가속 저속 운항
3202,PKG-723 홍시욱,504,538008133,patrolship,10000,2022-12-08 22:05:25+00:00,2022-12-08 22:10:13+00:00,128.8912667,34.1079,295.7,4.3,27.69999999999999,1.1999999999999997,우선회(27.7°) 저속 운항
3203,PKG-723 홍시욱,505,538008133,patrolship,10000,2022-12-08 22:10:16+00:00,2022-12-08 22:10:16+00:00,128.8856167,34.11368333,331.8,6.8,36.10000000000002,2.5,우선회(36.1°) 가속 이동/통과
3204,PKG-723 홍시욱,506,538008133,patrolship,10000,2022-12-08 22:15:15+00:00,2022-12-08 22:28:16+00:00,128.88045,34.12343333,339.9,8.066666666666666,8.099999999999966,1.3999999999999995,이동/통과
3205,PKG-723 홍시욱,507,538008133,patrolship,10000,2022-12-08 22:30:14+00:00,2022-12-08 22:34:17+00:00,128.8805333,34.15596667,26.6,6.7,22.400000000000002,-0.7999999999999998,우선회(22.4°) 이동/통과
3206,PKG-723 홍시욱,508,538008133,patrolship,10000,2022-12-08 22:35:15+00:00,2022-12-08 22:40:14+00:00,128.8860833,34.16041667,73.9,3.1,47.300000000000004,-3.6,우선회(47.3°) 감속 저속 운항
3207,PKG-723 홍시욱,509,538008133,patrolship,10000,2022-12-08 22:40:15+00:00,2022-12-08 22:40:15+00:00,128.8903333,34.16053333,95.8,2.2,21.89999999999999,-0.8999999999999999,우선회(21.9°) 저속 운항
3208,PKG-723 홍시욱,510,538008133,patrolship,10000,2022-12-08 22:45:15+00:00,2022-12-08 22:46:16+00:00,128.8932333,34.15953333,128.9,1.7,33.10000000000001,-0.5000000000000002,우선회(33.1°) 저속 운항
3209,PKG-723 홍시욱,511,538008133,patrolship,10000,2022-12-08 22:50:14+00:00,2022-12-08 23:05:15+00:00,128.8952667,34.15806667,129.7,1.2,0.799999999999983,-0.19999999999999996,저속 운항
3210,PKG-723 홍시욱,512,538008133,patrolship,10000,2022-12-08 23:10:15+00:00,2022-12-09 05:28:51+00:00,128.9019667,34.1545,112.8,0.4636342592592593,-4.5,-0.19999999999999996,정박/대기
3211,PKG-723 홍시욱,513,538008133,patrolship,10000,2022-12-09 05:30:14+00:00,2022-12-09 05:30:14+00:00,128.91415,34.17003333,15.1,1.0,1.5,0.19999999999999996,저속 운항
3212,PKG-723 홍시욱,514,538008133,patrolship,10000,2022-12-09 05:34:52+00:00,2022-12-09 06:25:16+00:00,128.9143,34.17051667,12.0,0.6115384615384616,-3.0999999999999996,-0.19999999999999996,정박/대기
3213,PKG-723 홍시욱,515,538008133,patrolship,10000,2022-12-09 06:25:34+00:00,2022-12-09 06:27:43+00:00,128.9183333,34.17833333,35.0,1.0,2.5,0.5,저속 운항
3214,PKG-723 홍시욱,516,538008133,patrolship,10000,2022-12-09 06:30:15+00:00,2022-12-09 13:16:18+00:00,128.9184833,34.17963333,28.8,0.6192307692307691,-6.199999999999999,-0.4,정박/대기
3215,PKG-723 홍시욱,517,538008133,patrolship,10000,2022-12-09 13:20:15+00:00,2022-12-09 13:22:21+00:00,128.9523833,34.2297,246.9,1.05,-48.400000000000006,0.9000000000000001,좌선회(48.4°) 저속 운항
3216,PKG-723 홍시욱,518,538008133,patrolship,10000,2022-12-09 13:25:14+00:00,2022-12-09 13:35:16+00:00,128.9509667,34.2293,254.0,0.5666666666666667,6.0,-0.30000000000000004,정박/대기
3217,PKG-723 홍시욱,519,538008133,patrolship,10000,2022-12-09 13:40:15+00:00,2022-12-09 13:40:23+00:00,128.94855,34.23046667,275.2,1.1,-46.10000000000002,0.6000000000000001,좌선회(46.1°) 저속 운항
3218,PKG-723 홍시욱,520,538008133,patrolship,10000,2022-12-09 13:45:16+00:00,2022-12-09 15:16:31+00:00,128.9472,34.23046667,269.7,0.4068997668997669,-5.5,-0.5000000000000001,정박/대기
3219,PKG-723 홍시욱,521,538008133,patrolship,10000,2022-12-09 15:20:15+00:00,2022-12-09 15:22:30+00:00,128.94615,34.22783333,289.9,1.2,-59.80000000000001,0.7999999999999999,좌선회(59.8°) 저속 운항
3220,PKG-723 홍시욱,522,538008133,patrolship,10000,2022-12-09 15:25:16+00:00,2022-12-09 15:28:33+00:00,128.9445333,34.22876667,314.8,1.2,24.900000000000034,0.0,우선회(24.9°) 저속 운항
3221,PKG-723 홍시욱,523,538008133,patrolship,10000,2022-12-09 15:30:16+00:00,2022-12-09 15:40:30+00:00,128.9433333,34.2301,316.6,1.15,1.8000000000000114,-0.19999999999999996,저속 운항
3222,PKG-723 홍시욱,524,538008133,patrolship,10000,2022-12-09 15:45:14+00:00,2022-12-09 15:46:31+00:00,128.9411167,34.23388333,284.5,1.0,-55.80000000000001,-0.10000000000000009,좌선회(55.8°) 저속 운항
3223,PKG-723 홍시욱,525,538008133,patrolship,10000,2022-12-09 15:50:14+00:00,2022-12-09 15:58:33+00:00,128.9403667,34.23376667,152.0,0.5000000000000001,-132.5,-0.8,정박/대기
3224,PKG-723 홍시욱,526,538008133,patrolship,10000,2022-12-09 16:00:15+00:00,2022-12-09 16:04:31+00:00,128.9425333,34.23286667,111.8,1.2,-4.700000000000003,0.3999999999999999,저속 운항
3225,PKG-723 홍시욱,527,538008133,patrolship,10000,2022-12-09 16:05:15+00:00,2022-12-09 16:05:15+00:00,128.9447667,34.23076667,139.0,2.1,27.200000000000003,0.9000000000000001,우선회(27.2°) 저속 운항
3226,PKG-723 홍시욱,528,538008133,patrolship,10000,2022-12-09 16:10:15+00:00,2022-12-09 16:16:34+00:00,128.9470833,34.22861667,138.3,2.05,-0.6999999999999886,-0.10000000000000009,저속 운항
3227,PKG-723 홍시욱,529,538008133,patrolship,10000,2022-12-09 16:20:25+00:00,2022-12-09 16:22:35+00:00,128.9513833,34.22381667,167.2,3.0,28.69999999999999,0.8999999999999999,우선회(28.7°) 저속 운항
3228,PKG-723 홍시욱,530,538008133,patrolship,10000,2022-12-09 16:25:15+00:00,2022-12-09 16:40:35+00:00,128.9521,34.22041667,170.7,1.625,3.6999999999999886,-0.7000000000000002,저속 운항
3229,PKG-723 홍시욱,531,538008133,patrolship,10000,2022-12-09 16:45:15+00:00,2022-12-09 16:46:37+00:00,128.9517333,34.21155,212.9,2.1,46.0,0.9000000000000001,우선회(46.0°) 저속 운항
3230,PKG-723 홍시욱,532,538008133,patrolship,10000,2022-12-09 16:50:16+00:00,2022-12-09 17:22:38+00:00,128.9501333,34.20946667,210.9,1.2714285714285716,-2.0,-0.6000000000000001,저속 운항
3231,PKG-723 홍시욱,533,538008133,patrolship,10000,2022-12-09 17:25:16+00:00,2022-12-09 17:28:41+00:00,128.9398833,34.1995,234.5,1.7,27.69999999999999,0.7,우선회(27.7°) 저속 운항
3232,PKG-723 홍시욱,534,538008133,patrolship,10000,2022-12-09 17:30:16+00:00,2022-12-09 17:46:39+00:00,128.9379,34.19808333,227.5,1.15,-7.0,-0.30000000000000004,저속 운항
3233,PKG-723 홍시욱,535,538008133,patrolship,10000,2022-12-09 17:50:15+00:00,2022-12-09 17:50:15+00:00,128.9315167,34.19371667,246.6,1.5,20.69999999999999,0.5,우선회(20.7°) 저속 운항
3234,PKG-723 홍시욱,536,538008133,patrolship,10000,2022-12-09 17:52:40+00:00,2022-12-09 18:05:15+00:00,128.9310667,34.19351667,239.0,1.3800000000000001,-7.599999999999994,0.10000000000000009,저속 운항
3235,PKG-723 홍시욱,537,538008133,patrolship,10000,2022-12-09 18:10:14+00:00,2022-12-09 18:10:40+00:00,128.92405,34.18863333,194.7,1.6000000000000003,-29.80000000000001,-0.2999999999999998,좌선회(29.8°) 저속 운항
3236,PKG-723 홍시욱,538,538008133,patrolship,10000,2022-12-09 18:15:15+00:00,2022-12-09 19:20:16+00:00,128.9237667,34.18643333,179.0,2.0352941176470587,-15.699999999999989,0.0,저속 운항
3237,PKG-723 홍시욱,539,538008133,patrolship,10000,2022-12-09 19:22:49+00:00,2022-12-09 19:22:49+00:00,128.9082,34.15283333,204.0,1.0,-20.69999999999999,-0.3999999999999999,좌선회(20.7°) 저속 운항
3238,PKG-723 홍시욱,540,538008133,patrolship,10000,2022-12-09 19:25:16+00:00,2022-12-09 19:40:51+00:00,128.9077667,34.15193333,200.4,1.0666666666666669,-3.5999999999999943,0.0,저속 운항
3239,PKG-723 홍시욱,541,538008133,patrolship,10000,2022-12-09 19:45:15+00:00,2022-12-09 19:46:49+00:00,128.9059833,34.1459,173.4,1.2,-23.799999999999983,-0.10000000000000009,좌선회(23.8°) 저속 운항
3240,PKG-723 홍시욱,542,538008133,patrolship,10000,2022-12-09 19:50:15+00:00,2022-12-09 20:00:15+00:00,128.90615,34.1443,177.8,1.1666666666666667,4.400000000000006,-0.09999999999999987,저속 운항
3241,PKG-723 홍시욱,543,538008133,patrolship,10000,2022-12-09 20:03:48+00:00,2022-12-09 20:04:49+00:00,128.905,34.14,229.0,2.0,40.0,0.8,우선회(40.0°) 저속 운항
3242,PKG-723 홍시욱,544,538008133,patrolship,10000,2022-12-09 20:05:14+00:00,2022-12-09 20:16:51+00:00,128.9039333,34.13926667,238.4,1.625,9.400000000000006,-0.30000000000000004,저속 운항
3243,PKG-723 홍시욱,545,538008133,patrolship,10000,2022-12-09 20:20:15+00:00,2022-12-09 20:20:15+00:00,128.8979833,34.13653333,267.5,1.3,30.099999999999994,0.0,우선회(30.1°) 저속 운항
3244,PKG-723 홍시욱,546,538008133,patrolship,10000,2022-12-09 20:24:52+00:00,2022-12-09 20:25:15+00:00,128.895,34.13833333,324.0,2.95,56.5,1.7,우선회(56.5°) 저속 운항
3245,PKG-723 홍시욱,547,538008133,patrolship,10000,2022-12-09 20:27:52+00:00,2022-12-09 20:28:51+00:00,128.8933333,34.14,350.0,2.0,22.399999999999977,-0.8999999999999999,우선회(22.4°) 저속 운항
3246,PKG-723 홍시욱,548,538008133,patrolship,10000,2022-12-09 20:30:14+00:00,2022-12-09 20:34:55+00:00,128.89365,34.141,0.1,1.5,10.100000000000023,-0.5,저속 운항
3247,PKG-723 홍시욱,549,538008133,patrolship,10000,2022-12-09 20:35:14+00:00,2022-12-09 20:40:54+00:00,128.89405,34.1425,21.2,0.65,21.099999999999998,-0.7,정박/대기
3248,PKG-723 홍시욱,550,538008133,patrolship,10000,2022-12-09 20:45:15+00:00,2022-12-09 20:46:55+00:00,128.8966,34.14263333,78.3,2.3,-33.10000000000001,1.7999999999999998,좌선회(33.1°) 저속 운항
3249,PKG-723 홍시욱,551,538008133,patrolship,10000,2022-12-09 20:50:15+00:00,2022-12-09 20:50:15+00:00,128.9013333,34.1447,51.8,3.9,-26.5,1.6,좌선회(26.5°) 저속 운항
3250,PKG-723 홍시욱,552,538008133,patrolship,10000,2022-12-09 20:52:56+00:00,2022-12-09 21:04:56+00:00,128.9035833,34.14616667,51.0,2.233333333333333,-0.7999999999999972,-0.8999999999999999,저속 운항
3251,PKG-723 홍시욱,553,538008133,patrolship,10000,2022-12-09 21:05:15+00:00,2022-12-09 21:05:15+00:00,128.9096833,34.1494,91.6,1.1,29.999999999999993,-0.2999999999999998,우선회(30.0°) 저속 운항
3252,PKG-723 홍시욱,554,538008133,patrolship,10000,2022-12-09 21:10:15+00:00,2022-12-09 21:10:56+00:00,128.9114833,34.14901667,89.1,1.6,-2.5,0.5,저속 운항
3253,PKG-723 홍시욱,555,538008133,patrolship,10000,2022-12-09 21:15:15+00:00,2022-12-09 21:16:57+00:00,128.91395,34.15078333,23.6,2.6,-65.5,1.0,좌선회(65.5°) 저속 운항
3254,PKG-723 홍시욱,556,538008133,patrolship,10000,2022-12-09 21:20:14+00:00,2022-12-09 21:20:14+00:00,128.9145167,34.15335,351.2,1.4,-32.400000000000034,-1.2000000000000002,좌선회(32.4°) 저속 운항
3255,PKG-723 홍시욱,557,538008133,patrolship,10000,2022-12-09 21:22:59+00:00,2022-12-09 21:22:59+00:00,128.9142667,34.15408333,338.0,1.2,-13.199999999999989,-0.19999999999999996,저속 운항
3256,PKG-723 홍시욱,558,538008133,patrolship,10000,2022-12-09 21:25:14+00:00,2022-12-09 21:25:14+00:00,128.9136333,34.1547,308.6,1.0,-29.399999999999977,-0.19999999999999996,좌선회(29.4°) 저속 운항
3257,PKG-723 홍시욱,559,538008133,patrolship,10000,2022-12-09 21:28:59+00:00,2022-12-09 21:29:00+00:00,128.9127,34.155,279.0,1.0,-29.600000000000023,0.0,좌선회(29.6°) 저속 운항
3258,PKG-723 홍시욱,560,538008133,patrolship,10000,2022-12-09 21:30:15+00:00,2022-12-09 21:34:58+00:00,128.9119667,34.15501667,264.4,1.2,-14.600000000000023,0.19999999999999996,저속 운항
3259,PKG-723 홍시욱,561,538008133,patrolship,10000,2022-12-09 21:35:14+00:00,2022-12-09 21:35:14+00:00,128.9098167,34.15448333,244.0,1.6,-20.399999999999977,0.40000000000000013,좌선회(20.4°) 저속 운항
3260,PKG-723 홍시욱,562,538008133,patrolship,10000,2022-12-09 21:40:13+00:00,2022-12-09 21:40:59+00:00,128.9075833,34.15348333,239.8,1.5,-4.199999999999989,-0.10000000000000009,저속 운항
3261,PKG-723 홍시욱,563,538008133,patrolship,10000,2022-12-09 21:45:15+00:00,2022-12-09 21:47:01+00:00,128.9035833,34.15368333,298.9,3.2,59.099999999999966,1.7000000000000002,우선회(59.1°) 저속 운항
3262,PKG-723 홍시욱,564,538008133,patrolship,10000,2022-12-09 21:50:15+00:00,2022-12-09 21:53:01+00:00,128.9009833,34.15761667,357.4,3.6,58.5,0.3999999999999999,우선회(58.5°) 저속 운항
3263,PKG-723 홍시욱,565,538008133,patrolship,10000,2022-12-09 21:55:15+00:00,2022-12-09 21:55:15+00:00,128.9014167,34.16133333,17.1,2.0,19.700000000000045,-1.6,저속 운항
3264,PKG-723 홍시욱,566,538008133,patrolship,10000,2022-12-09 21:59:00+00:00,2022-12-09 21:59:00+00:00,128.9024167,34.16258333,58.0,1.2,40.9,-0.8,우선회(40.9°) 저속 운항
3265,PKG-723 홍시욱,567,538008133,patrolship,10000,2022-12-09 22:00:14+00:00,2022-12-09 22:05:01+00:00,128.9029333,34.16278333,74.3,1.0,16.299999999999997,-0.19999999999999996,저속 운항
3266,PKG-723 홍시욱,568,538008133,patrolship,10000,2022-12-09 22:05:14+00:00,2022-12-09 22:05:14+00:00,128.9046667,34.1622,135.4,1.4,61.10000000000001,0.3999999999999999,우선회(61.1°) 저속 운항
3267,PKG-723 홍시욱,569,538008133,patrolship,10000,2022-12-09 22:10:15+00:00,2022-12-09 22:11:03+00:00,128.9061333,34.16028333,154.9,1.7,19.5,0.30000000000000004,저속 운항
3268,PKG-723 홍시욱,570,538008133,patrolship,10000,2022-12-09 22:15:16+00:00,2022-12-09 22:17:04+00:00,128.9083,34.1582,115.2,2.6,-39.7,0.9000000000000001,좌선회(39.7°) 저속 운항
3269,PKG-723 홍시욱,571,538008133,patrolship,10000,2022-12-09 22:20:15+00:00,2022-12-09 22:20:15+00:00,128.9123,34.15853333,50.8,2.4,-64.4,-0.20000000000000018,좌선회(64.4°) 저속 운항
3270,PKG-723 홍시욱,572,538008133,patrolship,10000,2022-12-09 22:23:02+00:00,2022-12-09 22:23:02+00:00,128.91335,34.16,16.0,2.9,-34.8,0.5,좌선회(34.8°) 저속 운항
3271,PKG-723 홍시욱,573,538008133,patrolship,10000,2022-12-09 22:25:15+00:00,2022-12-09 22:35:01+00:00,128.9137333,34.16223333,3.1,3.175,-12.9,0.7000000000000002,저속 운항
3272,PKG-723 홍시욱,574,538008133,patrolship,10000,2022-12-09 22:35:14+00:00,2022-12-09 22:35:14+00:00,128.9159,34.16965,52.6,1.4,36.6,-1.6,우선회(36.6°) 저속 운항
3273,PKG-723 홍시욱,575,538008133,patrolship,10000,2022-12-09 22:40:14+00:00,2022-12-09 22:41:02+00:00,128.9177333,34.16958333,129.9,1.2,77.30000000000001,-0.19999999999999996,우선회(77.3°) 저속 운항
3274,PKG-723 홍시욱,576,538008133,patrolship,10000,2022-12-09 22:45:15+00:00,2022-12-09 22:47:02+00:00,128.9197,34.1679,120.9,2.5,-9.0,1.3,저속 운항
3275,PKG-723 홍시욱,577,538008133,patrolship,10000,2022-12-09 22:50:15+00:00,2022-12-09 22:53:05+00:00,128.9237333,34.1676,62.4,2.5,-58.50000000000001,0.0,좌선회(58.5°) 저속 운항
3276,PKG-723 홍시욱,578,538008133,patrolship,10000,2022-12-09 22:55:15+00:00,2022-12-09 22:55:15+00:00,128.9254667,34.17036667,2.2,1.9,-60.199999999999996,-0.6000000000000001,좌선회(60.2°) 저속 운항
3277,PKG-723 홍시욱,579,538008133,patrolship,10000,2022-12-09 22:59:03+00:00,2022-12-09 23:05:07+00:00,128.92505,34.17181667,326.0,1.2333333333333334,-36.19999999999999,-0.5999999999999999,좌선회(36.2°) 저속 운항
3278,PKG-723 홍시욱,580,538008133,patrolship,10000,2022-12-09 23:05:15+00:00,2022-12-09 23:05:15+00:00,128.9226333,34.17246667,255.3,1.5,-54.80000000000001,0.30000000000000004,좌선회(54.8°) 저속 운항
3279,PKG-723 홍시욱,581,538008133,patrolship,10000,2022-12-09 23:10:16+00:00,2022-12-10 02:35:21+00:00,128.92035,34.17153333,236.2,1.4870370370370372,-19.100000000000023,0.10000000000000009,저속 운항
3280,PKG-723 홍시욱,582,538008133,patrolship,10000,2022-12-10 02:40:15+00:00,2022-12-10 02:41:22+00:00,128.8667333,34.1012,218.2,0.9,2.8999999999999773,-0.20000000000000007,정박/대기
3281,PKG-723 홍시욱,583,538008133,patrolship,10000,2022-12-10 02:45:15+00:00,2022-12-10 02:47:23+00:00,128.86565,34.1002,225.1,1.05,6.900000000000006,0.09999999999999998,저속 운항
3282,PKG-723 홍시욱,584,538008133,patrolship,10000,2022-12-10 02:50:14+00:00,2022-12-10 04:53:34+00:00,128.8645833,34.0993,227.0,0.6652173913043479,7.0,-0.30000000000000004,정박/대기
3283,PKG-723 홍시욱,585,538008133,patrolship,10000,2022-12-10 04:55:15+00:00,2022-12-10 04:59:33+00:00,128.8631833,34.07993333,151.9,1.0,-0.799999999999983,0.09999999999999998,저속 운항
3284,PKG-723 홍시욱,586,538008133,patrolship,10000,2022-12-10 05:00:15+00:00,2022-12-10 05:11:32+00:00,128.8639333,34.07878333,156.3,0.9,4.400000000000006,-0.09999999999999998,정박/대기
3285,PKG-723 홍시욱,587,538008133,patrolship,10000,2022-12-10 05:15:15+00:00,2022-12-10 10:05:57+00:00,128.8659833,34.07525,153.4,1.4259803921568628,1.0,0.20000000000000007,저속 운항
3286,PKG-723 홍시욱,588,538008133,patrolship,10000,2022-12-10 10:10:15+00:00,2022-12-10 10:12:00+00:00,128.9838167,34.0146,203.4,2.1,90.5,0.20000000000000018,우선회(90.5°) 저속 운항
3287,PKG-723 홍시욱,589,538008133,patrolship,10000,2022-12-10 10:15:16+00:00,2022-12-10 10:17:58+00:00,128.9800167,34.01375,298.6,3.4,95.20000000000002,1.2999999999999998,우선회(95.2°) 저속 운항
3288,PKG-723 홍시욱,590,538008133,patrolship,10000,2022-12-10 10:20:16+00:00,2022-12-10 10:20:16+00:00,128.9763,34.01973333,345.3,6.4,46.69999999999999,3.0000000000000004,우선회(46.7°) 가속 이동/통과
3289,PKG-723 홍시욱,591,538008133,patrolship,10000,2022-12-10 10:24:00+00:00,2022-12-10 11:25:15+00:00,128.9742667,34.0254,337.0,7.638888888888889,-8.300000000000011,0.39999999999999947,이동/통과
3290,PKG-723 홍시욱,592,538008133,patrolship,10000,2022-12-10 11:27:17+00:00,2022-12-10 11:30:04+00:00,128.8666667,34.13,0.0,4.0,20.80000000000001,-1.2000000000000002,우선회(20.8°) 저속 운항
3291,PKG-723 홍시욱,593,538008133,patrolship,10000,2022-12-10 11:30:14+00:00,2022-12-10 11:30:14+00:00,128.8671667,34.13203333,34.5,2.8,34.5,-1.2000000000000002,우선회(34.5°) 저속 운항
3292,PKG-723 홍시욱,594,538008133,patrolship,10000,2022-12-10 11:35:14+00:00,2022-12-10 11:36:03+00:00,128.8702,34.13416667,65.0,2.1,30.5,-0.6999999999999997,우선회(30.5°) 저속 운항
3293,PKG-723 홍시욱,595,538008133,patrolship,10000,2022-12-10 11:40:15+00:00,2022-12-10 12:06:08+00:00,128.8734,34.13528333,70.3,1.3571428571428572,5.299999999999997,-0.10000000000000009,저속 운항
3294,PKG-723 홍시욱,596,538008133,patrolship,10000,2022-12-10 12:10:15+00:00,2022-12-10 12:12:08+00:00,128.8858667,34.1365,68.1,2.0,-23.5,0.7,좌선회(23.5°) 저속 운항
3295,PKG-723 홍시욱,597,538008133,patrolship,10000,2022-12-10 12:15:15+00:00,2022-12-10 12:30:14+00:00,128.8886667,34.13746667,65.1,1.5,-3.0,-0.30000000000000004,저속 운항
3296,PKG-723 홍시욱,598,538008133,patrolship,10000,2022-12-10 12:35:16+00:00,2022-12-10 12:36:08+00:00,128.8969667,34.13965,109.6,0.7,31.299999999999997,-0.30000000000000004,정박/대기
3297,PKG-723 홍시욱,599,538008133,patrolship,10000,2022-12-10 12:39:32+00:00,2022-12-10 12:39:32+00:00,128.8983333,34.14,100.0,1.0,-9.599999999999994,0.30000000000000004,저속 운항
3298,PKG-723 홍시욱,600,538008133,patrolship,10000,2022-12-10 12:40:15+00:00,2022-12-10 13:50:15+00:00,128.8980833,34.13945,93.2,0.4329545454545455,-6.799999999999997,-0.30000000000000004,정박/대기
3299,PKG-723 홍시욱,601,538008133,patrolship,10000,2022-12-10 13:54:17+00:00,2022-12-10 13:54:17+00:00,128.9024,34.1365,104.0,1.9,-30.19999999999999,1.5,좌선회(30.2°) 저속 운항
3300,PKG-723 홍시욱,602,538008133,patrolship,10000,2022-12-10 13:55:16+00:00,2022-12-10 14:48:23+00:00,128.9037167,34.13623333,102.0,1.3785714285714286,-2.0,0.10000000000000009,저속 운항
3301,PKG-723 홍시욱,603,538008133,patrolship,10000,2022-12-10 14:50:15+00:00,2022-12-10 14:50:15+00:00,128.92735,34.1325,108.9,0.7,7.800000000000011,-0.30000000000000004,정박/대기
3302,PKG-723 홍시욱,604,538008133,patrolship,10000,2022-12-10 14:54:23+00:00,2022-12-10 14:54:23+00:00,128.92545,34.13278333,97.0,1.1,-11.900000000000006,0.40000000000000013,저속 운항
3303,PKG-723 홍시욱,605,538008133,patrolship,10000,2022-12-10 14:55:15+00:00,2022-12-10 15:12:26+00:00,128.9277167,34.13196667,163.5,0.5375000000000001,66.5,-0.6000000000000001,정박/대기
3304,PKG-723 홍시욱,606,538008133,patrolship,10000,2022-12-10 15:15:14+00:00,2022-12-10 15:30:26+00:00,128.9318833,34.12876667,131.1,1.58,-4.5,1.2,저속 운항
3305,PKG-723 홍시욱,607,538008133,patrolship,10000,2022-12-10 15:35:14+00:00,2022-12-10 15:36:28+00:00,128.9369167,34.12135,202.4,1.7999999999999998,58.80000000000001,0.7,우선회(58.8°) 저속 운항
3306,PKG-723 홍시욱,608,538008133,patrolship,10000,2022-12-10 15:40:16+00:00,2022-12-10 15:42:27+00:00,128.9358333,34.11955,212.5,1.0,9.5,-0.7,저속 운항
3307,PKG-723 홍시욱,609,538008133,patrolship,10000,2022-12-10 15:45:15+00:00,2022-12-10 16:24:31+00:00,128.9350833,34.11861667,219.9,0.5729166666666666,7.400000000000006,-0.4,정박/대기
3308,PKG-723 홍시욱,610,538008133,patrolship,10000,2022-12-10 16:25:44+00:00,2022-12-10 16:25:44+00:00,128.9338333,34.11565,211.8,1.8,73.20000000000002,1.1,우선회(73.2°) 저속 운항
3309,PKG-723 홍시욱,611,538008133,patrolship,10000,2022-12-10 16:30:14+00:00,2022-12-10 16:30:14+00:00,128.9330833,34.1138,187.9,1.4,-23.900000000000006,-0.40000000000000013,좌선회(23.9°) 저속 운항
3310,PKG-723 홍시욱,612,538008133,patrolship,10000,2022-12-10 16:30:33+00:00,2022-12-10 16:30:33+00:00,128.93345,34.10788333,187.9,1.4,0.0,0.0,저속 운항
3311,PKG-723 홍시욱,613,538008133,patrolship,10000,2022-12-10 16:35:13+00:00,2022-12-10 16:35:13+00:00,128.9332333,34.1119,166.7,1.3,-21.200000000000017,-0.09999999999999987,좌선회(21.2°) 저속 운항
3312,PKG-723 홍시욱,614,538008133,patrolship,10000,2022-12-10 16:36:32+00:00,2022-12-10 17:00:36+00:00,128.9336,34.10478333,166.7,1.5285714285714285,0.0,0.0,저속 운항
3313,PKG-723 홍시욱,615,538008133,patrolship,10000,2022-12-10 17:05:25+00:00,2022-12-10 17:06:36+00:00,128.9360667,34.09916667,199.8,2.6,56.900000000000006,1.2000000000000002,우선회(56.9°) 저속 운항
3314,PKG-723 홍시욱,616,538008133,patrolship,10000,2022-12-10 17:10:14+00:00,2022-12-10 17:10:14+00:00,128.9336167,34.09675,226.8,1.8,27.0,-0.8,우선회(27.0°) 저속 운항
3315,PKG-723 홍시욱,617,538008133,patrolship,10000,2022-12-10 17:12:36+00:00,2022-12-10 17:12:36+00:00,128.9332167,34.09641667,219.0,1.6,-7.800000000000011,-0.19999999999999996,저속 운항
3316,PKG-723 홍시욱,618,538008133,patrolship,10000,2022-12-10 17:15:24+00:00,2022-12-10 17:18:37+00:00,128.9322333,34.09521667,197.0,1.1,-22.0,-0.5,좌선회(22.0°) 저속 운항
3317,PKG-723 홍시욱,619,538008133,patrolship,10000,2022-12-10 17:20:14+00:00,2022-12-10 17:30:36+00:00,128.93215,34.09378333,168.4,1.7333333333333334,-13.599999999999994,0.09999999999999987,저속 운항
3318,PKG-723 홍시욱,620,538008133,patrolship,10000,2022-12-10 17:35:14+00:00,2022-12-10 17:36:38+00:00,128.9318833,34.08603333,166.1,2.0,-22.0,0.0,좌선회(22.0°) 저속 운항
3319,PKG-723 홍시욱,621,538008133,patrolship,10000,2022-12-10 17:40:35+00:00,2022-12-10 17:48:39+00:00,128.9333,34.08303333,154.6,2.4000000000000004,-11.5,0.20000000000000018,저속 운항
3320,PKG-723 홍시욱,622,538008133,patrolship,10000,2022-12-10 17:50:15+00:00,2022-12-10 17:50:15+00:00,128.93345,34.07683333,222.8,2.9,54.10000000000002,0.2999999999999998,우선회(54.1°) 저속 운항
3321,PKG-723 홍시욱,623,538008133,patrolship,10000,2022-12-10 17:54:38+00:00,2022-12-10 17:54:38+00:00,128.9316667,34.07451667,198.0,2.0,-24.80000000000001,-0.8999999999999999,좌선회(24.8°) 저속 운항
3322,PKG-723 홍시욱,624,538008133,patrolship,10000,2022-12-10 17:55:15+00:00,2022-12-10 17:56:10+00:00,128.93155,34.07418333,192.0,1.8,-6.0,-0.19999999999999996,저속 운항
3323,PKG-723 홍시욱,625,538008133,patrolship,10000,2022-12-10 18:00:15+00:00,2022-12-10 18:00:40+00:00,128.9317,34.07175,161.6,2.0,-30.400000000000006,0.19999999999999996,좌선회(30.4°) 저속 운항
3324,PKG-723 홍시욱,626,538008133,patrolship,10000,2022-12-10 18:05:14+00:00,2022-12-10 18:25:16+00:00,128.9333833,34.06906667,145.5,2.7714285714285714,-16.099999999999994,0.2999999999999998,저속 운항
3325,PKG-723 홍시욱,627,538008133,patrolship,10000,2022-12-10 18:30:14+00:00,2022-12-10 18:30:43+00:00,128.94745,34.05398333,184.5,2.6500000000000004,36.5,-0.09999999999999964,우선회(36.5°) 저속 운항
3326,PKG-723 홍시욱,628,538008133,patrolship,10000,2022-12-10 18:35:15+00:00,2022-12-10 18:36:43+00:00,128.9455167,34.05148333,257.7,1.6,71.69999999999999,-1.0,우선회(71.7°) 저속 운항
3327,PKG-723 홍시욱,629,538008133,patrolship,10000,2022-12-10 18:40:26+00:00,2022-12-10 18:42:45+00:00,128.9428167,34.05285,340.1,2.6,82.40000000000003,1.0,우선회(82.4°) 저속 운항
3328,PKG-723 홍시욱,630,538008133,patrolship,10000,2022-12-10 18:45:15+00:00,2022-12-10 18:48:46+00:00,128.94095,34.05675,329.1,3.8,-11.0,1.1999999999999997,저속 운항
3329,PKG-723 홍시욱,631,538008133,patrolship,10000,2022-12-10 18:50:24+00:00,2022-12-10 19:18:49+00:00,128.9360167,34.06183333,321.5,6.425,-7.600000000000023,1.4000000000000004,이동/통과
3330,PKG-723 홍시욱,632,538008133,patrolship,10000,2022-12-10 19:20:15+00:00,2022-12-10 19:24:46+00:00,128.8959,34.1016,358.1,7.3,29.100000000000023,0.39999999999999947,우선회(29.1°) 이동/통과
3331,PKG-723 홍시욱,633,538008133,patrolship,10000,2022-12-10 19:25:26+00:00,2022-12-10 19:50:14+00:00,128.8960333,34.112,358.2,6.871428571428572,0.0999999999999659,-0.2999999999999998,이동/통과
3332,PKG-723 홍시욱,634,538008133,patrolship,10000,2022-12-10 19:55:25+00:00,2022-12-10 19:55:25+00:00,128.88795,34.16513333,29.2,3.0,30.80000000000001,-3.0,우선회(30.8°) 감속 저속 운항
3333,PKG-723 홍시욱,635,538008133,patrolship,10000,2022-12-10 20:00:16+00:00,2022-12-10 20:00:51+00:00,128.8913833,34.16715,79.2,2.5,50.0,-0.5,우선회(50.0°) 저속 운항
3334,PKG-723 홍시욱,636,538008133,patrolship,10000,2022-12-10 20:05:15+00:00,2022-12-10 21:12:59+00:00,128.8953,34.1672,98.3,2.3175,19.099999999999994,-0.2999999999999998,저속 운항
3335,PKG-723 홍시욱,637,538008133,patrolship,10000,2022-12-10 21:15:14+00:00,2022-12-10 21:18:57+00:00,128.92795,34.13386667,100.5,3.9,-46.0,1.6,좌선회(46.0°) 저속 운항
3336,PKG-723 홍시욱,638,538008133,patrolship,10000,2022-12-10 21:20:14+00:00,2022-12-10 21:20:14+00:00,128.9345667,34.13393333,72.2,3.6,-28.299999999999997,-0.2999999999999998,좌선회(28.3°) 저속 운항
3337,PKG-723 홍시욱,639,538008133,patrolship,10000,2022-12-10 21:25:00+00:00,2022-12-10 21:25:00+00:00,128.9376167,34.13578333,26.0,3.0,-46.2,-0.6000000000000001,좌선회(46.2°) 저속 운항
3338,PKG-723 홍시욱,640,538008133,patrolship,10000,2022-12-10 21:25:15+00:00,2022-12-10 21:26:02+00:00,128.93805,34.13705,5.2,3.4,-20.8,0.3999999999999999,좌선회(20.8°) 저속 운항
3339,PKG-723 홍시욱,641,538008133,patrolship,10000,2022-12-10 21:30:14+00:00,2022-12-10 21:31:00+00:00,128.9358833,34.1426,333.5,5.300000000000001,-31.69999999999999,1.8000000000000003,좌선회(31.7°) 이동/통과
3340,PKG-723 홍시욱,642,538008133,patrolship,10000,2022-12-10 21:35:14+00:00,2022-12-10 22:01:01+00:00,128.93165,34.14985,334.9,6.442857142857143,0.8999999999999773,0.7999999999999998,이동/통과
3341,PKG-723 홍시욱,643,538008133,patrolship,10000,2022-12-10 22:05:25+00:00,2022-12-10 22:07:04+00:00,128.9044667,34.19755,4.8,4.8,35.80000000000001,-1.7000000000000002,우선회(35.8°) 저속 운항
3342,PKG-723 홍시욱,644,538008133,patrolship,10000,2022-12-10 22:10:16+00:00,2022-12-10 22:13:03+00:00,128.9049667,34.20368333,358.9,4.3,-5.900000000000034,-0.5,저속 운항
3343,PKG-723 홍시욱,645,538008133,patrolship,10000,2022-12-10 22:15:15+00:00,2022-12-10 22:19:04+00:00,128.9068333,34.20691667,87.2,1.9,88.30000000000001,-2.4,우선회(88.3°) 감속 저속 운항
3344,PKG-723 홍시욱,646,538008133,patrolship,10000,2022-12-10 22:20:14+00:00,2022-12-10 22:20:14+00:00,128.9099667,34.20591667,125.1,2.0,37.89999999999999,0.10000000000000009,우선회(37.9°) 저속 운항
3345,PKG-723 홍시욱,647,538008133,patrolship,10000,2022-12-10 22:25:07+00:00,2022-12-10 22:25:16+00:00,128.9118333,34.20448333,140.0,1.85,14.900000000000006,-0.10000000000000009,저속 운항
3346,PKG-723 홍시욱,648,538008133,patrolship,10000,2022-12-10 22:30:25+00:00,2022-12-10 22:30:25+00:00,128.9149167,34.20256667,93.3,2.2,-50.10000000000001,0.40000000000000013,좌선회(50.1°) 저속 운항
3347,PKG-723 홍시욱,649,538008133,patrolship,10000,2022-12-10 22:35:25+00:00,2022-12-10 22:37:06+00:00,128.9178833,34.20361667,32.6,1.9333333333333333,-60.699999999999996,-0.40000000000000013,좌선회(60.7°) 저속 운항
3348,PKG-723 홍시욱,650,538008133,patrolship,10000,2022-12-10 22:40:15+00:00,2022-12-10 22:40:15+00:00,128.9169667,34.20576667,283.3,2.5,-94.69999999999999,0.5,좌선회(94.7°) 저속 운항
3349,PKG-723 홍시욱,651,538008133,patrolship,10000,2022-12-10 22:43:06+00:00,2022-12-10 22:43:06+00:00,128.9161,34.20586667,274.0,2.9,-9.300000000000011,0.3999999999999999,저속 운항
3350,PKG-723 홍시욱,652,538008133,patrolship,10000,2022-12-10 22:45:15+00:00,2022-12-10 22:49:09+00:00,128.9119667,34.20403333,225.1,3.8,-48.900000000000006,0.8999999999999999,좌선회(48.9°) 저속 운항
3351,PKG-723 홍시욱,653,538008133,patrolship,10000,2022-12-10 22:50:15+00:00,2022-12-10 22:50:15+00:00,128.9063,34.20001667,241.7,5.1,16.599999999999994,1.2999999999999998,이동/통과
3352,PKG-723 홍시욱,654,538008133,patrolship,10000,2022-12-10 22:55:10+00:00,2022-12-10 22:55:10+00:00,128.9009333,34.19895,272.0,5.4,30.30000000000001,0.3000000000000007,우선회(30.3°) 이동/통과
3353,PKG-723 홍시욱,655,538008133,patrolship,10000,2022-12-10 22:55:16+00:00,2022-12-10 22:55:16+00:00,128.8973667,34.19955,291.6,5.3,19.600000000000023,-0.10000000000000053,이동/통과
3354,PKG-723 홍시욱,656,538008133,patrolship,10000,2022-12-10 23:00:14+00:00,2022-12-10 23:00:14+00:00,128.8939667,34.20376667,21.7,2.5,90.09999999999997,-2.8,우선회(90.1°) 감속 저속 운항
3355,PKG-723 홍시욱,657,538008133,patrolship,10000,2022-12-10 23:05:14+00:00,2022-12-10 23:07:09+00:00,128.8963667,34.2034,145.3,2.2,123.60000000000001,-0.2999999999999998,우선회(123.6°) 저속 운항
3356,PKG-723 홍시욱,658,538008133,patrolship,10000,2022-12-10 23:10:14+00:00,2022-12-11 05:00:26+00:00,128.89795,34.20055,159.9,2.363414634146342,14.599999999999994,0.0,저속 운항
3357,PKG-723 홍시욱,659,538008133,patrolship,10000,2022-12-11 05:05:16+00:00,2022-12-11 05:07:36+00:00,128.9916,34.0087,80.2,4.9,-42.5,2.2,좌선회(42.5°) 가속 저속 운항
3358,PKG-723 홍시욱,660,538008133,patrolship,10000,2022-12-11 05:10:16+00:00,2022-12-11 05:13:39+00:00,128.9971833,34.01236667,16.1,3.6,-64.1,-1.3000000000000003,좌선회(64.1°) 저속 운항
3359,PKG-723 홍시욱,661,538008133,patrolship,10000,2022-12-11 05:15:36+00:00,2022-12-11 05:19:39+00:00,128.9940667,34.01726667,306.5,5.0,-69.60000000000002,1.4,좌선회(69.6°) 이동/통과
3360,PKG-723 홍시욱,662,538008133,patrolship,10000,2022-12-11 05:20:14+00:00,2022-12-11 06:20:15+00:00,128.9867333,34.02151667,307.8,6.988888888888889,1.3000000000000114,1.2999999999999998,이동/통과
3361,PKG-723 홍시욱,663,538008133,patrolship,10000,2022-12-11 06:25:15+00:00,2022-12-11 06:25:15+00:00,128.8755167,34.10116667,302.5,2.4,-3.0,-2.6999999999999997,감속 저속 운항
3362,PKG-723 홍시욱,664,538008133,patrolship,10000,2022-12-11 06:28:17+00:00,2022-12-11 06:28:17+00:00,128.87465,34.10171667,305.0,2.0,2.5,-0.3999999999999999,저속 운항
3363,PKG-723 홍시욱,665,538008133,patrolship,10000,2022-12-11 06:30:14+00:00,2022-12-11 06:40:16+00:00,128.8733833,34.10261667,306.2,0.7666666666666667,1.1999999999999886,-1.0,정박/대기
3364,PKG-723 홍시욱,666,538008133,patrolship,10000,2022-12-11 06:45:15+00:00,2022-12-11 10:52:40+00:00,128.87315,34.10085,170.6,1.7767857142857142,-5.400000000000006,0.5,저속 운항
3365,PKG-723 홍시욱,667,538008133,patrolship,10000,2022-12-11 10:55:16+00:00,2022-12-11 10:58:42+00:00,128.96935,34.0093,193.2,1.6,29.19999999999999,-0.3999999999999999,우선회(29.2°) 저속 운항
3366,PKG-723 홍시욱,668,538008133,patrolship,10000,2022-12-11 11:00:14+00:00,2022-12-11 11:04:41+00:00,128.9682167,34.00748333,223.3,1.0,30.100000000000023,-0.6000000000000001,우선회(30.1°) 저속 운항
3367,PKG-723 홍시욱,669,538008133,patrolship,10000,2022-12-11 11:05:14+00:00,2022-12-11 11:05:14+00:00,128.9664667,34.0064,268.0,2.2,44.69999999999999,1.2000000000000002,우선회(44.7°) 저속 운항
3368,PKG-723 홍시욱,670,538008133,patrolship,10000,2022-12-11 11:10:14+00:00,2022-12-11 11:16:42+00:00,128.9626667,34.00725,283.9,1.35,15.899999999999977,-0.5000000000000002,저속 운항
3369,PKG-723 홍시욱,671,538008133,patrolship,10000,2022-12-11 11:20:15+00:00,2022-12-11 11:22:43+00:00,128.9554333,34.00791667,301.0,4.1,9.699999999999989,3.0999999999999996,가속 저속 운항
3370,PKG-723 홍시욱,672,538008133,patrolship,10000,2022-12-11 11:25:14+00:00,2022-12-11 11:28:42+00:00,128.9506333,34.01313333,333.5,5.7,32.5,1.6000000000000005,우선회(32.5°) 이동/통과
3371,PKG-723 홍시욱,673,538008133,patrolship,10000,2022-12-11 11:30:15+00:00,2022-12-11 12:10:16+00:00,128.9460833,34.02096667,334.5,6.445454545454546,1.0,0.8999999999999995,이동/통과
3372,PKG-723 홍시욱,674,538008133,patrolship,10000,2022-12-11 12:15:16+00:00,2022-12-11 12:16:48+00:00,128.9029333,34.09168333,335.3,4.8,2.1000000000000227,-0.7999999999999998,저속 운항
3373,PKG-723 홍시욱,675,538008133,patrolship,10000,2022-12-11 12:19:21+00:00,2022-12-11 12:19:59+00:00,128.9,34.09666667,332.0,5.0,-3.0,0.20000000000000018,이동/통과
3374,PKG-723 홍시욱,676,538008133,patrolship,10000,2022-12-11 12:20:16+00:00,2022-12-11 12:22:47+00:00,128.8992667,34.09736667,331.1,4.6,-0.8999999999999773,-0.40000000000000036,저속 운항
3375,PKG-723 홍시욱,677,538008133,patrolship,10000,2022-12-11 12:25:25+00:00,2022-12-11 12:28:50+00:00,128.89645,34.1009,292.1,2.0,-39.0,-2.5999999999999996,좌선회(39.0°) 감속 저속 운항
3376,PKG-723 홍시욱,678,538008133,patrolship,10000,2022-12-11 12:30:14+00:00,2022-12-11 12:30:14+00:00,128.8940167,34.101,256.0,1.5,-36.10000000000002,-0.5,좌선회(36.1°) 저속 운항
3377,PKG-723 홍시욱,679,538008133,patrolship,10000,2022-12-11 12:34:50+00:00,2022-12-11 12:35:04+00:00,128.8927333,34.10035,273.0,0.7,17.0,-0.8,정박/대기
3378,PKG-723 홍시욱,680,538008133,patrolship,10000,2022-12-11 12:35:14+00:00,2022-12-11 12:35:14+00:00,128.8922167,34.09991667,216.0,1.8,-57.0,1.1,좌선회(57.0°) 저속 운항
3379,PKG-723 홍시욱,681,538008133,patrolship,10000,2022-12-11 12:40:35+00:00,2022-12-11 12:40:49+00:00,128.8913,34.09801667,191.4,1.9,-24.599999999999994,0.09999999999999987,좌선회(24.6°) 저속 운항
3380,PKG-723 홍시욱,682,538008133,patrolship,10000,2022-12-11 12:45:14+00:00,2022-12-11 13:00:23+00:00,128.8909333,34.09611667,190.4,1.975,-1.0,0.0,저속 운항
3381,PKG-723 홍시욱,683,538008133,patrolship,10000,2022-12-11 13:05:14+00:00,2022-12-11 13:05:14+00:00,128.8880167,34.08776667,245.2,0.9,49.599999999999994,-0.7000000000000001,정박/대기
3382,PKG-723 홍시욱,684,538008133,patrolship,10000,2022-12-11 13:10:23+00:00,2022-12-11 13:10:49+00:00,128.8864833,34.08623333,224.9,1.1,-20.299999999999983,0.20000000000000007,좌선회(20.3°) 저속 운항
3383,PKG-723 홍시욱,685,538008133,patrolship,10000,2022-12-11 13:15:35+00:00,2022-12-11 13:16:52+00:00,128.8851833,34.08445,217.3,1.4500000000000002,-7.599999999999994,0.5,저속 운항
3384,PKG-723 홍시욱,686,538008133,patrolship,10000,2022-12-11 13:20:16+00:00,2022-12-11 13:22:51+00:00,128.8844,34.08255,187.4,3.1,-20.599999999999994,1.8,좌선회(20.6°) 저속 운항
3385,PKG-723 홍시욱,687,538008133,patrolship,10000,2022-12-11 13:25:15+00:00,2022-12-11 13:25:15+00:00,128.8842667,34.08015,164.5,0.6,-22.900000000000006,-2.5,정박/대기
3386,PKG-723 홍시욱,688,538008133,patrolship,10000,2022-12-11 13:28:53+00:00,2022-12-11 13:28:53+00:00,128.884,34.0785,44.0,1.0,-120.5,0.4,좌선회(120.5°) 저속 운항
3387,PKG-723 홍시욱,689,538008133,patrolship,10000,2022-12-11 13:30:15+00:00,2022-12-11 13:30:15+00:00,128.8838833,34.07778333,182.6,1.2,138.6,0.19999999999999996,우선회(138.6°) 저속 운항
3388,PKG-723 홍시욱,690,538008133,patrolship,10000,2022-12-11 13:34:53+00:00,2022-12-11 13:34:53+00:00,128.8836167,34.07615,185.0,1.5,2.4000000000000057,0.30000000000000004,저속 운항
3389,PKG-723 홍시욱,691,538008133,patrolship,10000,2022-12-11 13:35:25+00:00,2022-12-11 13:35:25+00:00,128.8835167,34.07548333,173.2,0.9,-11.800000000000011,-0.6,정박/대기
3390,PKG-723 홍시욱,692,538008133,patrolship,10000,2022-12-11 13:40:25+00:00,2022-12-11 13:40:52+00:00,128.88265,34.0735,222.7,3.1,49.5,2.2,우선회(49.5°) 가속 저속 운항
3391,PKG-723 홍시욱,693,538008133,patrolship,10000,2022-12-11 13:45:14+00:00,2022-12-11 13:45:14+00:00,128.88015,34.07273333,285.3,2.0,62.60000000000002,-1.1,우선회(62.6°) 저속 운항
3392,PKG-723 홍시욱,694,538008133,patrolship,10000,2022-12-11 13:50:16+00:00,2022-12-11 13:52:56+00:00,128.8751,34.07431667,304.3,4.0,19.0,2.0,가속 저속 운항
3393,PKG-723 홍시욱,695,538008133,patrolship,10000,2022-12-11 13:55:24+00:00,2022-12-11 13:58:55+00:00,128.8709833,34.07901667,338.1,4.2,33.80000000000001,0.20000000000000018,우선회(33.8°) 저속 운항
3394,PKG-723 홍시욱,696,538008133,patrolship,10000,2022-12-11 14:00:14+00:00,2022-12-11 14:00:14+00:00,128.8699667,34.08468333,2.7,4.5,24.599999999999966,0.2999999999999998,우선회(24.6°) 저속 운항
3395,PKG-723 홍시욱,697,538008133,patrolship,10000,2022-12-11 14:04:54+00:00,2022-12-11 14:04:55+00:00,128.87065,34.08986667,8.0,4.9,5.3,0.40000000000000036,저속 운항
3396,PKG-723 홍시욱,698,538008133,patrolship,10000,2022-12-11 14:05:15+00:00,2022-12-11 16:41:05+00:00,128.8708667,34.09123333,6.3,5.722368421052631,-1.7000000000000002,0.09999999999999964,이동/통과
3397,PKG-723 홍시욱,699,538008133,patrolship,10000,2022-12-11 16:45:15+00:00,2022-12-11 16:47:06+00:00,128.9324667,34.34005,13.1,4.1,-1.9000000000000004,-2.0,저속 운항
3398,PKG-723 홍시욱,700,538008133,patrolship,10000,2022-12-11 16:50:15+00:00,2022-12-11 16:53:05+00:00,128.93325,34.34393333,354.9,1.9,-18.200000000000045,-2.1999999999999997,감속 저속 운항
3399,PKG-723 홍시욱,701,538008133,patrolship,10000,2022-12-11 16:55:15+00:00,2022-12-11 16:59:07+00:00,128.9319167,34.34585,302.3,1.9,-51.69999999999999,0.0,좌선회(51.7°) 저속 운항
3400,PKG-723 홍시욱,702,538008133,patrolship,10000,2022-12-11 17:00:26+00:00,2022-12-11 17:15:16+00:00,128.9291667,34.34686667,283.2,2.54,-19.100000000000023,0.10000000000000009,저속 운항
3401,PKG-723 홍시욱,703,538008133,patrolship,10000,2022-12-11 17:17:08+00:00,2022-12-11 17:17:08+00:00,128.91845,34.3511,324.0,2.1,46.60000000000002,-0.6000000000000001,우선회(46.6°) 저속 운항
3402,PKG-723 홍시욱,704,538008133,patrolship,10000,2022-12-11 17:20:38+00:00,2022-12-11 17:20:38+00:00,128.9142833,34.35236667,268.4,4.3,-55.60000000000002,2.1999999999999997,좌선회(55.6°) 가속 저속 운항
3403,PKG-723 홍시욱,705,538008133,patrolship,10000,2022-12-11 17:25:25+00:00,2022-12-11 17:25:25+00:00,128.9090167,34.34933333,203.7,4.9,-64.69999999999999,0.6000000000000005,좌선회(64.7°) 저속 운항
3404,PKG-723 홍시욱,706,538008133,patrolship,10000,2022-12-11 17:29:09+00:00,2022-12-11 19:29:19+00:00,128.9081,34.34608333,186.0,6.628125,-17.69999999999999,0.5,이동/통과
3405,PKG-723 홍시욱,707,538008133,patrolship,10000,2022-12-11 19:30:24+00:00,2022-12-11 19:35:18+00:00,128.8993667,34.12148333,89.1,4.0,-72.9,-1.0,좌선회(72.9°) 저속 운항
3406,PKG-723 홍시욱,708,538008133,patrolship,10000,2022-12-11 19:35:25+00:00,2022-12-11 19:35:25+00:00,128.9047167,34.12408333,12.6,4.3,-76.5,0.2999999999999998,좌선회(76.5°) 저속 운항
3407,PKG-723 홍시욱,709,538008133,patrolship,10000,2022-12-11 19:40:55+00:00,2022-12-11 19:41:19+00:00,128.9030833,34.13471667,347.9,9.3,-24.700000000000045,5.000000000000001,좌선회(24.7°) 가속 이동/통과
3408,PKG-723 홍시욱,710,538008133,patrolship,10000,2022-12-11 19:45:15+00:00,2022-12-11 23:10:45+00:00,128.8998333,34.14675,346.4,12.023148148148149,-1.5,1.5999999999999996,이동/통과
3409,PKG-723 홍시욱,711,538008133,patrolship,10000,2022-12-11 23:15:27+00:00,2022-12-11 23:15:27+00:00,128.8467833,34.84075,39.4,12.5,52.39999999999998,0.1999999999999993,우선회(52.4°) 이동/통과
3410,PKG-723 홍시욱,712,538008133,patrolship,10000,2022-12-11 23:20:58+00:00,2022-12-11 23:22:49+00:00,128.86235,34.85631667,37.7,13.3,-1.6999999999999957,0.9000000000000004,이동/통과
3411,PKG-723 홍시욱,713,538008133,patrolship,10000,2022-12-11 23:25:27+00:00,2022-12-11 23:28:50+00:00,128.86825,34.8714,3.6,13.3,-28.4,0.10000000000000142,좌선회(28.4°) 이동/통과
3412,PKG-723 홍시욱,714,538008133,patrolship,10000,2022-12-11 23:30:08+00:00,2022-12-11 23:30:08+00:00,128.8614167,34.88766667,338.8,14.2,-24.80000000000001,0.8999999999999986,좌선회(24.8°) 이동/통과
3413,PKG-723 홍시욱,715,538008133,patrolship,10000,2022-12-11 23:35:19+00:00,2022-12-11 23:55:13+00:00,128.85065,34.90685,340.7,12.783333333333333,1.8999999999999773,0.3000000000000007,이동/통과
3414,PKG-723 홍시욱,716,538008133,patrolship,10000,2022-12-12 00:00:43+00:00,2022-12-12 00:00:43+00:00,128.8074333,34.98488333,336.4,7.3,6.599999999999966,-3.3,감속 이동/통과
3415,PKG-723 홍시욱,717,538008133,patrolship,10000,2022-12-12 00:06:32+00:00,2022-12-12 00:06:32+00:00,128.8028,34.99731667,346.0,9.5,9.600000000000023,2.2,가속 이동/통과
3416,PKG-723 홍시욱,718,538008133,patrolship,10000,2022-12-12 00:10:52+00:00,2022-12-12 00:20:13+00:00,128.7990833,35.00951667,344.7,10.833333333333334,-1.3000000000000114,1.6999999999999993,이동/통과
3417,PKG-723 홍시욱,719,538008133,patrolship,10000,2022-12-12 00:25:41+00:00,2022-12-12 00:25:41+00:00,128.7822333,35.04993333,0.5,8.5,23.69999999999999,-1.5999999999999996,우선회(23.7°) 이동/통과
3418,PKG-723 홍시욱,720,538008133,patrolship,10000,2022-12-12 00:32:22+00:00,2022-12-12 00:32:48+00:00,128.78755,35.0634,33.8,7.0,33.3,-1.5,우선회(33.3°) 이동/통과
3419,PKG-723 홍시욱,721,538008133,patrolship,10000,2022-12-12 00:35:12+00:00,2022-12-12 00:35:12+00:00,128.7919833,35.06728333,49.3,6.5,15.5,-0.5,이동/통과
3420,PKG-723 홍시욱,722,538008133,patrolship,10000,2022-12-12 00:40:52+00:00,2022-12-12 00:52:54+00:00,128.80835,35.07613333,58.7,2.8333333333333335,9.400000000000006,-2.0,저속 운항
3421,PKG-723 홍시욱,723,538008133,patrolship,10000,2022-12-12 00:56:20+00:00,2022-12-12 20:10:01+00:00,128.8093333,35.07721667,35.7,0.040664544605721074,-18.799999999999997,-0.7,정박/대기
3422,PKG-723 홍시욱,724,538008133,patrolship,10000,2022-12-12 20:15:02+00:00,2022-12-12 20:15:02+00:00,128.8103167,35.07573333,130.9,2.0,-27.099999999999994,1.5,좌선회(27.1°) 저속 운항
3423,PKG-723 홍시욱,725,538008133,patrolship,10000,2022-12-12 20:15:31+00:00,2022-12-12 20:15:31+00:00,128.8106167,35.07553333,129.0,2.4,-1.9000000000000057,0.3999999999999999,저속 운항
3424,PKG-723 홍시욱,726,538008133,patrolship,10000,2022-12-12 20:20:09+00:00,2022-12-12 20:27:33+00:00,128.8127833,35.07293333,180.6,1.0,51.599999999999994,-1.0,우선회(51.6°) 저속 운항
3425,PKG-723 홍시욱,727,538008133,patrolship,10000,2022-12-12 20:30:31+00:00,2022-12-12 20:33:32+00:00,128.814,35.07266667,214.6,0.4,118.0,-0.19999999999999996,정박/대기
3426,PKG-723 홍시욱,728,538008133,patrolship,10000,2022-12-12 20:34:16+00:00,2022-12-12 20:34:16+00:00,128.8116667,35.07166667,258.0,4.0,30.0,3.6,우선회(30.0°) 가속 저속 운항
3427,PKG-723 홍시욱,729,538008133,patrolship,10000,2022-12-12 20:35:12+00:00,2022-12-12 20:35:12+00:00,128.8104833,35.0719,258.3,4.2,0.30000000000001137,0.20000000000000018,저속 운항
3428,PKG-723 홍시욱,730,538008133,patrolship,10000,2022-12-12 20:39:34+00:00,2022-12-12 20:39:34+00:00,128.8025833,35.07065,260.0,6.7,1.6999999999999886,2.5,가속 이동/통과
3429,PKG-723 홍시욱,731,538008133,patrolship,10000,2022-12-12 20:40:03+00:00,2022-12-12 20:40:03+00:00,128.8014,35.07046667,258.9,7.0,-1.1000000000000227,0.2999999999999998,이동/통과
3430,PKG-723 홍시욱,732,538008133,patrolship,10000,2022-12-12 20:45:11+00:00,2022-12-12 20:45:36+00:00,128.7888,35.06608333,224.4,8.5,-34.49999999999997,1.5,좌선회(34.5°) 이동/통과
3431,PKG-723 홍시욱,733,538008133,patrolship,10000,2022-12-12 20:50:02+00:00,2022-12-12 20:51:36+00:00,128.7822667,35.0555,194.5,9.5,-29.900000000000006,1.0,좌선회(29.9°) 이동/통과
3432,PKG-723 홍시욱,734,538008133,patrolship,10000,2022-12-12 20:55:01+00:00,2022-12-12 21:05:01+00:00,128.7810167,35.04193333,179.4,9.200000000000001,-15.099999999999994,0.8000000000000007,이동/통과
3433,PKG-723 홍시욱,735,538008133,patrolship,10000,2022-12-12 21:09:36+00:00,2022-12-12 21:09:36+00:00,128.7917833,35.00601667,165.0,10.6,0.5,2.4000000000000004,가속 이동/통과
3434,PKG-723 홍시욱,736,538008133,patrolship,10000,2022-12-12 21:10:01+00:00,2022-12-13 18:07:42+00:00,128.7923833,35.00413333,164.9,12.572321428571428,-0.09999999999999432,0.3000000000000007,이동/통과
3435,PKG-723 홍시욱,737,538008133,patrolship,10000,2022-12-13 19:40:56+00:00,2022-12-13 19:40:56+00:00,125.7683333,31.505,258.0,12.0,34.0,0.0,우선회(34.0°) 이동/통과
3436,PKG-723 홍시욱,738,538008133,patrolship,10000,2022-12-13 19:46:57+00:00,2022-12-13 19:46:57+00:00,125.745,31.49666667,247.0,13.0,-11.0,1.0,이동/통과
3437,PKG-725 홍대선,0,511475000,patrolship,10000,2022-12-05 18:05:18+00:00,2022-12-05 19:15:07+00:00,130.7725833,34.33276333,182.1,11.91875,0.0,0.0,이동/통과
3438,PKG-725 홍대선,1,511475000,patrolship,10000,2022-12-05 19:20:01+00:00,2022-12-05 19:20:01+00:00,130.75093,34.08625,146.3,11.7,-36.39999999999998,-0.20000000000000107,좌선회(36.4°) 이동/통과
3439,PKG-725 홍대선,2,511475000,patrolship,10000,2022-12-05 19:25:08+00:00,2022-12-05 20:00:08+00:00,130.7643883,34.07329167,137.4,11.57,-8.900000000000006,0.5,이동/통과
3440,PKG-725 홍대선,3,511475000,patrolship,10000,2022-12-05 20:05:08+00:00,2022-12-05 20:06:48+00:00,130.8739617,33.98383,166.8,11.3,30.400000000000006,-0.09999999999999964,우선회(30.4°) 이동/통과
3441,PKG-725 홍대선,4,511475000,patrolship,10000,2022-12-05 20:10:08+00:00,2022-12-05 20:12:48+00:00,130.8738867,33.96861333,205.4,11.1,38.599999999999994,-0.20000000000000107,우선회(38.6°) 이동/통과
3442,PKG-725 홍대선,5,511475000,patrolship,10000,2022-12-05 20:15:04+00:00,2022-12-05 20:18:49+00:00,130.8650667,33.95480667,193.9,11.350000000000001,-11.5,0.20000000000000107,이동/통과
3443,PKG-725 홍대선,6,511475000,patrolship,10000,2022-12-05 20:20:08+00:00,2022-12-05 20:20:08+00:00,130.867675,33.93934167,146.6,11.3,-32.400000000000006,-0.09999999999999964,좌선회(32.4°) 이동/통과
3444,PKG-725 홍대선,7,511475000,patrolship,10000,2022-12-05 20:24:49+00:00,2022-12-05 20:30:49+00:00,130.873215,33.93285,144.0,11.299999999999999,-2.5999999999999943,0.09999999999999964,이동/통과
3445,PKG-725 홍대선,8,511475000,patrolship,10000,2022-12-05 20:35:01+00:00,2022-12-05 20:36:49+00:00,130.9037167,33.90424667,117.1,10.8,-22.900000000000006,-0.29999999999999893,좌선회(22.9°) 이동/통과
3446,PKG-725 홍대선,9,511475000,patrolship,10000,2022-12-05 20:40:07+00:00,2022-12-05 20:42:49+00:00,130.92067,33.90633333,61.2,10.3,-55.89999999999999,-0.5,좌선회(55.9°) 이동/통과
3447,PKG-725 홍대선,10,511475000,patrolship,10000,2022-12-05 20:45:07+00:00,2022-12-05 20:45:07+00:00,130.9303583,33.917125,24.4,9.7,-36.800000000000004,-0.6000000000000014,좌선회(36.8°) 이동/통과
3448,PKG-725 홍대선,11,511475000,patrolship,10000,2022-12-05 20:48:49+00:00,2022-12-05 21:25:07+00:00,130.9346,33.92505667,24.0,9.416666666666666,-0.3999999999999986,0.0,이동/통과
3449,PKG-725 홍대선,12,511475000,patrolship,10000,2022-12-05 21:30:07+00:00,2022-12-05 21:30:50+00:00,131.0325617,33.96159333,143.4,9.6,29.900000000000006,0.40000000000000036,우선회(29.9°) 이동/통과
3450,PKG-725 홍대선,13,511475000,patrolship,10000,2022-12-05 21:35:08+00:00,2022-12-05 22:25:57+00:00,131.042465,33.95052667,142.8,10.65,-0.5999999999999943,0.40000000000000036,이동/통과
3451,PKG-725 홍대선,14,511475000,patrolship,10000,2022-12-05 22:30:07+00:00,2022-12-05 22:31:00+00:00,131.1977533,33.85091833,104.1,10.6,-24.0,-0.5,좌선회(24.0°) 이동/통과
3452,PKG-725 홍대선,15,511475000,patrolship,10000,2022-12-05 22:36:18+00:00,2022-12-05 22:36:18+00:00,131.2193917,33.84609667,105.0,10.9,0.9000000000000057,0.3000000000000007,이동/통과
3453,PKG-725 홍대선,16,511475000,patrolship,10000,2022-12-09 04:20:00+00:00,2022-12-09 04:20:00+00:00,131.2176517,33.86109167,279.8,10.9,174.8,0.0,우선회(174.8°) 이동/통과
3454,PKG-725 홍대선,17,511475000,patrolship,10000,2022-12-09 04:23:39+00:00,2022-12-09 04:23:39+00:00,131.21164,33.86198,280.0,10.9,0.19999999999998863,0.0,이동/통과
3455,PKG-725 홍대선,18,511475000,patrolship,10000,2022-12-09 04:25:01+00:00,2022-12-09 04:29:39+00:00,131.2011717,33.866425,310.1,10.5,30.100000000000023,-0.40000000000000036,우선회(30.1°) 이동/통과
3456,PKG-725 홍대선,19,511475000,patrolship,10000,2022-12-09 04:30:31+00:00,2022-12-09 05:30:01+00:00,131.1850733,33.875775,303.2,10.55,-6.900000000000034,0.1999999999999993,이동/통과
3457,PKG-725 홍대선,20,511475000,patrolship,10000,2022-12-09 05:35:03+00:00,2022-12-09 05:35:42+00:00,130.9960783,33.97995333,266.6,10.6,-32.299999999999955,0.0,좌선회(32.3°) 이동/통과
3458,PKG-725 홍대선,21,511475000,patrolship,10000,2022-12-09 05:40:11+00:00,2022-12-09 05:41:42+00:00,130.9795683,33.973575,238.2,10.7,-28.400000000000034,0.09999999999999964,좌선회(28.4°) 이동/통과
3459,PKG-725 홍대선,22,511475000,patrolship,10000,2022-12-09 05:45:00+00:00,2022-12-09 06:06:01+00:00,130.9650733,33.96613,233.0,10.083333333333334,-5.199999999999989,-0.29999999999999893,이동/통과
3460,PKG-725 홍대선,23,511475000,patrolship,10000,2022-12-09 06:10:00+00:00,2022-12-09 06:11:43+00:00,130.92125,33.91060333,243.7,7.900000000000001,45.0,-1.299999999999999,우선회(45.0°) 이동/통과
3461,PKG-725 홍대선,24,511475000,patrolship,10000,2022-12-09 06:15:10+00:00,2022-12-09 06:17:43+00:00,130.907395,33.90899333,279.0,8.3,35.30000000000001,0.40000000000000036,우선회(35.3°) 이동/통과
3462,PKG-725 홍대선,25,511475000,patrolship,10000,2022-12-09 06:20:00+00:00,2022-12-09 06:23:45+00:00,130.897385,33.91603833,321.9,8.8,42.89999999999998,0.5,우선회(42.9°) 이동/통과
3463,PKG-725 홍대선,26,511475000,patrolship,10000,2022-12-09 06:25:10+00:00,2022-12-09 06:30:00+00:00,130.88742,33.92678,321.0,9.733333333333333,-0.8999999999999773,0.7999999999999989,이동/통과
3464,PKG-725 홍대선,27,511475000,patrolship,10000,2022-12-09 06:35:00+00:00,2022-12-09 06:36:03+00:00,130.8687433,33.94841333,359.8,9.1,40.10000000000002,-0.9000000000000004,우선회(40.1°) 이동/통과
3465,PKG-725 홍대선,28,511475000,patrolship,10000,2022-12-09 06:40:00+00:00,2022-12-09 06:41:45+00:00,130.8728033,33.96092667,30.4,9.7,30.599999999999966,0.5999999999999996,우선회(30.6°) 이동/통과
3466,PKG-725 홍대선,29,511475000,patrolship,10000,2022-12-09 06:45:01+00:00,2022-12-09 06:50:00+00:00,130.87976,33.973415,16.0,10.0,-14.399999999999999,0.40000000000000036,이동/통과
3467,PKG-725 홍대선,30,511475000,patrolship,10000,2022-12-09 06:55:10+00:00,2022-12-09 07:00:03+00:00,130.8757017,34.00003833,315.6,10.0,-43.39999999999998,0.09999999999999964,좌선회(43.4°) 이동/통과
3468,PKG-725 홍대선,31,511475000,patrolship,10000,2022-12-09 07:00:10+00:00,2022-12-09 07:42:00+00:00,130.86232,34.00911,306.7,10.559999999999999,-8.900000000000034,0.3000000000000007,이동/통과
3469,PKG-725 홍대선,32,511475000,patrolship,10000,2022-12-09 07:45:00+00:00,2022-12-09 07:48:02+00:00,130.7560267,34.10393833,6.1,10.9,46.10000000000002,0.0,우선회(46.1°) 이동/통과
3470,PKG-725 홍대선,33,511475000,patrolship,10000,2022-12-09 07:50:01+00:00,2022-12-09 08:51:49+00:00,130.7559817,34.11941833,358.2,11.153846153846153,-7.900000000000034,0.1999999999999993,이동/통과
3471,PKG-726 한문식,0,636020104,patrolship,10000,2022-12-07 06:05:39+00:00,2022-12-07 11:50:44+00:00,129.5893333,35.18718333,197.0,10.593650793650793,0.0,0.0,이동/통과
3472,PKG-726 한문식,1,636020104,patrolship,10000,2022-12-07 11:55:00+00:00,2022-12-07 11:56:44+00:00,128.90235,34.3258,187.0,10.7,-26.0,-0.5,좌선회(26.0°) 이동/통과
3473,PKG-726 한문식,2,636020104,patrolship,10000,2022-12-07 12:00:02+00:00,2022-12-07 16:21:30+00:00,128.9003167,34.31063333,191.0,10.869841269841269,4.0,0.3000000000000007,이동/통과
3474,PKG-729 김수현,0,538007318,patrolship,10000,2022-12-01 00:02:35+00:00,2022-12-14 21:59:32+00:00,128.2294433,34.09975,240.1,0.11555394583135226,0.0,0.0,정박/대기
3475,PKG-732 전병익,0,477947800,patrolship,10000,2022-12-10 05:30:59+00:00,2022-12-10 08:10:41+00:00,125.7615733,32.95745833,90.6,14.5,0.0,0.0,이동/통과
3476,PKG-732 전병익,1,477947800,patrolship,10000,2022-12-10 08:25:41+00:00,2022-12-10 08:25:41+00:00,126.5987683,32.95371167,68.7,15.6,-30.39999999999999,0.7999999999999989,좌선회(30.4°) 이동/통과
3477,PKG-732 전병익,2,477947800,patrolship,10000,2022-12-10 08:39:30+00:00,2022-12-11 04:46:38+00:00,126.66743,32.96538167,81.6,13.463461538461539,12.899999999999991,-0.40000000000000036,이동/통과
3478,PKM- 참수리,0,352001842,patrolship,10000,2022-12-05 03:32:24+00:00,2022-12-05 07:35:03+00:00,129.5596833,35.26826833,207.4,9.799999999999999,0.0,0.0,이동/통과
3479,PKM- 참수리,1,352001842,patrolship,10000,2022-12-05 07:41:25+00:00,2022-12-05 07:41:25+00:00,129.000435,34.781595,263.9,7.9,27.19999999999999,-0.7999999999999989,우선회(27.2°) 이동/통과
3480,PKM- 참수리,2,352001842,patrolship,10000,2022-12-05 07:45:15+00:00,2022-12-05 09:25:06+00:00,128.990325,34.78219167,281.5,7.852173913043478,17.600000000000023,0.0,이동/통과
3481,PKM- 참수리,3,352001842,patrolship,10000,2022-12-05 09:31:06+00:00,2022-12-05 09:31:06+00:00,128.8270317,34.96105833,330.5,6.2,4.300000000000011,-3.7,감속 이동/통과
3482,PKM- 참수리,4,352001842,patrolship,10000,2022-12-05 09:35:14+00:00,2022-12-05 09:35:34+00:00,128.8227867,34.96670667,325.4,5.6,-5.100000000000023,-0.6000000000000005,이동/통과
3483,PKM- 참수리,5,352001842,patrolship,10000,2022-12-05 09:40:06+00:00,2022-12-05 09:40:06+00:00,128.8165467,34.97446333,329.5,7.6,4.100000000000023,2.0,가속 이동/통과
3484,PKM- 참수리,6,352001842,patrolship,10000,2022-12-05 09:45:05+00:00,2022-12-05 09:45:05+00:00,128.8117333,34.98227167,345.8,5.3,16.30000000000001,-2.3,감속 이동/통과
3485,PKM- 참수리,7,352001842,patrolship,10000,2022-12-05 09:47:34+00:00,2022-12-05 09:47:34+00:00,128.810045,34.98605167,335.0,7.0,-10.800000000000011,1.7000000000000002,이동/통과
3486,PKM- 참수리,8,352001842,patrolship,10000,2022-12-05 09:50:06+00:00,2022-12-05 09:50:06+00:00,128.8068533,34.99161333,338.1,9.2,3.1000000000000227,2.1999999999999993,가속 이동/통과
3487,PKM- 참수리,9,352001842,patrolship,10000,2022-12-05 09:55:05+00:00,2022-12-05 10:15:04+00:00,128.8008333,35.00516667,340.9,9.666666666666666,2.7999999999999545,1.8000000000000007,이동/통과
3488,PKM- 참수리,10,352001842,patrolship,10000,2022-12-05 10:20:06+00:00,2022-12-05 10:20:06+00:00,128.78968,35.06647167,37.3,8.5,27.099999999999998,1.0,우선회(27.1°) 이동/통과
3489,PKM- 참수리,11,352001842,patrolship,10000,2022-12-05 10:23:35+00:00,2022-12-05 10:23:35+00:00,128.7931967,35.06884167,60.0,8.0,22.700000000000003,-0.5,우선회(22.7°) 이동/통과
3490,PKM- 참수리,12,352001842,patrolship,10000,2022-12-05 10:25:24+00:00,2022-12-05 10:25:24+00:00,128.8019367,35.07058167,86.8,6.6,26.799999999999997,-1.4000000000000004,우선회(26.8°) 이동/통과
3491,PKM- 참수리,13,352001842,patrolship,10000,2022-12-05 10:29:34+00:00,2022-12-05 10:29:34+00:00,128.8087367,35.071095,86.8,6.6,0.0,0.0,이동/통과
3492,PKM- 참수리,14,352001842,patrolship,10000,2022-12-05 10:30:05+00:00,2022-12-05 10:30:05+00:00,128.8094267,35.07114833,85.0,4.0,-1.7999999999999972,-2.5999999999999996,감속 저속 운항
3493,PKM- 참수리,15,352001842,patrolship,10000,2022-12-05 10:35:14+00:00,2022-12-05 10:35:35+00:00,128.8155167,35.07123833,87.0,3.2,2.0,-0.7999999999999998,저속 운항
3494,PKM- 참수리,16,352001842,patrolship,10000,2022-12-05 10:40:05+00:00,2022-12-05 10:40:05+00:00,128.8239533,35.07107167,78.0,5.0,-9.0,1.7999999999999998,이동/통과
3495,PKM- 참수리,17,352001842,patrolship,10000,2022-12-05 10:41:35+00:00,2022-12-05 10:47:35+00:00,128.8251133,35.071405,67.0,3.0,-11.0,-0.9000000000000004,저속 운항
3496,PKM- 참수리,18,352001842,patrolship,10000,2022-12-05 10:50:04+00:00,2022-12-05 16:11:34+00:00,128.8307217,35.07420833,145.5,0.5382113821138211,97.5,-1.0999999999999999,정박/대기
3497,PKM- 참수리,19,352001842,patrolship,10000,2022-12-05 16:15:00+00:00,2022-12-05 16:17:35+00:00,128.8315217,35.073585,11.0,1.3999999999999997,114.69999999999999,0.9999999999999999,우선회(114.7°) 저속 운항
3498,PKM- 참수리,20,352001842,patrolship,10000,2022-12-05 16:20:09+00:00,2022-12-05 16:23:34+00:00,128.8292783,35.07538167,252.9,2.5,-118.1,1.1,좌선회(118.1°) 저속 운항
3499,PKM- 참수리,21,352001842,patrolship,10000,2022-12-05 16:25:00+00:00,2022-12-05 16:30:00+00:00,128.8232167,35.074785,259.3,7.0,6.400000000000006,2.9000000000000004,가속 이동/통과
3500,PKM- 참수리,22,352001842,patrolship,10000,2022-12-05 16:35:18+00:00,2022-12-05 16:35:35+00:00,128.7948217,35.07295667,267.1,9.3,1.5,0.7000000000000011,이동/통과
3501,PKM- 참수리,23,352001842,patrolship,10000,2022-12-05 16:40:00+00:00,2022-12-05 16:41:34+00:00,128.7855683,35.06456,207.8,10.2,-59.30000000000001,0.8999999999999986,좌선회(59.3°) 이동/통과
3502,PKM- 참수리,24,352001842,patrolship,10000,2022-12-05 16:45:00+00:00,2022-12-05 16:45:00+00:00,128.7801033,35.04986667,189.5,11.5,-18.30000000000001,1.3000000000000007,이동/통과
3503,PKM- 참수리,25,352001842,patrolship,10000,2022-12-05 16:50:00+00:00,2022-12-05 16:50:00+00:00,128.78171,35.03375833,164.7,11.9,-24.80000000000001,0.40000000000000036,좌선회(24.8°) 이동/통과
3504,PKM- 참수리,26,352001842,patrolship,10000,2022-12-05 16:55:20+00:00,2022-12-05 16:59:35+00:00,128.7852383,35.02024167,165.0,7.4,0.30000000000001137,-4.5,감속 이동/통과
3505,PKM- 참수리,27,352001842,patrolship,10000,2022-12-05 17:00:09+00:00,2022-12-05 17:00:09+00:00,128.7887717,35.01010333,164.0,8.1,-1.0,0.6999999999999993,이동/통과
3506,PKM- 참수리,28,352001842,patrolship,10000,2022-12-05 17:05:10+00:00,2022-12-05 17:05:34+00:00,128.7929633,34.99725333,165.1,11.0,1.0999999999999943,2.9000000000000004,가속 이동/통과
3507,PKM- 참수리,29,352001842,patrolship,10000,2022-12-05 17:10:09+00:00,2022-12-05 17:15:30+00:00,128.7976367,34.98151667,166.1,12.3,1.0,1.0999999999999996,이동/통과
3508,PKM- 참수리,30,352001842,patrolship,10000,2022-12-05 17:20:03+00:00,2022-12-05 17:20:03+00:00,128.8135633,34.951275,104.8,11.1,-54.3,-1.4000000000000004,좌선회(54.3°) 이동/통과
3509,PKM- 참수리,31,352001842,patrolship,10000,2022-12-05 17:25:20+00:00,2022-12-05 18:53:35+00:00,128.8339167,34.951825,86.6,11.761904761904763,-18.200000000000003,0.8000000000000007,이동/통과
3510,PKM- 참수리,32,352001842,patrolship,10000,2022-12-05 18:55:09+00:00,2022-12-05 18:55:09+00:00,129.151085,35.04774333,19.7,11.4,-27.000000000000004,-0.1999999999999993,좌선회(27.0°) 이동/통과
3511,PKM- 참수리,33,352001842,patrolship,10000,2022-12-05 18:59:34+00:00,2022-12-05 18:59:35+00:00,129.1525817,35.05182,11.0,11.4,-8.7,0.0,이동/통과
3512,PKM- 참수리,34,352001842,patrolship,10000,2022-12-05 19:00:00+00:00,2022-12-05 19:00:00+00:00,129.1511767,35.06245333,337.0,10.9,-34.0,-0.5,좌선회(34.0°) 이동/통과
3513,PKM- 참수리,35,352001842,patrolship,10000,2022-12-05 19:05:00+00:00,2022-12-05 19:05:35+00:00,129.1422733,35.07120667,295.3,6.5,-41.69999999999999,-4.4,좌선회(41.7°) 감속 이동/통과
3514,PKM- 참수리,36,352001842,patrolship,10000,2022-12-05 19:10:09+00:00,2022-12-05 19:10:09+00:00,129.1311767,35.07390167,285.9,8.3,-9.400000000000034,1.8000000000000007,이동/통과
3515,PKM- 참수리,37,352001842,patrolship,10000,2022-12-05 19:15:09+00:00,2022-12-05 19:17:35+00:00,129.1147033,35.07744833,289.4,11.1,3.5,2.799999999999999,가속 이동/통과
3516,PKM- 참수리,38,352001842,patrolship,10000,2022-12-05 19:20:10+00:00,2022-12-05 19:23:35+00:00,129.0986683,35.08585667,308.7,10.85,19.30000000000001,-0.09999999999999964,이동/통과
3517,PKM- 참수리,39,352001842,patrolship,10000,2022-12-05 19:25:10+00:00,2022-12-05 19:30:19+00:00,129.0859917,35.09358833,304.6,6.25,-3.3999999999999773,-3.1999999999999993,감속 이동/통과
3518,PKM- 참수리,40,352001842,patrolship,10000,2022-12-05 19:35:00+00:00,2022-12-05 19:35:34+00:00,129.0725883,35.10231167,315.2,3.5,5.5,-1.5,저속 운항
3519,PKM- 참수리,41,352001842,patrolship,10000,2022-12-05 19:40:09+00:00,2022-12-06 07:00:10+00:00,129.0707417,35.10467,43.3,0.2524804177545692,88.10000000000002,-3.0,정박/대기
3520,PKM- 참수리,42,352001842,patrolship,10000,2022-12-06 07:05:10+00:00,2022-12-06 07:05:35+00:00,129.0714883,35.10394833,187.5,1.9,-1.0,1.5999999999999999,저속 운항
3521,PKM- 참수리,43,352001842,patrolship,10000,2022-12-06 07:10:19+00:00,2022-12-06 07:11:35+00:00,129.0694667,35.101945,314.7,1.0,127.19999999999999,-0.8999999999999999,우선회(127.2°) 저속 운항
3522,PKM- 참수리,44,352001842,patrolship,10000,2022-12-06 07:15:09+00:00,2022-12-06 07:15:09+00:00,129.07113,35.102005,126.7,3.8,172.0,2.8,우선회(172.0°) 가속 저속 운항
3523,PKM- 참수리,45,352001842,patrolship,10000,2022-12-06 07:17:34+00:00,2022-12-06 07:20:09+00:00,129.0727867,35.10099833,127.0,8.1,0.29999999999999716,2.2,가속 이동/통과
3524,PKM- 참수리,46,352001842,patrolship,10000,2022-12-06 07:25:10+00:00,2022-12-06 07:29:34+00:00,129.0967167,35.08658833,125.8,10.2,-1.1000000000000085,0.0,이동/통과
3525,PKM- 참수리,47,352001842,patrolship,10000,2022-12-06 07:30:19+00:00,2022-12-06 07:30:19+00:00,129.108585,35.078815,136.6,6.9,10.799999999999997,-3.299999999999999,감속 이동/통과
3526,PKM- 참수리,48,352001842,patrolship,10000,2022-12-06 07:35:20+00:00,2022-12-06 07:40:09+00:00,129.11577,35.07128167,143.7,8.35,7.099999999999994,0.7999999999999998,이동/통과
3527,PKM- 참수리,49,352001842,patrolship,10000,2022-12-06 07:45:08+00:00,2022-12-06 07:45:08+00:00,129.127485,35.048415,159.3,11.0,-1.5999999999999943,2.0,가속 이동/통과
3528,PKM- 참수리,50,352001842,patrolship,10000,2022-12-06 07:50:09+00:00,2022-12-06 09:15:18+00:00,129.1349267,35.03317833,158.6,13.073684210526316,-0.700000000000017,1.1999999999999993,이동/통과
3529,PKM- 참수리,51,352001842,patrolship,10000,2022-12-06 09:20:00+00:00,2022-12-06 09:20:00+00:00,129.0662867,34.72844,227.4,13.2,23.5,-0.10000000000000142,우선회(23.5°) 이동/통과
3530,PKM- 참수리,52,352001842,patrolship,10000,2022-12-06 09:32:59+00:00,2022-12-06 14:24:43+00:00,129.0304417,34.69069333,214.1,13.183582089552239,-13.300000000000011,0.3000000000000007,이동/통과
3531,SS-061 장보고,0,371002000,others,5000,2022-12-01 22:37:26+00:00,2022-12-02 02:56:56+00:00,126.0920433,34.06749,95.7,16.025000000000002,0.0,0.0,이동/통과
3532,SS-061 장보고,1,371002000,others,5000,2022-12-02 03:08:54+00:00,2022-12-02 03:08:54+00:00,127.5547,34.15941833,71.4,12.0,-0.6999999999999886,-3.3000000000000007,감속 이동/통과
3533,SS-061 장보고,2,371002000,others,5000,2022-12-02 03:31:52+00:00,2022-12-02 03:46:43+00:00,127.636815,34.18148,72.0,10.95,0.5999999999999943,-1.0,이동/통과
3534,SS-061 장보고,3,371002000,others,5000,2022-12-02 04:04:04+00:00,2022-12-02 04:04:04+00:00,127.7604617,34.21290667,72.3,13.5,-0.9000000000000057,2.5999999999999996,가속 이동/통과
3535,SS-061 장보고,4,371002000,others,5000,2022-12-02 04:06:22+00:00,2022-12-02 07:30:55+00:00,127.770465,34.21555,72.3,13.262500000000001,0.0,0.0,이동/통과
3536,SS-061 장보고,5,371002000,others,5000,2022-12-02 07:35:05+00:00,2022-12-02 07:35:05+00:00,128.6050483,34.52036333,78.0,11.9,24.1,-0.40000000000000036,우선회(24.1°) 이동/통과
3537,SS-061 장보고,6,371002000,others,5000,2022-12-02 07:36:58+00:00,2022-12-02 07:40:06+00:00,128.6083417,34.52079667,85.0,12.15,7.0,0.09999999999999964,이동/통과
3538,SS-061 장보고,7,371002000,others,5000,2022-12-02 07:45:25+00:00,2022-12-02 07:48:58+00:00,128.6449117,34.52805,61.1,12.9,-28.4,0.5999999999999996,좌선회(28.4°) 이동/통과
3539,SS-061 장보고,8,371002000,others,5000,2022-12-02 07:50:25+00:00,2022-12-02 08:55:05+00:00,128.6631433,34.53663167,60.3,12.3625,-0.8000000000000043,-0.3000000000000007,이동/통과
3540,SS-061 장보고,9,371002000,others,5000,2022-12-02 09:00:44+00:00,2022-12-02 09:00:58+00:00,128.9064167,34.66937667,29.2,12.3,-23.000000000000004,0.0,좌선회(23.0°) 이동/통과
3541,SS-061 장보고,10,371002000,others,5000,2022-12-02 09:05:55+00:00,2022-12-02 11:25:06+00:00,128.9172467,34.68479333,31.3,11.283870967741937,2.1000000000000014,-0.10000000000000142,이동/통과
3542,SS-061 장보고,11,371002000,others,5000,2022-12-02 11:30:04+00:00,2022-12-02 11:30:57+00:00,129.1373567,35.07137667,316.1,3.2,-7.099999999999966,-2.7,감속 저속 운항
3543,SS-061 장보고,12,371002000,others,5000,2022-12-02 11:35:04+00:00,2022-12-02 11:36:55+00:00,129.1342283,35.07423667,318.0,3.05,1.8999999999999773,-0.5,저속 운항
3544,SS-061 장보고,13,371002000,others,5000,2022-12-02 11:40:16+00:00,2022-12-02 11:48:56+00:00,129.1268,35.07767,292.4,8.75,-17.600000000000023,4.0,가속 이동/통과
3545,SS-061 장보고,14,371002000,others,5000,2022-12-02 11:50:04+00:00,2022-12-02 11:50:04+00:00,129.097835,35.08696333,305.1,9.9,27.5,-0.1999999999999993,우선회(27.5°) 이동/통과
3546,SS-061 장보고,15,371002000,others,5000,2022-12-02 11:54:55+00:00,2022-12-02 11:55:04+00:00,129.08883,35.09226833,306.0,7.550000000000001,0.8999999999999773,-2.0,이동/통과
3547,SS-061 장보고,16,371002000,others,5000,2022-12-02 12:00:04+00:00,2022-12-02 12:00:56+00:00,129.0781583,35.09922833,314.6,4.7,9.100000000000023,-2.5,감속 저속 운항
3548,SS-061 장보고,17,371002000,others,5000,2022-12-02 12:05:04+00:00,2022-12-02 12:05:04+00:00,129.07468,35.10245,338.0,1.2,23.399999999999977,-3.5,우선회(23.4°) 감속 저속 운항
3549,SS-061 장보고,18,371002000,others,5000,2022-12-02 12:06:57+00:00,2022-12-02 12:06:57+00:00,129.0746267,35.10284833,358.0,1.5,20.0,0.30000000000000004,우선회(20.0°) 저속 운항
3550,SS-061 장보고,19,371002000,others,5000,2022-12-02 12:10:15+00:00,2022-12-02 22:49:33+00:00,129.0741567,35.10387833,349.8,0.03605084745762712,-8.199999999999989,-1.3,정박/대기
3551,SS-061 장보고,20,371002000,others,5000,2022-12-02 22:50:10+00:00,2022-12-02 22:54:56+00:00,129.0737017,35.10347167,201.7,1.1,-6.300000000000011,0.10000000000000009,저속 운항
3552,SS-061 장보고,21,371002000,others,5000,2022-12-02 22:55:03+00:00,2022-12-02 22:55:03+00:00,129.0728383,35.101635,240.6,1.6,38.900000000000006,0.5,우선회(38.9°) 저속 운항
3553,SS-061 장보고,22,371002000,others,5000,2022-12-02 23:00:10+00:00,2022-12-02 23:00:55+00:00,129.0751833,35.10048667,134.7,4.7,-105.9,3.1,좌선회(105.9°) 가속 저속 운항
3554,SS-061 장보고,23,371002000,others,5000,2022-12-02 23:05:10+00:00,2022-12-02 23:05:10+00:00,129.08406,35.09354333,129.0,9.3,-5.699999999999989,4.6000000000000005,가속 이동/통과
3555,SS-061 장보고,24,371002000,others,5000,2022-12-02 23:10:00+00:00,2022-12-02 23:25:00+00:00,129.0965317,35.085855,123.9,8.342857142857143,-5.099999999999994,-0.5,이동/통과
3556,SS-061 장보고,25,371002000,others,5000,2022-12-02 23:30:00+00:00,2022-12-02 23:30:55+00:00,129.13128,35.0503,183.8,8.5,31.900000000000006,-0.5999999999999996,우선회(31.9°) 이동/통과
3557,SS-061 장보고,26,371002000,others,5000,2022-12-02 23:35:00+00:00,2022-12-03 00:55:00+00:00,129.1280933,35.03779833,192.4,11.944444444444445,8.599999999999994,1.3000000000000007,이동/통과
3558,SS-061 장보고,27,371002000,others,5000,2022-12-03 01:00:00+00:00,2022-12-03 01:00:58+00:00,128.9699967,34.78665333,228.3,12.9,26.700000000000017,-0.1999999999999993,우선회(26.7°) 이동/통과
3559,SS-061 장보고,28,371002000,others,5000,2022-12-03 01:05:00+00:00,2022-12-03 05:15:30+00:00,128.9535783,34.77472167,228.4,11.538461538461538,0.4000000000000057,0.1999999999999993,이동/통과
3560,SS-061 장보고,29,371002000,others,5000,2022-12-03 05:21:19+00:00,2022-12-03 05:24:58+00:00,128.077465,34.47738333,316.7,9.8,49.30000000000001,-0.09999999999999964,우선회(49.3°) 이동/통과
3561,SS-061 장보고,30,371002000,others,5000,2022-12-03 05:25:19+00:00,2022-12-03 06:00:56+00:00,128.0674533,34.48604,316.3,11.47,-0.39999999999997726,1.3999999999999986,이동/통과
3562,SS-061 장보고,31,371002000,others,5000,2022-12-03 06:05:19+00:00,2022-12-03 06:05:29+00:00,127.9619133,34.579535,337.3,11.3,21.19999999999999,-0.29999999999999893,우선회(21.2°) 이동/통과
3563,SS-061 장보고,32,371002000,others,5000,2022-12-03 06:06:54+00:00,2022-12-03 06:24:55+00:00,127.95957,34.584995,338.1,11.549999999999999,0.0,0.0,이동/통과
3564,SS-061 장보고,33,371002000,others,5000,2022-12-03 06:25:40+00:00,2022-12-03 06:25:40+00:00,127.940945,34.64101333,348.8,8.7,-0.19999999999998863,-2.9000000000000004,감속 이동/통과
3565,SS-061 장보고,34,371002000,others,5000,2022-12-03 06:30:01+00:00,2022-12-03 06:36:54+00:00,127.9386733,34.65084833,348.8,9.7625,0.0,0.40000000000000036,이동/통과
3566,SS-061 장보고,35,371002000,others,5000,2022-12-03 06:40:29+00:00,2022-12-03 06:40:29+00:00,127.92684,34.67826667,314.3,10.0,-29.69999999999999,-0.3000000000000007,좌선회(29.7°) 이동/통과
3567,SS-061 장보고,36,371002000,others,5000,2022-12-03 06:42:58+00:00,2022-12-03 06:48:59+00:00,127.91909,34.68386167,314.3,10.05,0.0,0.0,이동/통과
3568,SS-061 장보고,37,371002000,others,5000,2022-12-03 06:51:19+00:00,2022-12-03 06:51:19+00:00,127.8992983,34.69600833,299.9,7.9,-11.100000000000023,-2.1999999999999993,감속 이동/통과
3569,SS-061 장보고,38,371002000,others,5000,2022-12-03 06:56:59+00:00,2022-12-03 07:12:57+00:00,127.88625,34.701635,297.3,7.2,-2.599999999999966,-0.3000000000000007,이동/통과
3570,SS-061 장보고,39,371002000,others,5000,2022-12-03 07:15:41+00:00,2022-12-03 07:20:11+00:00,127.8488883,34.72083833,308.8,4.4,1.8000000000000114,-1.8999999999999995,저속 운항
3571,SS-061 장보고,40,371002000,others,5000,2022-12-03 07:24:58+00:00,2022-12-03 07:27:10+00:00,127.8412917,34.726005,314.0,5.45,5.699999999999989,1.0999999999999996,이동/통과
3572,SS-061 장보고,41,371002000,others,5000,2022-12-03 07:30:30+00:00,2022-12-03 07:40:00+00:00,127.83285,34.73549667,334.1,3.3600000000000003,3.1000000000000227,-1.3000000000000007,저속 운항
3573,SS-061 장보고,42,371002000,others,5000,2022-12-03 07:45:39+00:00,2022-12-03 07:45:39+00:00,127.8271383,34.748055,339.8,6.4,-0.30000000000001137,4.0,가속 이동/통과
3574,SS-061 장보고,43,371002000,others,5000,2022-12-03 07:48:59+00:00,2022-12-03 07:48:59+00:00,127.8234967,34.75602833,339.8,6.4,0.0,0.0,이동/통과
3575,SS-061 장보고,44,371002000,others,5000,2022-12-03 07:50:20+00:00,2022-12-03 07:50:20+00:00,127.8223467,34.75851833,339.1,9.7,-0.6999999999999886,3.299999999999999,가속 이동/통과
3576,SS-061 장보고,45,371002000,others,5000,2022-12-03 07:54:57+00:00,2022-12-03 08:18:55+00:00,127.819185,34.7682,344.0,12.488888888888889,4.899999999999977,1.5,이동/통과
3577,SS-061 장보고,46,371002000,others,5000,2022-12-03 08:20:20+00:00,2022-12-03 08:20:20+00:00,127.7905567,34.857565,320.7,11.7,-25.80000000000001,-0.40000000000000036,좌선회(25.8°) 이동/통과
3578,SS-061 장보고,47,371002000,others,5000,2022-12-03 08:24:56+00:00,2022-12-03 08:35:10+00:00,127.7837367,34.864235,320.0,11.879999999999999,-0.6999999999999886,0.3000000000000007,이동/통과
3579,SS-061 장보고,48,371002000,others,5000,2022-12-03 08:40:00+00:00,2022-12-03 08:40:00+00:00,127.7363667,34.90177167,283.1,11.4,-35.099999999999966,-0.29999999999999893,좌선회(35.1°) 이동/통과
3580,SS-061 장보고,49,371002000,others,5000,2022-12-03 08:42:56+00:00,2022-12-03 08:55:19+00:00,127.7250833,34.90394667,283.0,8.74,-0.10000000000002274,-0.20000000000000107,이동/통과
3581,SS-061 장보고,50,371002000,others,5000,2022-12-03 09:00:01+00:00,2022-12-03 09:00:01+00:00,127.6817533,34.90562667,241.6,5.1,-24.299999999999983,-1.5,좌선회(24.3°) 이동/통과
3582,SS-061 장보고,51,371002000,others,5000,2022-12-03 09:05:01+00:00,2022-12-03 09:05:01+00:00,127.6756067,34.90318667,252.6,2.7,11.0,-2.3999999999999995,감속 저속 운항
3583,SS-061 장보고,52,371002000,others,5000,2022-12-03 09:10:48+00:00,2022-12-03 09:10:48+00:00,127.67222,34.902735,255.8,1.9,3.200000000000017,-0.8000000000000003,저속 운항
3584,SS-061 장보고,53,371002000,others,5000,2022-12-03 09:16:58+00:00,2022-12-03 13:47:11+00:00,127.6704983,34.90257667,4.7,0.04735532011847801,108.89999999999998,-1.5999999999999999,정박/대기
3585,SS-061 장보고,54,371002000,others,5000,2022-12-03 13:50:20+00:00,2022-12-03 13:50:20+00:00,127.670995,34.90223167,102.4,1.9,-61.099999999999994,1.7999999999999998,좌선회(61.1°) 저속 운항
3586,SS-061 장보고,55,371002000,others,5000,2022-12-03 13:55:17+00:00,2022-12-03 13:55:17+00:00,127.6734433,34.89992167,296.7,0.5,-165.70000000000002,-1.4,정박/대기
3587,SS-061 장보고,56,371002000,others,5000,2022-12-03 14:00:40+00:00,2022-12-03 14:00:40+00:00,127.6791033,34.90368667,60.6,6.7,123.9,6.2,우선회(123.9°) 가속 이동/통과
3588,SS-061 장보고,57,371002000,others,5000,2022-12-03 14:00:57+00:00,2022-12-03 14:00:57+00:00,127.681185,34.90463833,60.6,6.7,0.0,0.0,이동/통과
3589,SS-061 장보고,58,371002000,others,5000,2022-12-03 14:05:01+00:00,2022-12-03 14:05:01+00:00,127.6907333,34.907145,82.2,10.1,21.6,3.3999999999999995,우선회(21.6°) 가속 이동/통과
3590,SS-061 장보고,59,371002000,others,5000,2022-12-03 14:06:56+00:00,2022-12-03 14:18:58+00:00,127.69966,34.906975,89.0,11.425,6.799999999999997,0.3000000000000007,이동/통과
3591,SS-061 장보고,60,371002000,others,5000,2022-12-03 14:20:10+00:00,2022-12-03 14:20:10+00:00,127.74674,34.89379667,127.1,11.9,22.89999999999999,0.0,우선회(22.9°) 이동/통과
3592,SS-061 장보고,61,371002000,others,5000,2022-12-03 14:24:55+00:00,2022-12-03 14:24:55+00:00,127.7571533,34.88080667,127.1,11.9,0.0,0.0,이동/통과
3593,SS-061 장보고,62,371002000,others,5000,2022-12-03 14:25:00+00:00,2022-12-03 14:25:00+00:00,127.7571533,34.88080667,154.5,11.9,27.400000000000006,0.0,우선회(27.4°) 이동/통과
3594,SS-061 장보고,63,371002000,others,5000,2022-12-03 14:30:00+00:00,2022-12-03 14:30:55+00:00,127.7705167,34.86907667,128.5,11.9,-26.0,0.0,좌선회(26.0°) 이동/통과
3595,SS-061 장보고,64,371002000,others,5000,2022-12-03 14:35:20+00:00,2022-12-03 14:36:55+00:00,127.7859433,34.85676167,146.3,11.9,17.80000000000001,0.0,이동/통과
3596,SS-061 장보고,65,371002000,others,5000,2022-12-03 14:40:31+00:00,2022-12-03 14:40:41+00:00,127.7927233,34.83920667,167.8,14.1,13.800000000000011,2.1999999999999993,가속 이동/통과
3597,SS-061 장보고,66,371002000,others,5000,2022-12-03 14:45:35+00:00,2022-12-03 14:55:41+00:00,127.7977133,34.81954167,168.5,13.76,0.8000000000000114,0.3000000000000007,이동/통과
3598,SS-061 장보고,67,371002000,others,5000,2022-12-03 15:00:40+00:00,2022-12-03 15:00:40+00:00,127.8114483,34.76675667,165.7,9.8,-2.200000000000017,-2.3999999999999986,감속 이동/통과
3599,SS-061 장보고,68,371002000,others,5000,2022-12-03 15:00:56+00:00,2022-12-03 15:00:56+00:00,127.8120717,34.764725,165.7,9.8,0.0,0.0,이동/통과
3600,SS-061 장보고,69,371002000,others,5000,2022-12-03 15:05:12+00:00,2022-12-03 15:05:12+00:00,127.8139533,34.75816,167.3,6.0,1.6000000000000227,-3.8000000000000007,감속 이동/통과
3601,SS-061 장보고,70,371002000,others,5000,2022-12-03 15:06:44+00:00,2022-12-03 15:07:31+00:00,127.814445,34.75650667,166.0,6.7,-1.3000000000000114,0.7000000000000002,이동/통과
3602,SS-061 장보고,71,371002000,others,5000,2022-12-03 15:10:12+00:00,2022-12-03 15:15:12+00:00,127.8174083,34.74816333,162.9,10.95,-3.0999999999999943,2.6000000000000005,가속 이동/통과
3603,SS-061 장보고,72,371002000,others,5000,2022-12-03 15:20:02+00:00,2022-12-03 15:20:04+00:00,127.829805,34.71699,134.2,12.6,-30.0,0.0,좌선회(30.0°) 이동/통과
3604,SS-061 장보고,73,371002000,others,5000,2022-12-03 15:25:02+00:00,2022-12-03 15:36:55+00:00,127.84905,34.70736667,120.4,15.35,-13.5,1.5,이동/통과
3605,SS-061 장보고,74,371002000,others,5000,2022-12-03 15:42:44+00:00,2022-12-03 15:42:44+00:00,127.9223967,34.66481,173.5,16.3,55.5,-0.09999999999999787,우선회(55.5°) 이동/통과
3606,SS-061 장보고,75,371002000,others,5000,2022-12-03 15:42:58+00:00,2022-12-03 15:56:32+00:00,127.9229283,34.66066333,173.5,16.82,0.0,0.0,이동/통과
3607,SS-061 장보고,76,371002000,others,5000,2022-12-03 16:00:02+00:00,2022-12-03 16:00:02+00:00,127.9293917,34.58464833,197.5,16.8,24.69999999999999,-0.1999999999999993,우선회(24.7°) 이동/통과
3608,SS-061 장보고,77,371002000,others,5000,2022-12-03 16:00:08+00:00,2022-12-03 18:10:31+00:00,127.9292433,34.584275,197.4,16.661290322580644,-0.09999999999999432,0.0,이동/통과
3609,SS-061 장보고,78,371002000,others,5000,2022-12-03 18:28:50+00:00,2022-12-03 18:28:50+00:00,127.35683,34.15085667,262.3,16.0,20.200000000000017,-0.6000000000000014,우선회(20.2°) 이동/통과
3610,SS-061 장보고,79,371002000,others,5000,2022-12-03 18:35:32+00:00,2022-12-03 22:28:55+00:00,127.3208283,34.14736333,261.9,16.571428571428573,-0.4000000000000341,-0.09999999999999964,이동/통과
3611,SS-061 장보고,80,371002000,others,5000,2022-12-08 18:43:19+00:00,2022-12-08 18:43:19+00:00,126.1502083,34.05336167,92.0,17.6,178.0,0.5,우선회(178.0°) 이동/통과
3612,SS-061 장보고,81,371002000,others,5000,2022-12-08 19:04:20+00:00,2022-12-08 19:57:08+00:00,126.27472,34.04798,92.0,17.975,0.0,0.1999999999999993,이동/통과
3613,SS-061 장보고,82,371002000,others,5000,2022-12-08 22:17:31+00:00,2022-12-08 22:17:31+00:00,127.3798017,34.112355,72.0,15.9,-12.0,-2.299999999999999,감속 이동/통과
3614,SS-061 장보고,83,371002000,others,5000,2022-12-08 22:20:25+00:00,2022-12-09 07:20:12+00:00,127.3944383,34.11619833,72.0,11.91837606837607,0.0,-0.3000000000000007,이동/통과
3615,SS-061 장보고,84,371002000,others,5000,2022-12-09 07:24:58+00:00,2022-12-09 07:24:58+00:00,129.1517533,35.059405,323.0,6.5,-39.0,-1.5999999999999996,좌선회(39.0°) 이동/통과
3616,SS-061 장보고,85,371002000,others,5000,2022-12-09 07:25:03+00:00,2022-12-09 07:25:03+00:00,129.150385,35.06089333,321.0,6.7,-2.0,0.20000000000000018,이동/통과
3617,SS-061 장보고,86,371002000,others,5000,2022-12-09 07:30:02+00:00,2022-12-09 07:30:58+00:00,129.1398717,35.06747,297.0,8.8,-24.0,2.1000000000000005,좌선회(24.0°) 가속 이동/통과
3618,SS-061 장보고,87,371002000,others,5000,2022-12-09 07:35:02+00:00,2022-12-09 07:42:57+00:00,129.1274967,35.07284,291.0,6.625,-6.0,-1.6000000000000005,이동/통과
3619,SS-061 장보고,88,371002000,others,5000,2022-12-09 07:45:00+00:00,2022-12-09 07:48:55+00:00,129.106535,35.08239667,304.0,9.4,10.0,3.0,가속 이동/통과
3620,SS-061 장보고,89,371002000,others,5000,2022-12-09 07:50:00+00:00,2022-12-09 07:50:00+00:00,129.094635,35.08957,311.0,6.5,7.0,-2.9000000000000004,감속 이동/통과
3621,SS-061 장보고,90,371002000,others,5000,2022-12-09 07:54:55+00:00,2022-12-09 07:55:01+00:00,129.0923717,35.09119833,306.0,5.95,-5.0,-1.0,이동/통과
3622,SS-061 장보고,91,371002000,others,5000,2022-12-09 08:00:01+00:00,2022-12-09 08:00:57+00:00,129.078955,35.09845,310.0,4.1,8.0,-2.3000000000000007,감속 저속 운항
3623,SS-061 장보고,92,371002000,others,5000,2022-12-09 08:05:00+00:00,2022-12-09 08:15:01+00:00,129.07481,35.10155333,311.0,2.1999999999999997,1.0,-1.1999999999999997,저속 운항
3624,SS-061 장보고,93,371002000,others,5000,2022-12-09 08:17:29+00:00,2022-12-09 23:48:59+00:00,129.0694183,35.10609,328.0,0.058375972376692266,5.0,-0.7000000000000001,정박/대기
3625,SS-061 장보고,94,371002000,others,5000,2022-12-09 23:50:00+00:00,2022-12-09 23:54:57+00:00,129.0693017,35.10635,197.0,1.2,-31.0,1.0999999999999999,좌선회(31.0°) 저속 운항
3626,SS-061 장보고,95,371002000,others,5000,2022-12-09 23:55:00+00:00,2022-12-09 23:55:00+00:00,129.06783,35.10616333,238.0,2.4,44.0,1.2,우선회(44.0°) 저속 운항
3627,SS-061 장보고,96,371002000,others,5000,2022-12-10 00:00:10+00:00,2022-12-10 00:00:56+00:00,129.0706833,35.10174167,130.0,5.7,-108.0,3.3000000000000003,좌선회(108.0°) 가속 이동/통과
3628,SS-061 장보고,97,371002000,others,5000,2022-12-10 00:05:01+00:00,2022-12-10 00:06:58+00:00,129.0811933,35.09499333,127.0,9.7,-3.0,3.999999999999999,가속 이동/통과
3629,SS-061 장보고,98,371002000,others,5000,2022-12-10 00:10:00+00:00,2022-12-10 00:18:56+00:00,129.0947333,35.08699167,125.0,8.45,-2.0,-0.5,이동/통과
3630,SS-061 장보고,99,371002000,others,5000,2022-12-10 00:20:01+00:00,2022-12-10 00:20:01+00:00,129.1145467,35.07215,153.0,9.4,31.0,1.7000000000000002,우선회(31.0°) 이동/통과
3631,SS-061 장보고,100,371002000,others,5000,2022-12-10 00:25:11+00:00,2022-12-10 00:25:11+00:00,129.1163883,35.05666333,184.0,11.8,31.0,2.4000000000000004,우선회(31.0°) 가속 이동/통과
3632,SS-061 장보고,101,371002000,others,5000,2022-12-10 00:30:01+00:00,2022-12-10 00:42:58+00:00,129.1175817,35.04022167,170.0,13.433333333333332,-14.0,0.7999999999999989,이동/통과
3633,SS-061 장보고,102,371002000,others,5000,2022-12-10 00:45:05+00:00,2022-12-10 00:45:05+00:00,129.1250267,34.984305,213.0,14.8,47.0,0.40000000000000036,우선회(47.0°) 이동/통과
3634,SS-061 장보고,103,371002000,others,5000,2022-12-10 00:48:56+00:00,2022-12-10 05:16:51+00:00,129.117325,34.97544333,215.0,15.258783783783786,2.0,0.5,이동/통과
3635,SS-061 장보고,104,371002000,others,5000,2022-12-10 05:20:30+00:00,2022-12-10 05:24:57+00:00,127.9661467,34.58469833,328.0,12.95,22.0,0.20000000000000107,우선회(22.0°) 이동/통과
3636,SS-061 장보고,105,371002000,others,5000,2022-12-10 05:25:40+00:00,2022-12-10 05:50:00+00:00,127.9560717,34.60156667,338.0,12.6625,9.0,0.09999999999999964,이동/통과
3637,SS-061 장보고,106,371002000,others,5000,2022-12-10 05:52:02+00:00,2022-12-10 05:52:02+00:00,127.91902,34.68458167,306.0,11.3,-40.0,-1.0,좌선회(40.0°) 이동/통과
3638,SS-061 장보고,107,371002000,others,5000,2022-12-10 05:54:54+00:00,2022-12-10 06:24:57+00:00,127.90961,34.69027333,306.0,8.033333333333333,0.0,0.0,이동/통과
3639,SS-061 장보고,108,371002000,others,5000,2022-12-10 06:25:31+00:00,2022-12-10 06:25:31+00:00,127.8395267,34.72614,307.0,9.1,4.0,2.1999999999999993,가속 이동/통과
3640,SS-061 장보고,109,371002000,others,5000,2022-12-10 06:25:41+00:00,2022-12-10 06:25:41+00:00,127.8391283,34.72639667,308.0,9.0,1.0,-0.09999999999999964,이동/통과
3641,SS-061 장보고,110,371002000,others,5000,2022-12-10 06:30:21+00:00,2022-12-10 06:30:21+00:00,127.832535,34.734165,336.0,6.2,28.0,-2.8,우선회(28.0°) 감속 이동/통과
3642,SS-061 장보고,111,371002000,others,5000,2022-12-10 06:30:55+00:00,2022-12-10 06:30:55+00:00,127.83187,34.73561,336.0,6.2,0.0,0.0,이동/통과
3643,SS-061 장보고,112,371002000,others,5000,2022-12-10 06:35:01+00:00,2022-12-10 06:35:01+00:00,127.8281733,34.74383833,342.0,9.9,6.0,3.7,가속 이동/통과
3644,SS-061 장보고,113,371002000,others,5000,2022-12-10 06:36:58+00:00,2022-12-10 07:24:55+00:00,127.8254183,34.75018667,340.0,12.306666666666667,-2.0,0.29999999999999893,이동/통과
3645,SS-061 장보고,114,371002000,others,5000,2022-12-10 07:25:42+00:00,2022-12-10 07:25:42+00:00,127.74609,34.89928333,287.0,11.7,-32.0,-0.7000000000000011,좌선회(32.0°) 이동/통과
3646,SS-061 장보고,115,371002000,others,5000,2022-12-10 07:30:12+00:00,2022-12-10 07:35:02+00:00,127.728305,34.90331667,285.0,11.700000000000001,-2.0,0.10000000000000142,이동/통과
3647,SS-061 장보고,116,371002000,others,5000,2022-12-10 07:40:21+00:00,2022-12-10 07:40:21+00:00,127.6917633,34.90845833,255.0,7.7,-29.0,-3.8,좌선회(29.0°) 감속 이동/통과
3648,SS-061 장보고,117,371002000,others,5000,2022-12-10 07:45:22+00:00,2022-12-10 07:48:55+00:00,127.6812633,34.90508333,249.0,5.2,-6.0,-2.5,감속 이동/통과
3649,SS-061 장보고,118,371002000,others,5000,2022-12-10 07:50:11+00:00,2022-12-10 07:55:21+00:00,127.675055,34.90360333,253.0,2.6666666666666665,4.0,-1.8000000000000003,저속 운항
3650,SS-061 장보고,119,371002000,others,5000,2022-12-10 08:00:31+00:00,2022-12-10 13:06:57+00:00,127.66979,34.90230667,216.0,0.019984917043740575,-26.0,-1.5,정박/대기
3651,SS-061 장보고,120,371002000,others,5000,2022-12-10 13:10:19+00:00,2022-12-10 13:10:19+00:00,127.6711533,34.90114333,49.0,2.2,-172.0,2.1,좌선회(172.0°) 가속 저속 운항
3652,SS-061 장보고,121,371002000,others,5000,2022-12-10 13:15:20+00:00,2022-12-10 13:15:20+00:00,127.6773533,34.90443,59.0,5.9,10.0,3.7,가속 이동/통과
3653,SS-061 장보고,122,371002000,others,5000,2022-12-10 13:20:48+00:00,2022-12-10 13:20:48+00:00,127.6891633,34.90638667,81.0,7.6,22.0,1.6999999999999993,우선회(22.0°) 이동/통과
3654,SS-061 장보고,123,371002000,others,5000,2022-12-10 13:24:56+00:00,2022-12-10 13:25:28+00:00,127.70457,34.90634167,88.0,10.9,7.0,2.700000000000001,가속 이동/통과
3655,SS-061 장보고,124,371002000,others,5000,2022-12-10 13:30:28+00:00,2022-12-10 13:36:58+00:00,127.7246517,34.90242167,103.0,12.299999999999999,0.0,1.0,이동/통과
3656,SS-061 장보고,125,371002000,others,5000,2022-12-10 13:40:09+00:00,2022-12-10 13:40:09+00:00,127.7550717,34.88436667,153.0,12.4,21.0,0.20000000000000107,우선회(21.0°) 이동/통과
3657,SS-061 장보고,126,371002000,others,5000,2022-12-10 13:42:56+00:00,2022-12-10 13:42:56+00:00,127.762975,34.87467167,152.0,12.4,-1.0,0.0,이동/통과
3658,SS-061 장보고,127,371002000,others,5000,2022-12-10 13:45:28+00:00,2022-12-10 13:45:28+00:00,127.768825,34.87069833,128.0,12.4,-24.0,0.0,좌선회(24.0°) 이동/통과
3659,SS-061 장보고,128,371002000,others,5000,2022-12-10 13:48:58+00:00,2022-12-10 14:13:37+00:00,127.7809033,34.86125833,128.0,13.133333333333333,0.0,0.0,이동/통과
3660,SS-061 장보고,129,371002000,others,5000,2022-12-10 14:16:16+00:00,2022-12-10 14:24:55+00:00,127.8112817,34.76775667,164.0,9.15,-1.0,-2.4000000000000004,감속 이동/통과
3661,SS-061 장보고,130,371002000,others,5000,2022-12-10 14:25:57+00:00,2022-12-10 14:30:56+00:00,127.821855,34.74710667,157.0,9.866666666666667,4.0,1.6999999999999993,이동/통과
3662,SS-061 장보고,131,371002000,others,5000,2022-12-10 14:31:37+00:00,2022-12-10 14:31:37+00:00,127.8282517,34.73067,162.0,12.1,1.0,2.0999999999999996,가속 이동/통과
3663,SS-061 장보고,132,371002000,others,5000,2022-12-10 14:36:58+00:00,2022-12-10 14:36:58+00:00,127.83358,34.71923,154.0,13.0,-8.0,0.9000000000000004,이동/통과
3664,SS-061 장보고,133,371002000,others,5000,2022-12-10 14:37:07+00:00,2022-12-10 14:37:07+00:00,127.839515,34.71461667,125.0,12.7,-29.0,-0.3000000000000007,좌선회(29.0°) 이동/통과
3665,SS-061 장보고,134,371002000,others,5000,2022-12-10 14:41:10+00:00,2022-12-10 14:57:24+00:00,127.8548283,34.70589667,124.0,14.185714285714285,-1.0,1.5,이동/통과
3666,SS-061 장보고,135,371002000,others,5000,2022-12-10 15:00:27+00:00,2022-12-10 15:00:56+00:00,127.918085,34.65602167,172.0,14.2,32.0,0.1999999999999993,우선회(32.0°) 이동/통과
3667,SS-061 장보고,136,371002000,others,5000,2022-12-10 15:05:20+00:00,2022-12-10 18:10:33+00:00,127.9211583,34.637025,172.0,13.348780487804877,0.0,0.0,이동/통과
3668,SS-061 장보고,137,371002000,others,5000,2022-12-10 19:08:32+00:00,2022-12-10 19:08:32+00:00,127.2083583,34.12112833,263.0,12.1,22.0,-0.20000000000000107,우선회(22.0°) 이동/통과
3669,SS-061 장보고,138,371002000,others,5000,2022-12-10 19:24:11+00:00,2022-12-10 20:09:11+00:00,127.1458417,34.11342333,261.0,12.533333333333333,-2.0,-0.09999999999999964,이동/통과
3670,SS-061 장보고,139,371002000,others,5000,2022-12-10 22:50:38+00:00,2022-12-10 22:50:38+00:00,126.1464383,34.08034833,270.0,15.7,9.0,2.0,가속 이동/통과
3671,SS-061 장보고,140,371002000,others,5000,2022-12-10 23:21:51+00:00,2022-12-10 23:21:51+00:00,125.9822317,34.08568667,270.0,15.9,0.0,0.20000000000000107,이동/통과
3672,SS-062 이천,0,440562000,others,5000,2022-12-01 00:00:49+00:00,2022-12-01 01:09:59+00:00,129.3632833,35.45598333,33.0,0.03636363636363637,0.0,0.0,정박/대기
3673,SS-062 이천,1,440562000,others,5000,2022-12-01 01:12:05+00:00,2022-12-01 01:12:05+00:00,129.3611833,35.4544,194.0,2.4,17.0,2.1999999999999997,가속 저속 운항
3674,SS-062 이천,2,440562000,others,5000,2022-12-01 01:18:59+00:00,2022-12-01 01:18:59+00:00,129.3748,35.44945,111.0,9.1,-83.0,6.699999999999999,좌선회(83.0°) 가속 이동/통과
3675,SS-062 이천,3,440562000,others,5000,2022-12-01 01:20:03+00:00,2022-12-01 01:25:57+00:00,129.4064333,35.43473333,111.0,8.766666666666666,0.0,0.0,이동/통과
3676,SS-062 이천,4,440562000,others,5000,2022-12-01 01:31:38+00:00,2022-12-01 01:31:38+00:00,129.4064333,35.43473333,145.0,9.2,29.0,1.1999999999999993,우선회(29.0°) 이동/통과
3677,SS-062 이천,5,440562000,others,5000,2022-12-01 01:46:12+00:00,2022-12-01 01:46:12+00:00,129.4154833,35.38136667,180.0,14.8,35.0,5.600000000000001,우선회(35.0°) 가속 이동/통과
3678,SS-062 이천,6,440562000,others,5000,2022-12-01 01:50:36+00:00,2022-12-01 06:26:03+00:00,129.4157833,35.36291667,178.0,16.234848484848484,-2.0,0.09999999999999964,이동/통과
3679,SS-062 이천,7,440562000,others,5000,2022-12-01 06:30:17+00:00,2022-12-01 06:32:03+00:00,128.4652167,34.48446667,276.0,16.3,27.0,-0.09999999999999787,우선회(27.0°) 이동/통과
3680,SS-062 이천,8,440562000,others,5000,2022-12-01 06:35:30+00:00,2022-12-01 06:44:02+00:00,128.43765,34.48805,278.0,16.36,2.0,0.09999999999999787,이동/통과
3681,SS-062 이천,9,440562000,others,5000,2022-12-01 06:45:01+00:00,2022-12-01 06:45:01+00:00,128.3915333,34.50311667,310.0,15.1,24.0,-1.0999999999999996,우선회(24.0°) 이동/통과
3682,SS-062 이천,10,440562000,others,5000,2022-12-01 06:45:41+00:00,2022-12-01 06:45:41+00:00,128.3883667,34.50406667,299.0,14.9,-11.0,-0.1999999999999993,이동/통과
3683,SS-062 이천,11,440562000,others,5000,2022-12-01 06:50:11+00:00,2022-12-01 06:50:17+00:00,128.36415,34.50606667,274.0,16.25,-25.0,1.299999999999999,좌선회(25.0°) 이동/통과
3684,SS-062 이천,12,440562000,others,5000,2022-12-01 06:50:21+00:00,2022-12-01 07:32:01+00:00,128.3634167,34.5061,274.0,16.04,0.0,0.0,이동/통과
3685,SS-062 이천,13,440562000,others,5000,2022-12-01 07:33:10+00:00,2022-12-01 07:33:10+00:00,128.13735,34.52341667,278.0,11.2,-1.0,-2.3000000000000007,감속 이동/통과
3686,SS-062 이천,14,440562000,others,5000,2022-12-01 07:36:00+00:00,2022-12-01 08:21:18+00:00,128.1269,34.524,274.0,11.192307692307692,-4.0,-0.1999999999999993,이동/통과
3687,SS-062 이천,15,440562000,others,5000,2022-12-01 08:26:39+00:00,2022-12-01 08:26:39+00:00,127.9619,34.59575,338.0,11.3,33.0,0.0,우선회(33.0°) 이동/통과
3688,SS-062 이천,16,440562000,others,5000,2022-12-01 08:31:09+00:00,2022-12-01 08:50:09+00:00,127.95625,34.60903333,342.0,11.133333333333333,4.0,0.0,이동/통과
3689,SS-062 이천,17,440562000,others,5000,2022-12-01 08:58:19+00:00,2022-12-01 09:02:02+00:00,127.91935,34.68421667,302.0,11.0,-39.0,-0.1999999999999993,좌선회(39.0°) 이동/통과
3690,SS-062 이천,18,440562000,others,5000,2022-12-01 09:03:40+00:00,2022-12-01 09:20:40+00:00,127.9022333,34.69313333,302.0,11.225,0.0,0.1999999999999993,이동/통과
3691,SS-062 이천,19,440562000,others,5000,2022-12-01 09:25:39+00:00,2022-12-01 09:25:48+00:00,127.83765,34.7351,327.0,11.3,24.0,0.10000000000000142,우선회(24.0°) 이동/통과
3692,SS-062 이천,20,440562000,others,5000,2022-12-01 09:26:00+00:00,2022-12-01 10:02:01+00:00,127.8359333,34.73778333,327.0,11.964285714285714,0.0,0.0,이동/통과
3693,SS-062 이천,21,440562000,others,5000,2022-12-01 10:05:19+00:00,2022-12-01 10:05:19+00:00,127.7883667,34.85965,322.0,11.2,-24.0,-1.9000000000000004,좌선회(24.0°) 이동/통과
3694,SS-062 이천,22,440562000,others,5000,2022-12-01 10:08:00+00:00,2022-12-01 10:20:28+00:00,127.7805167,34.86826667,323.0,11.319999999999999,1.0,0.0,이동/통과
3695,SS-062 이천,23,440562000,others,5000,2022-12-01 10:25:19+00:00,2022-12-01 10:25:19+00:00,127.7350833,34.90276667,285.0,11.3,-30.0,-0.29999999999999893,좌선회(30.0°) 이동/통과
3696,SS-062 이천,24,440562000,others,5000,2022-12-01 10:26:03+00:00,2022-12-01 10:38:00+00:00,127.7306167,34.90365,285.0,10.34,0.0,0.0,이동/통과
3697,SS-062 이천,25,440562000,others,5000,2022-12-01 10:40:11+00:00,2022-12-01 10:40:11+00:00,127.6868333,34.90695,243.0,9.2,-40.0,-0.40000000000000036,좌선회(40.0°) 이동/통과
3698,SS-062 이천,26,440562000,others,5000,2022-12-01 10:44:01+00:00,2022-12-01 10:44:01+00:00,127.6755167,34.90188333,243.0,9.2,0.0,0.0,이동/통과
3699,SS-062 이천,27,440562000,others,5000,2022-12-01 10:46:00+00:00,2022-12-01 10:46:00+00:00,127.6732,34.90083333,242.0,6.0,-1.0,-3.1999999999999993,감속 이동/통과
3700,SS-062 이천,28,440562000,others,5000,2022-12-01 10:52:30+00:00,2022-12-01 10:52:30+00:00,127.6642833,34.89713333,244.0,3.7,2.0,-2.3,감속 저속 운항
3701,SS-062 이천,29,440562000,others,5000,2022-12-01 10:55:10+00:00,2022-12-01 11:00:00+00:00,127.6619333,34.89616667,244.0,2.3,0.0,-0.9000000000000004,저속 운항
3702,SS-062 이천,30,440562000,others,5000,2022-12-01 11:05:29+00:00,2022-12-01 13:15:55+00:00,127.6575167,34.89436667,241.0,0.4277777777777778,-2.0,-1.0,정박/대기
3703,SS-062 이천,31,440562000,others,5000,2022-12-01 13:20:04+00:00,2022-12-01 13:20:04+00:00,127.659,34.89408333,91.0,2.1,-72.0,1.6,좌선회(72.0°) 가속 저속 운항
3704,SS-062 이천,32,440562000,others,5000,2022-12-01 13:25:00+00:00,2022-12-01 13:26:03+00:00,127.6599167,34.8939,12.0,0.3,-79.0,-1.8,정박/대기
3705,SS-062 이천,33,440562000,others,5000,2022-12-01 13:30:05+00:00,2022-12-01 13:30:05+00:00,127.6658167,34.89741667,59.0,5.7,47.0,5.4,우선회(47.0°) 가속 이동/통과
3706,SS-062 이천,34,440562000,others,5000,2022-12-01 13:32:00+00:00,2022-12-01 13:32:00+00:00,127.6716,34.9001,59.0,5.7,0.0,0.0,이동/통과
3707,SS-062 이천,35,440562000,others,5000,2022-12-01 13:35:16+00:00,2022-12-01 13:35:58+00:00,127.6791333,34.90361667,60.0,9.7,1.0,3.999999999999999,가속 이동/통과
3708,SS-062 이천,36,440562000,others,5000,2022-12-01 13:40:06+00:00,2022-12-01 13:40:06+00:00,127.6951167,34.90731667,82.0,10.1,22.0,0.40000000000000036,우선회(22.0°) 이동/통과
3709,SS-062 이천,37,440562000,others,5000,2022-12-01 13:44:03+00:00,2022-12-01 13:50:05+00:00,127.7045167,34.90641667,98.0,11.65,16.0,1.0,이동/통과
3710,SS-062 이천,38,440562000,others,5000,2022-12-01 13:55:18+00:00,2022-12-01 13:55:18+00:00,127.7504,34.89023333,138.0,11.9,32.0,0.0,우선회(32.0°) 이동/통과
3711,SS-062 이천,39,440562000,others,5000,2022-12-01 13:56:01+00:00,2022-12-01 14:08:01+00:00,127.7671333,34.87248333,138.0,11.87142857142857,0.0,0.0,이동/통과
3712,SS-062 이천,40,440562000,others,5000,2022-12-01 14:11:14+00:00,2022-12-01 14:11:14+00:00,127.7877,34.84835,160.0,12.2,28.0,0.1999999999999993,우선회(28.0°) 이동/통과
3713,SS-062 이천,41,440562000,others,5000,2022-12-01 14:14:00+00:00,2022-12-01 14:44:00+00:00,127.79225,34.83751667,160.0,13.716666666666667,0.0,0.0,이동/통과
3714,SS-062 이천,42,440562000,others,5000,2022-12-01 14:46:22+00:00,2022-12-01 14:46:22+00:00,127.8327167,34.7197,138.0,14.4,-24.0,0.09999999999999964,좌선회(24.0°) 이동/통과
3715,SS-062 이천,43,440562000,others,5000,2022-12-01 14:50:01+00:00,2022-12-01 15:08:01+00:00,127.8494667,34.71045,138.0,15.450000000000001,0.0,0.0,이동/통과
3716,SS-062 이천,44,440562000,others,5000,2022-12-01 15:10:34+00:00,2022-12-01 15:10:34+00:00,127.9240333,34.65213333,174.0,16.0,37.0,0.09999999999999964,우선회(37.0°) 이동/통과
3717,SS-062 이천,45,440562000,others,5000,2022-12-01 15:14:03+00:00,2022-12-01 16:35:34+00:00,127.9253333,34.6353,174.0,16.016666666666666,0.0,0.0,이동/통과
3718,SS-062 이천,46,440562000,others,5000,2022-12-01 16:43:06+00:00,2022-12-01 16:43:06+00:00,127.7435,34.2963,246.0,16.5,29.0,-0.10000000000000142,우선회(29.0°) 이동/통과
3719,SS-062 이천,47,440562000,others,5000,2022-12-01 16:44:01+00:00,2022-12-01 16:44:01+00:00,127.74315,34.2962,246.0,16.5,0.0,0.0,이동/통과
3720,SS-062 이천,48,440562000,others,5000,2022-12-01 17:07:34+00:00,2022-12-01 17:07:34+00:00,127.6254167,34.24678333,224.0,16.9,-22.0,0.3999999999999986,좌선회(22.0°) 이동/통과
3721,SS-062 이천,49,440562000,others,5000,2022-12-01 17:15:47+00:00,2022-12-01 22:47:28+00:00,127.5791667,34.22641667,234.0,17.06875,10.0,0.0,이동/통과
3722,SS-062 이천,50,440562000,others,5000,2022-12-09 07:40:39+00:00,2022-12-09 07:40:39+00:00,127.0529,34.07713333,84.0,17.3,-177.0,0.3000000000000007,좌선회(177.0°) 이동/통과
3723,SS-062 이천,51,440562000,others,5000,2022-12-09 08:09:17+00:00,2022-12-09 12:40:04+00:00,127.2182833,34.09285,83.0,16.52307692307692,-1.0,0.09999999999999787,이동/통과
3724,SS-062 이천,52,440562000,others,5000,2022-12-09 12:45:17+00:00,2022-12-09 12:45:17+00:00,128.6564,34.53131667,41.0,16.2,-30.0,-0.10000000000000142,좌선회(30.0°) 이동/통과
3725,SS-062 이천,53,440562000,others,5000,2022-12-09 12:50:11+00:00,2022-12-09 13:45:28+00:00,128.6761167,34.54703333,47.0,16.333333333333332,6.0,0.3000000000000007,이동/통과
3726,SS-062 이천,54,440562000,others,5000,2022-12-09 13:50:05+00:00,2022-12-09 13:50:05+00:00,128.9395333,34.70493333,49.0,12.2,-2.0,-2.5,감속 이동/통과
3727,SS-062 이천,55,440562000,others,5000,2022-12-09 13:55:03+00:00,2022-12-09 15:56:02+00:00,128.9508333,34.71725,35.0,11.406060606060606,-14.0,-0.7999999999999989,이동/통과
3728,SS-062 이천,56,440562000,others,5000,2022-12-09 16:00:11+00:00,2022-12-09 16:02:01+00:00,129.1576833,35.06613333,324.0,10.0,-23.0,0.0,좌선회(23.0°) 이동/통과
3729,SS-062 이천,57,440562000,others,5000,2022-12-09 16:05:13+00:00,2022-12-09 16:05:13+00:00,129.1442167,35.07351667,292.0,9.9,-32.0,-0.09999999999999964,좌선회(32.0°) 이동/통과
3730,SS-062 이천,58,440562000,others,5000,2022-12-09 16:08:00+00:00,2022-12-09 16:20:04+00:00,129.1396833,35.07453333,286.0,9.799999999999999,-6.0,0.09999999999999964,이동/통과
3731,SS-062 이천,59,440562000,others,5000,2022-12-09 16:25:03+00:00,2022-12-09 16:26:03+00:00,129.0922667,35.09238333,350.0,3.5,47.0,-4.800000000000001,우선회(47.0°) 감속 저속 운항
3732,SS-062 이천,60,440562000,others,5000,2022-12-09 16:30:02+00:00,2022-12-09 16:32:03+00:00,129.0928667,35.09451667,17.0,1.2,27.0,-2.3,우선회(27.0°) 감속 저속 운항
3733,SS-062 이천,61,440562000,others,5000,2022-12-09 16:33:26+00:00,2022-12-10 10:38:03+00:00,129.09355,35.09558333,28.0,0.15370535714285713,11.0,0.40000000000000013,정박/대기
3734,SS-062 이천,62,440562000,others,5000,2022-12-10 10:40:08+00:00,2022-12-10 10:40:08+00:00,129.0921167,35.0947,239.0,2.5,-42.0,2.2,좌선회(42.0°) 가속 저속 운항
3735,SS-062 이천,63,440562000,others,5000,2022-12-10 10:44:04+00:00,2022-12-10 10:44:04+00:00,129.0908,35.0945,257.0,2.2,18.0,-0.2999999999999998,저속 운항
3736,SS-062 이천,64,440562000,others,5000,2022-12-10 10:45:01+00:00,2022-12-10 10:45:01+00:00,129.0919333,35.09373333,136.0,2.4,-121.0,0.19999999999999973,좌선회(121.0°) 저속 운항
3737,SS-062 이천,65,440562000,others,5000,2022-12-10 10:50:05+00:00,2022-12-10 10:50:05+00:00,129.09485,35.08675,161.0,6.0,25.0,3.6,우선회(25.0°) 가속 이동/통과
3738,SS-062 이천,66,440562000,others,5000,2022-12-10 10:55:00+00:00,2022-12-10 10:55:00+00:00,129.1064667,35.08045,120.0,9.6,-41.0,3.5999999999999996,좌선회(41.0°) 가속 이동/통과
3739,SS-062 이천,67,440562000,others,5000,2022-12-10 11:00:09+00:00,2022-12-10 11:00:09+00:00,129.1183,35.06931667,141.0,9.9,21.0,0.3000000000000007,우선회(21.0°) 이동/통과
3740,SS-062 이천,68,440562000,others,5000,2022-12-10 11:05:09+00:00,2022-12-10 11:08:03+00:00,129.1308667,35.06348333,124.0,9.1,-17.0,-0.8000000000000007,이동/통과
3741,SS-062 이천,69,440562000,others,5000,2022-12-10 11:10:08+00:00,2022-12-10 11:10:08+00:00,129.1448333,35.05338333,131.0,11.6,7.0,2.5,가속 이동/통과
3742,SS-062 이천,70,440562000,others,5000,2022-12-10 11:14:00+00:00,2022-12-10 11:56:02+00:00,129.1524167,35.04761667,132.0,13.625,1.0,0.20000000000000107,이동/통과
3743,SS-062 이천,71,440562000,others,5000,2022-12-10 12:00:21+00:00,2022-12-10 12:00:21+00:00,129.34615,34.95798333,105.0,14.4,-20.0,0.40000000000000036,좌선회(20.0°) 이동/통과
3744,SS-062 이천,72,440562000,others,5000,2022-12-10 12:05:29+00:00,2022-12-10 12:05:29+00:00,129.36795,34.9491,127.0,14.0,22.0,-0.40000000000000036,우선회(22.0°) 이동/통과
3745,SS-062 이천,73,440562000,others,5000,2022-12-10 12:12:05+00:00,2022-12-10 18:03:53+00:00,129.3921333,34.93175,131.0,15.14507042253521,4.0,0.40000000000000036,이동/통과
3746,SS-062 이천,74,440562000,others,5000,2022-12-10 18:05:03+00:00,2022-12-10 18:06:06+00:00,130.8190833,34.03653333,143.0,15.3,21.0,0.20000000000000107,우선회(21.0°) 이동/통과
3747,SS-062 이천,75,440562000,others,5000,2022-12-10 18:08:02+00:00,2022-12-10 18:14:59+00:00,130.8281667,34.02611667,144.0,15.566666666666668,1.0,0.1999999999999993,이동/통과
3748,SS-062 이천,76,440562000,others,5000,2022-12-10 18:15:04+00:00,2022-12-10 18:20:02+00:00,130.8419667,33.99796667,170.0,15.0,26.0,-0.6999999999999993,우선회(26.0°) 이동/통과
3749,SS-062 이천,77,440562000,others,5000,2022-12-10 18:20:05+00:00,2022-12-10 18:20:05+00:00,130.8394833,33.9786,194.0,13.8,24.0,-1.1999999999999993,우선회(24.0°) 이동/통과
3750,SS-062 이천,78,440562000,others,5000,2022-12-10 18:25:00+00:00,2022-12-10 18:26:04+00:00,130.8402167,33.96231667,148.0,12.1,-46.0,-1.700000000000001,좌선회(46.0°) 이동/통과
3751,SS-062 이천,79,440562000,others,5000,2022-12-10 18:30:03+00:00,2022-12-10 18:32:04+00:00,130.8552333,33.94748333,139.0,14.1,-9.0,2.0,가속 이동/통과
3752,SS-062 이천,80,440562000,others,5000,2022-12-10 18:35:05+00:00,2022-12-10 18:44:59+00:00,130.8709833,33.93205,139.0,14.7,0.0,0.8000000000000007,이동/통과
3753,SS-062 이천,81,440562000,others,5000,2022-12-10 18:45:06+00:00,2022-12-10 18:50:01+00:00,130.90355,33.90383333,118.0,13.9,-21.0,-0.5999999999999996,좌선회(21.0°) 이동/통과
3754,SS-062 이천,82,440562000,others,5000,2022-12-10 18:50:05+00:00,2022-12-10 18:52:11+00:00,130.9248333,33.90763333,57.0,14.1,-61.0,0.1999999999999993,좌선회(61.0°) 이동/통과
3755,SS-062 이천,83,440562000,others,5000,2022-12-10 18:53:25+00:00,2022-12-10 18:54:54+00:00,130.9313667,33.91761667,23.0,15.2,-34.0,1.0999999999999996,좌선회(34.0°) 이동/통과
3756,SS-062 이천,84,440562000,others,5000,2022-12-10 18:55:04+00:00,2022-12-10 19:07:48+00:00,130.93515,33.92633333,20.0,15.8,-3.0,1.3000000000000007,이동/통과
3757,SS-062 이천,85,440562000,others,5000,2022-12-10 19:08:04+00:00,2022-12-10 19:09:51+00:00,130.9751667,33.96818333,71.0,14.5,34.0,-1.3000000000000007,우선회(34.0°) 이동/통과
3758,SS-062 이천,86,440562000,others,5000,2022-12-10 19:10:05+00:00,2022-12-10 19:14:59+00:00,130.9851167,33.97158333,67.0,14.5,-4.0,0.0,이동/통과
3759,SS-062 이천,87,440562000,others,5000,2022-12-10 19:15:10+00:00,2022-12-10 19:15:10+00:00,131.00845,33.97443333,103.0,13.4,36.0,-1.0999999999999996,우선회(36.0°) 이동/통과
3760,SS-062 이천,88,440562000,others,5000,2022-12-10 19:16:58+00:00,2022-12-10 19:22:40+00:00,131.0118,33.97311667,108.0,13.75,5.0,0.09999999999999964,이동/통과
3761,SS-062 이천,89,440562000,others,5000,2022-12-10 19:25:04+00:00,2022-12-10 19:29:41+00:00,131.0406333,33.9484,149.0,14.3,23.0,0.3000000000000007,우선회(23.0°) 이동/통과
3762,SS-062 이천,90,440562000,others,5000,2022-12-10 19:30:05+00:00,2022-12-10 19:30:37+00:00,131.0581167,33.93591667,127.0,14.6,-22.0,0.29999999999999893,좌선회(22.0°) 이동/통과
3763,SS-062 이천,91,440562000,others,5000,2022-12-10 19:35:05+00:00,2022-12-10 20:08:59+00:00,131.0790667,33.92328333,125.0,15.755555555555556,-2.0,0.5999999999999996,이동/통과
3764,SS-063 최무선,0,636017515,others,5000,2022-12-01 05:55:44+00:00,2022-12-01 20:51:31+00:00,125.69494,34.04260333,91.1,10.575746268656717,0.0,0.0,이동/통과
3765,SS-063 최무선,1,636017515,others,5000,2022-12-01 20:59:13+00:00,2022-12-01 20:59:13+00:00,128.872335,34.67753833,5.9,10.2,-34.0,-0.5,좌선회(34.0°) 이동/통과
3766,SS-063 최무선,2,636017515,others,5000,2022-12-01 21:00:13+00:00,2022-12-01 21:40:03+00:00,128.8726583,34.68040667,5.2,10.5,-0.7000000000000002,0.20000000000000107,이동/통과
3767,SS-063 최무선,3,636017515,others,5000,2022-12-01 21:45:03+00:00,2022-12-01 21:45:34+00:00,128.8786367,34.81131333,6.0,8.1,1.4000000000000004,-2.200000000000001,감속 이동/통과
3768,SS-063 최무선,4,636017515,others,5000,2022-12-01 21:50:33+00:00,2022-12-01 21:51:34+00:00,128.8801633,34.82056167,9.4,4.366666666666666,3.4000000000000004,-3.5999999999999996,감속 저속 운항
3769,SS-063 최무선,5,636017515,others,5000,2022-12-01 21:55:02+00:00,2022-12-01 21:57:32+00:00,128.8809217,34.82558167,0.9,5.0,-8.1,0.7000000000000002,이동/통과
3770,SS-063 최무선,6,636017515,others,5000,2022-12-01 22:00:02+00:00,2022-12-01 22:00:02+00:00,128.8763283,34.83708167,338.3,10.8,-22.599999999999966,5.800000000000001,좌선회(22.6°) 가속 이동/통과
3771,SS-063 최무선,7,636017515,others,5000,2022-12-01 22:05:43+00:00,2022-12-01 22:40:02+00:00,128.869015,34.854215,343.3,11.590909090909092,5.0,0.8999999999999986,이동/통과
3772,SS-063 최무선,8,636017515,others,5000,2022-12-01 22:45:24+00:00,2022-12-01 22:45:24+00:00,128.81779,34.972185,338.1,7.1,-1.099999999999966,-2.9000000000000004,감속 이동/통과
3773,SS-063 최무선,9,636017515,others,5000,2022-12-01 22:50:03+00:00,2022-12-01 22:50:03+00:00,128.8145683,34.978925,338.6,4.4,0.5,-2.6999999999999993,감속 저속 운항
3774,SS-063 최무선,10,636017515,others,5000,2022-12-01 22:55:54+00:00,2022-12-01 22:57:35+00:00,128.8108417,34.98692167,338.3,5.6,-0.30000000000001137,0.8999999999999995,이동/통과
3775,SS-063 최무선,11,636017515,others,5000,2022-12-01 23:00:02+00:00,2022-12-01 23:05:02+00:00,128.8071533,34.99476667,338.2,11.75,-2.8000000000000114,3.5999999999999996,가속 이동/통과
3776,SS-063 최무선,12,636017515,others,5000,2022-12-01 23:09:34+00:00,2022-12-01 23:10:04+00:00,128.7976367,35.01427667,338.0,13.05,-0.39999999999997726,-0.09999999999999964,이동/통과
3777,SS-063 최무선,13,636017515,others,5000,2022-12-01 23:15:35+00:00,2022-12-01 23:15:35+00:00,128.7840717,35.04464167,358.2,11.6,20.5,-0.5999999999999996,우선회(20.5°) 이동/통과
3778,SS-063 최무선,14,636017515,others,5000,2022-12-01 23:20:16+00:00,2022-12-01 23:20:16+00:00,128.785845,35.05882667,20.2,9.6,22.0,-2.0,우선회(22.0°) 이동/통과
3779,SS-063 최무선,15,636017515,others,5000,2022-12-01 23:25:25+00:00,2022-12-01 23:27:34+00:00,128.7920367,35.069865,43.9,6.8,23.7,-2.8,우선회(23.7°) 감속 이동/통과
3780,SS-063 최무선,16,636017515,others,5000,2022-12-01 23:29:02+00:00,2022-12-01 23:29:02+00:00,128.7966667,35.07166667,74.0,5.0,30.1,-1.7999999999999998,우선회(30.1°) 이동/통과
3781,SS-063 최무선,17,636017515,others,5000,2022-12-01 23:30:15+00:00,2022-12-01 23:45:35+00:00,128.799765,35.07301833,74.9,2.6999999999999997,0.9000000000000057,-0.40000000000000036,저속 운항
3782,SS-063 최무선,18,636017515,others,5000,2022-12-01 23:46:55+00:00,2022-12-02 11:36:48+00:00,128.8125517,35.07725167,39.1,0.00546594982078853,-18.9,-0.9999999999999999,정박/대기
3783,SS-063 최무선,19,636017515,others,5000,2022-12-02 11:40:00+00:00,2022-12-02 11:42:48+00:00,128.8110617,35.075635,208.8,1.9,28.200000000000017,1.5,우선회(28.2°) 저속 운항
3784,SS-063 최무선,20,636017515,others,5000,2022-12-02 11:45:38+00:00,2022-12-02 11:48:46+00:00,128.81104,35.07317167,143.1,1.3999999999999997,-65.70000000000002,-0.5,좌선회(65.7°) 저속 운항
3785,SS-063 최무선,21,636017515,others,5000,2022-12-02 11:50:08+00:00,2022-12-02 11:50:08+00:00,128.8099983,35.07424,277.0,3.2,133.9,1.8000000000000003,우선회(133.9°) 저속 운항
3786,SS-063 최무선,22,636017515,others,5000,2022-12-02 11:55:08+00:00,2022-12-02 11:55:08+00:00,128.79917,35.07429,270.6,9.5,-6.399999999999977,6.3,가속 이동/통과
3787,SS-063 최무선,23,636017515,others,5000,2022-12-02 12:00:09+00:00,2022-12-02 12:00:47+00:00,128.7851783,35.06843167,200.2,10.1,-70.40000000000003,0.5999999999999996,좌선회(70.4°) 이동/통과
3788,SS-063 최무선,24,636017515,others,5000,2022-12-02 12:05:09+00:00,2022-12-02 12:06:45+00:00,128.780225,35.05186667,189.8,14.2,-10.399999999999977,4.1,가속 이동/통과
3789,SS-063 최무선,25,636017515,others,5000,2022-12-02 12:10:11+00:00,2022-12-02 12:10:11+00:00,128.7809867,35.03386,164.2,11.3,-25.600000000000023,-2.8999999999999986,좌선회(25.6°) 감속 이동/통과
3790,SS-063 최무선,26,636017515,others,5000,2022-12-02 12:15:01+00:00,2022-12-02 12:15:01+00:00,128.78507,35.021485,164.4,7.8,0.20000000000001705,-3.500000000000001,감속 이동/통과
3791,SS-063 최무선,27,636017515,others,5000,2022-12-02 12:18:46+00:00,2022-12-02 12:18:46+00:00,128.785755,35.01947333,164.0,7.1,-0.4000000000000057,-0.7000000000000002,이동/통과
3792,SS-063 최무선,28,636017515,others,5000,2022-12-02 12:20:21+00:00,2022-12-02 12:20:21+00:00,128.7887183,35.01079,164.2,9.2,0.19999999999998863,2.0999999999999996,가속 이동/통과
3793,SS-063 최무선,29,636017515,others,5000,2022-12-02 12:23:05+00:00,2022-12-02 12:26:06+00:00,128.79,35.00166667,164.0,12.299999999999999,-0.19999999999998863,1.8000000000000007,이동/통과
3794,SS-063 최무선,30,636017515,others,5000,2022-12-02 12:30:05+00:00,2022-12-02 12:30:05+00:00,128.8006583,34.97647,164.0,16.0,-1.0,3.0,가속 이동/통과
3795,SS-063 최무선,31,636017515,others,5000,2022-12-02 12:35:29+00:00,2022-12-02 12:36:49+00:00,128.8102483,34.95250833,158.5,17.3,-5.5,1.3000000000000007,이동/통과
3796,SS-063 최무선,32,636017515,others,5000,2022-12-02 12:40:11+00:00,2022-12-02 12:42:49+00:00,128.8254617,34.9343,130.5,17.3,-28.0,0.0,좌선회(28.0°) 이동/통과
3797,SS-063 최무선,33,636017515,others,5000,2022-12-02 12:45:05+00:00,2022-12-02 13:55:23+00:00,128.84814,34.91779,131.9,18.71578947368421,1.4000000000000057,1.1999999999999993,이동/통과
3798,SS-063 최무선,34,636017515,others,5000,2022-12-02 14:00:11+00:00,2022-12-02 14:00:46+00:00,129.0901533,34.61118333,218.0,18.3,37.0,0.5,우선회(37.0°) 이동/통과
3799,SS-063 최무선,35,636017515,others,5000,2022-12-02 14:05:23+00:00,2022-12-03 01:35:07+00:00,129.0702583,34.59021,218.2,18.88955223880597,0.19999999999998863,0.09999999999999787,이동/통과
3800,SS-065 박위,0,259005000,others,5000,2022-12-01 15:27:22+00:00,2022-12-01 22:45:05+00:00,130.74,35.97833333,236.0,11.346341463414634,0.0,0.0,이동/통과
3801,SS-065 박위,1,259005000,others,5000,2022-12-01 23:01:26+00:00,2022-12-01 23:01:26+00:00,129.434025,35.02173333,234.4,11.6,22.099999999999994,-0.09999999999999964,우선회(22.1°) 이동/통과
3802,SS-065 박위,2,259005000,others,5000,2022-12-01 23:06:05+00:00,2022-12-02 03:54:32+00:00,129.4192917,35.01305333,234.0,11.943243243243243,-0.4000000000000057,-0.1999999999999993,이동/통과
3803,SS-065 박위,3,259005000,others,5000,2022-12-02 03:56:26+00:00,2022-12-02 03:56:26+00:00,128.47313,34.448135,271.0,12.2,42.0,-0.7000000000000011,우선회(42.0°) 이동/통과
3804,SS-065 박위,4,259005000,others,5000,2022-12-02 04:00:15+00:00,2022-12-02 04:35:45+00:00,128.4569667,34.44822,269.4,12.73,-1.6000000000000227,0.5,이동/통과
3805,SS-065 박위,5,259005000,others,5000,2022-12-02 04:40:05+00:00,2022-12-02 04:45:15+00:00,128.2890467,34.44914667,269.3,7.4,-4.599999999999966,-2.700000000000001,감속 이동/통과
3806,SS-065 박위,6,259005000,others,5000,2022-12-02 04:48:32+00:00,2022-12-02 04:50:16+00:00,128.2594417,34.45232,278.0,5.45,0.30000000000001137,-0.7000000000000002,이동/통과
3807,SS-065 박위,7,259005000,others,5000,2022-12-02 04:55:55+00:00,2022-12-02 04:55:55+00:00,128.2525267,34.45327333,278.7,10.0,0.39999999999997726,4.1,가속 이동/통과
3808,SS-065 박위,8,259005000,others,5000,2022-12-02 05:00:05+00:00,2022-12-02 05:54:34+00:00,128.2377683,34.45544333,278.1,12.35,-0.5999999999999659,1.0,이동/통과
3809,SS-065 박위,9,259005000,others,5000,2022-12-02 05:55:35+00:00,2022-12-02 05:55:35+00:00,128.01121,34.469545,326.8,11.2,52.0,-1.5,우선회(52.0°) 이동/통과
3810,SS-065 박위,10,259005000,others,5000,2022-12-02 06:01:46+00:00,2022-12-02 06:30:35+00:00,128.0009867,34.48808667,338.5,9.680769230769231,11.699999999999989,0.8000000000000007,이동/통과
3811,SS-065 박위,11,259005000,others,5000,2022-12-02 06:35:15+00:00,2022-12-02 06:51:25+00:00,127.96705,34.56921667,339.5,3.9714285714285715,-0.5,-1.9000000000000004,저속 운항
3812,SS-065 박위,12,259005000,others,5000,2022-12-02 06:55:56+00:00,2022-12-02 06:55:56+00:00,127.9601667,34.59193833,9.0,4.4,22.0,-0.1999999999999993,우선회(22.0°) 저속 운항
3813,SS-065 박위,13,259005000,others,5000,2022-12-02 07:00:06+00:00,2022-12-02 07:20:10+00:00,127.962015,34.596355,26.2,2.138095238095238,17.2,-1.0000000000000004,저속 운항
3814,SS-065 박위,14,259005000,others,5000,2022-12-02 07:27:29+00:00,2022-12-03 01:56:17+00:00,127.965,34.605,253.0,0.04535826941875329,-19.399999999999977,-0.7,정박/대기
3815,SS-065 박위,15,259005000,others,5000,2022-12-03 02:00:41+00:00,2022-12-03 02:00:52+00:00,127.9698767,34.60546167,57.2,1.7,-153.3,1.4,좌선회(153.3°) 저속 운항
3816,SS-065 박위,16,259005000,others,5000,2022-12-03 02:05:01+00:00,2022-12-03 02:06:40+00:00,127.9695117,34.60819,309.1,4.0,-108.09999999999997,2.3,좌선회(108.1°) 가속 저속 운항
3817,SS-065 박위,17,259005000,others,5000,2022-12-03 02:10:02+00:00,2022-12-03 02:10:02+00:00,127.9608833,34.61374833,325.8,7.8,16.69999999999999,3.8,가속 이동/통과
3818,SS-065 박위,18,259005000,others,5000,2022-12-03 02:15:01+00:00,2022-12-03 02:30:39+00:00,127.9536,34.62461833,343.5,10.375,17.69999999999999,1.7999999999999998,이동/통과
3819,SS-065 박위,19,259005000,others,5000,2022-12-03 02:35:11+00:00,2022-12-03 02:36:38+00:00,127.9274333,34.67906833,313.8,10.5,-24.599999999999966,-0.1999999999999993,좌선회(24.6°) 이동/통과
3820,SS-065 박위,20,259005000,others,5000,2022-12-03 02:40:02+00:00,2022-12-03 02:55:17+00:00,127.9135233,34.68782,304.0,10.699999999999998,-9.800000000000011,0.1999999999999993,이동/통과
3821,SS-065 박위,21,259005000,others,5000,2022-12-03 02:56:12+00:00,2022-12-03 02:57:35+00:00,127.86599,34.71341833,300.9,8.0,-1.1000000000000227,-2.6999999999999993,감속 이동/통과
3822,SS-065 박위,22,259005000,others,5000,2022-12-03 03:00:02+00:00,2022-12-03 03:12:37+00:00,127.8580017,34.71745333,301.3,6.316666666666666,0.4000000000000341,-1.4000000000000004,이동/통과
3823,SS-065 박위,23,259005000,others,5000,2022-12-03 03:15:01+00:00,2022-12-03 03:15:01+00:00,127.8336283,34.73307,326.0,6.1,24.899999999999977,-0.20000000000000018,우선회(24.9°) 이동/통과
3824,SS-065 박위,24,259005000,others,5000,2022-12-03 03:18:37+00:00,2022-12-03 03:25:01+00:00,127.8321617,34.73493167,327.0,6.116666666666667,1.0,0.0,이동/통과
3825,SS-065 박위,25,259005000,others,5000,2022-12-03 03:30:22+00:00,2022-12-03 03:30:22+00:00,127.8129817,34.75058167,278.3,5.2,-30.399999999999977,-0.2999999999999998,좌선회(30.4°) 이동/통과
3826,SS-065 박위,26,259005000,others,5000,2022-12-03 03:30:37+00:00,2022-12-03 03:30:37+00:00,127.8118317,34.75069333,278.3,5.2,0.0,0.0,이동/통과
3827,SS-065 박위,27,259005000,others,5000,2022-12-03 03:35:11+00:00,2022-12-03 03:46:12+00:00,127.8050167,34.75143,277.0,3.3600000000000003,-1.3000000000000114,-1.0,저속 운항
3828,SS-065 박위,28,259005000,others,5000,2022-12-03 03:48:37+00:00,2022-12-05 04:15:49+00:00,127.791845,34.75081,260.0,0.034632199439519,-1.0,-0.19999999999999973,정박/대기
3829,SS-065 박위,29,259005000,others,5000,2022-12-05 04:20:38+00:00,2022-12-05 04:20:38+00:00,127.79148,34.7515,58.2,2.8,109.09999999999997,2.0999999999999996,우선회(109.1°) 가속 저속 운항
3830,SS-065 박위,30,259005000,others,5000,2022-12-05 04:21:44+00:00,2022-12-05 04:21:44+00:00,127.7930433,34.752,58.2,2.8,0.0,0.0,저속 운항
3831,SS-065 박위,31,259005000,others,5000,2022-12-05 04:26:32+00:00,2022-12-05 04:26:32+00:00,127.8012167,34.75227,113.4,6.5,55.2,3.7,우선회(55.2°) 가속 이동/통과
3832,SS-065 박위,32,259005000,others,5000,2022-12-05 04:27:46+00:00,2022-12-05 04:27:46+00:00,127.8039483,34.75019833,113.4,6.5,0.0,0.0,이동/통과
3833,SS-065 박위,33,259005000,others,5000,2022-12-05 04:30:39+00:00,2022-12-05 04:30:39+00:00,127.8067733,34.74713833,141.9,5.8,28.5,-0.7000000000000002,우선회(28.5°) 이동/통과
3834,SS-065 박위,34,259005000,others,5000,2022-12-05 04:35:48+00:00,2022-12-05 04:39:46+00:00,127.8132883,34.74007,143.3,6.5,1.4000000000000057,0.7000000000000002,이동/통과
3835,SS-065 박위,35,259005000,others,5000,2022-12-05 04:40:48+00:00,2022-12-05 04:40:48+00:00,127.8211583,34.73071667,146.3,9.2,3.0,2.6999999999999993,가속 이동/통과
3836,SS-065 박위,36,259005000,others,5000,2022-12-05 04:45:20+00:00,2022-12-05 05:10:29+00:00,127.8299983,34.72025167,136.4,11.744444444444445,-9.900000000000006,1.3000000000000007,이동/통과
3837,SS-065 박위,37,259005000,others,5000,2022-12-05 05:15:19+00:00,2022-12-05 05:15:19+00:00,127.9234017,34.66041333,172.1,12.2,35.19999999999999,-0.10000000000000142,우선회(35.2°) 이동/통과
3838,SS-065 박위,38,259005000,others,5000,2022-12-05 05:15:47+00:00,2022-12-05 06:11:09+00:00,127.9237933,34.65765667,172.1,12.985714285714286,0.0,0.0,이동/통과
3839,SS-065 박위,39,259005000,others,5000,2022-12-05 06:15:10+00:00,2022-12-05 06:15:10+00:00,128.0133733,34.45998167,129.4,13.2,-20.400000000000006,-0.10000000000000142,좌선회(20.4°) 이동/통과
3840,SS-065 박위,40,259005000,others,5000,2022-12-05 06:20:30+00:00,2022-12-05 15:51:46+00:00,128.03184,34.44733667,129.2,13.864028776978417,-0.20000000000001705,0.10000000000000142,이동/통과
3841,SS-065 박위,41,259005000,others,5000,2022-12-05 15:55:04+00:00,2022-12-05 15:55:04+00:00,130.5603567,34.08254667,73.8,8.6,4.8999999999999915,-4.300000000000001,감속 이동/통과
3842,SS-065 박위,42,259005000,others,5000,2022-12-05 15:57:48+00:00,2022-12-05 15:57:48+00:00,130.5657817,34.08331833,81.0,7.0,7.200000000000003,-1.5999999999999996,이동/통과
3843,SS-065 박위,43,259005000,others,5000,2022-12-05 16:00:02+00:00,2022-12-05 16:03:48+00:00,130.5711283,34.08446167,76.4,4.8,-4.599999999999994,-2.2,감속 저속 운항
3844,SS-065 박위,44,259005000,others,5000,2022-12-05 16:05:22+00:00,2022-12-05 16:05:22+00:00,130.5774733,34.08563667,73.7,3.6,-2.700000000000003,-1.1999999999999997,저속 운항
3845,SS-065 박위,45,259005000,others,5000,2022-12-05 16:09:45+00:00,2022-12-05 16:09:45+00:00,130.5798983,34.08590667,86.0,5.0,12.299999999999997,1.4,이동/통과
3846,SS-065 박위,46,259005000,others,5000,2022-12-05 16:10:01+00:00,2022-12-05 16:10:01+00:00,130.5867383,34.08665167,81.7,8.0,-4.299999999999997,3.0,가속 이동/통과
3847,SS-065 박위,47,259005000,others,5000,2022-12-05 16:15:01+00:00,2022-12-05 17:57:49+00:00,130.6008067,34.08809333,93.2,7.962962962962963,11.5,-0.09999999999999964,이동/통과
3848,SS-065 박위,48,259005000,others,5000,2022-12-05 18:00:11+00:00,2022-12-05 18:03:46+00:00,130.8574233,34.010565,131.5,6.8,1.6999999999999886,-4.500000000000001,감속 이동/통과
3849,SS-065 박위,49,259005000,others,5000,2022-12-05 18:05:22+00:00,2022-12-05 18:16:34+00:00,130.8653117,34.00291333,146.8,10.139999999999999,15.300000000000011,1.3999999999999995,이동/통과
3850,SS-065 박위,50,259005000,others,5000,2022-12-05 18:20:00+00:00,2022-12-05 18:22:34+00:00,130.86993,33.96311833,217.0,11.6,36.19999999999999,0.40000000000000036,우선회(36.2°) 이동/통과
3851,SS-065 박위,51,259005000,others,5000,2022-12-05 18:24:34+00:00,2022-12-05 18:24:34+00:00,130.8633333,33.94833333,177.0,11.0,-40.0,-0.5999999999999996,좌선회(40.0°) 이동/통과
3852,SS-065 박위,52,259005000,others,5000,2022-12-05 18:25:00+00:00,2022-12-05 18:28:34+00:00,130.8635183,33.94823833,175.7,11.8,-1.3000000000000114,0.8000000000000007,이동/통과
3853,SS-065 박위,53,259005000,others,5000,2022-12-05 18:30:00+00:00,2022-12-05 18:34:33+00:00,130.872675,33.93334333,144.6,12.5,-31.099999999999994,0.6999999999999993,좌선회(31.1°) 이동/통과
3854,SS-065 박위,54,259005000,others,5000,2022-12-05 18:35:02+00:00,2022-12-05 18:40:36+00:00,130.8860733,33.919085,141.3,13.149999999999999,-3.299999999999983,0.5999999999999996,이동/통과
3855,SS-065 박위,55,259005000,others,5000,2022-12-05 18:45:00+00:00,2022-12-05 18:46:34+00:00,130.9202733,33.90556167,61.2,12.9,-65.1,-0.29999999999999893,좌선회(65.1°) 이동/통과
3856,SS-065 박위,56,259005000,others,5000,2022-12-05 18:50:00+00:00,2022-12-05 18:52:32+00:00,130.932695,33.92018,18.3,14.0,-42.900000000000006,1.0999999999999996,좌선회(42.9°) 이동/통과
3857,SS-065 박위,57,259005000,others,5000,2022-12-05 18:55:07+00:00,2022-12-05 19:04:32+00:00,130.940535,33.93937667,28.0,13.4,9.7,-0.5,이동/통과
3858,SS-065 박위,58,259005000,others,5000,2022-12-05 19:05:08+00:00,2022-12-05 19:05:08+00:00,130.9695867,33.966465,69.0,12.0,32.9,-1.4000000000000004,우선회(32.9°) 이동/통과
3859,SS-065 박위,59,259005000,others,5000,2022-12-05 19:10:19+00:00,2022-12-05 19:10:33+00:00,130.9889517,33.972565,72.8,11.7,3.799999999999997,-0.3000000000000007,이동/통과
3860,SS-065 박위,60,259005000,others,5000,2022-12-05 19:15:18+00:00,2022-12-05 19:16:35+00:00,131.0043683,33.97584,89.1,7.7,16.299999999999997,-3.999999999999999,감속 이동/통과
3861,SS-065 박위,61,259005000,others,5000,2022-12-05 19:20:18+00:00,2022-12-05 19:20:18+00:00,131.0148167,33.97289,113.0,6.4,23.900000000000006,-1.2999999999999998,우선회(23.9°) 이동/통과
3862,SS-065 박위,62,259005000,others,5000,2022-12-05 19:21:31+00:00,2022-12-05 19:22:33+00:00,131.0166667,33.97166667,114.0,7.0,1.0,0.5999999999999996,이동/통과
3863,SS-065 박위,63,259005000,others,5000,2022-12-05 19:25:08+00:00,2022-12-05 19:28:35+00:00,131.02674,33.968335,114.0,9.6,0.0,2.5999999999999996,가속 이동/통과
3864,SS-065 박위,64,259005000,others,5000,2022-12-05 19:28:48+00:00,2022-12-05 19:28:48+00:00,131.0369433,33.962745,114.0,9.6,0.0,0.0,이동/통과
3865,SS-065 박위,65,259005000,others,5000,2022-12-05 19:30:09+00:00,2022-12-05 19:30:09+00:00,131.03936,33.95926167,154.9,10.7,40.900000000000006,1.0999999999999996,우선회(40.9°) 이동/통과
3866,SS-065 박위,66,259005000,others,5000,2022-12-05 19:34:33+00:00,2022-12-05 19:35:20+00:00,131.04009,33.957935,156.0,11.45,1.0999999999999943,0.3000000000000007,이동/통과
3867,SS-065 박위,67,259005000,others,5000,2022-12-05 19:40:08+00:00,2022-12-05 19:40:33+00:00,131.0616933,33.93499833,117.0,11.9,-39.30000000000001,0.0,좌선회(39.3°) 이동/통과
3868,SS-065 박위,68,259005000,others,5000,2022-12-05 19:45:00+00:00,2022-12-05 20:16:32+00:00,131.079095,33.92653833,122.4,13.133333333333333,5.400000000000006,0.5999999999999996,이동/통과
3869,SS-065 박위,69,259005000,others,5000,2022-12-05 20:20:09+00:00,2022-12-05 20:20:09+00:00,131.2037983,33.85080667,102.1,13.2,-22.900000000000006,-0.20000000000000107,좌선회(22.9°) 이동/통과
3870,SS-065 박위,70,259005000,others,5000,2022-12-05 20:22:34+00:00,2022-12-05 20:25:29+00:00,131.213945,33.8491,101.0,13.25,-1.0999999999999943,0.10000000000000142,이동/통과
3871,SS-066 이종무,0,636022497,others,5000,2022-12-02 00:58:22+00:00,2022-12-02 02:14:52+00:00,129.8250317,35.95282333,194.9,11.39,0.0,0.0,이동/통과
3872,SS-066 이종무,1,636022497,others,5000,2022-12-02 02:27:37+00:00,2022-12-02 02:33:06+00:00,129.75436,35.65163667,186.0,13.0,-4.300000000000011,1.700000000000001,가속 이동/통과
3873,SS-066 이종무,2,636022497,others,5000,2022-12-02 02:35:28+00:00,2022-12-02 03:05:50+00:00,129.7526467,35.64286667,190.2,12.525,-1.0,-0.09999999999999964,이동/통과
3874,SS-066 이종무,3,636022497,others,5000,2022-12-02 03:23:29+00:00,2022-12-02 03:23:29+00:00,129.7176917,35.48758333,209.2,10.9,24.299999999999983,-0.5999999999999996,우선회(24.3°) 이동/통과
3875,SS-066 이종무,4,636022497,others,5000,2022-12-02 03:28:39+00:00,2022-12-02 08:33:09+00:00,129.709175,35.47360667,202.0,10.793103448275861,-7.199999999999989,0.1999999999999993,이동/통과
3876,SS-066 이종무,5,636022497,others,5000,2022-12-02 08:35:10+00:00,2022-12-02 08:39:34+00:00,129.1099,34.696945,243.1,10.6,23.900000000000006,-0.40000000000000036,우선회(23.9°) 이동/통과
3877,SS-066 이종무,6,636022497,others,5000,2022-12-02 08:40:09+00:00,2022-12-03 00:46:09+00:00,129.0932517,34.69077833,248.1,11.008720930232558,5.0,0.40000000000000036,이동/통과
3878,SS-066 이종무,7,636022497,others,5000,2022-12-03 00:59:28+00:00,2022-12-03 00:59:28+00:00,126.41355,32.64017333,262.5,11.3,27.30000000000001,-0.29999999999999893,우선회(27.3°) 이동/통과
3879,SS-066 이종무,8,636022497,others,5000,2022-12-03 01:14:40+00:00,2022-12-03 01:14:40+00:00,126.3653917,32.615985,235.4,11.3,-27.099999999999994,0.0,좌선회(27.1°) 이동/통과
3880,SS-066 이종무,9,636022497,others,5000,2022-12-03 01:24:32+00:00,2022-12-03 01:24:32+00:00,126.335,32.59666667,234.0,11.0,-1.4000000000000057,-0.3000000000000007,이동/통과
3881,SS-066 이종무,10,636022497,others,5000,2022-12-06 23:28:29+00:00,2022-12-06 23:28:29+00:00,125.7733333,32.435,60.0,15.0,-174.0,4.0,좌선회(174.0°) 가속 이동/통과
3882,SS-066 이종무,11,636022497,others,5000,2022-12-07 00:46:52+00:00,2022-12-07 02:25:52+00:00,126.09336,32.63318833,54.1,15.633333333333333,-5.899999999999999,0.6999999999999993,이동/통과
3883,SS-066 이종무,12,636022497,others,5000,2022-12-07 02:43:04+00:00,2022-12-07 02:43:04+00:00,126.5761067,32.93431167,75.9,16.0,23.900000000000006,0.3000000000000007,우선회(23.9°) 이동/통과
3884,SS-066 이종무,13,636022497,others,5000,2022-12-07 03:04:46+00:00,2022-12-07 12:55:03+00:00,126.6847733,32.96284667,56.8,15.970149253731343,-19.10000000000001,-0.1999999999999993,이동/통과
3885,SS-066 이종무,14,636022497,others,5000,2022-12-07 13:00:02+00:00,2022-12-07 13:00:02+00:00,128.8771617,34.80402333,0.0,12.2,-20.3,-1.4000000000000004,좌선회(20.3°) 이동/통과
3886,SS-066 이종무,15,636022497,others,5000,2022-12-07 13:05:01+00:00,2022-12-07 14:15:19+00:00,128.8768683,34.82058,358.8,8.459999999999999,-1.1999999999999886,-1.5999999999999996,이동/통과
3887,SS-066 이종무,16,636022497,others,5000,2022-12-07 14:20:01+00:00,2022-12-07 14:20:01+00:00,128.81737,34.98100667,325.8,7.1,8.100000000000023,-3.200000000000001,감속 이동/통과
3888,SS-066 이종무,17,636022497,others,5000,2022-12-07 14:22:28+00:00,2022-12-07 14:22:28+00:00,128.8133333,34.98333333,333.0,6.0,7.199999999999989,-1.0999999999999996,이동/통과
3889,SS-066 이종무,18,636022497,others,5000,2022-12-07 14:25:02+00:00,2022-12-07 14:27:36+00:00,128.8113533,34.99063167,335.6,10.1,2.6000000000000227,4.1,가속 이동/통과
3890,SS-066 이종무,19,636022497,others,5000,2022-12-07 14:30:02+00:00,2022-12-07 14:40:02+00:00,128.8033667,35.00455,335.3,11.299999999999999,-0.30000000000001137,1.4000000000000004,이동/통과
3891,SS-066 이종무,20,636022497,others,5000,2022-12-07 14:45:01+00:00,2022-12-07 14:45:08+00:00,128.7848183,35.048135,359.6,10.8,21.600000000000023,-0.09999999999999964,우선회(21.6°) 이동/통과
3892,SS-066 이종무,21,636022497,others,5000,2022-12-07 14:50:22+00:00,2022-12-07 14:51:37+00:00,128.787115,35.06183833,16.6,8.0,17.0,-2.8000000000000007,감속 이동/통과
3893,SS-066 이종무,22,636022497,others,5000,2022-12-07 14:55:02+00:00,2022-12-07 14:55:02+00:00,128.79467,35.06887667,70.0,9.0,53.4,1.0,우선회(53.4°) 이동/통과
3894,SS-066 이종무,23,636022497,others,5000,2022-12-07 14:57:09+00:00,2022-12-07 14:57:09+00:00,128.7961717,35.069225,75.0,9.3,5.0,0.3000000000000007,이동/통과
3895,SS-066 이종무,24,636022497,others,5000,2022-12-07 15:00:01+00:00,2022-12-07 15:03:17+00:00,128.8083467,35.07058833,86.4,6.5,11.400000000000006,-2.8000000000000007,감속 이동/통과
3896,SS-066 이종무,25,636022497,others,5000,2022-12-07 15:05:02+00:00,2022-12-07 15:05:02+00:00,128.8168033,35.07080333,85.9,3.4,-0.5,-3.1,감속 저속 운항
3897,SS-066 이종무,26,636022497,others,5000,2022-12-07 15:09:06+00:00,2022-12-07 15:09:06+00:00,128.820075,35.07070167,110.0,2.4,24.099999999999994,-1.0,우선회(24.1°) 저속 운항
3898,SS-066 이종무,27,636022497,others,5000,2022-12-07 15:10:01+00:00,2022-12-08 04:50:35+00:00,128.821055,35.07022667,118.3,0.04385964912280702,8.299999999999997,-0.5,정박/대기
3899,SS-066 이종무,28,636022497,others,5000,2022-12-08 04:55:05+00:00,2022-12-08 04:58:02+00:00,128.8211767,35.07043167,319.6,1.1,75.70000000000002,1.1,우선회(75.7°) 저속 운항
3900,SS-066 이종무,29,636022497,others,5000,2022-12-08 05:00:18+00:00,2022-12-08 05:00:18+00:00,128.8215433,35.07259,102.9,1.4,143.29999999999998,0.2999999999999998,우선회(143.3°) 저속 운항
3901,SS-066 이종무,30,636022497,others,5000,2022-12-08 05:05:05+00:00,2022-12-08 05:05:05+00:00,128.8188067,35.07212,280.1,4.0,177.20000000000002,2.6,우선회(177.2°) 가속 저속 운항
3902,SS-066 이종무,31,636022497,others,5000,2022-12-08 05:10:14+00:00,2022-12-08 05:10:14+00:00,128.8085417,35.07360667,271.1,8.8,-9.0,4.800000000000001,가속 이동/통과
3903,SS-066 이종무,32,636022497,others,5000,2022-12-08 05:16:04+00:00,2022-12-08 05:16:10+00:00,128.7891717,35.070455,223.2,10.3,-47.900000000000034,1.5,좌선회(47.9°) 이동/통과
3904,SS-066 이종무,33,636022497,others,5000,2022-12-08 05:20:15+00:00,2022-12-08 05:20:15+00:00,128.7814917,35.05916667,197.8,11.9,-25.399999999999977,1.5999999999999996,좌선회(25.4°) 이동/통과
3905,SS-066 이종무,34,636022497,others,5000,2022-12-08 05:25:04+00:00,2022-12-08 05:25:04+00:00,128.77885,35.04281833,174.7,12.6,-23.100000000000023,0.6999999999999993,좌선회(23.1°) 이동/통과
3906,SS-066 이종무,35,636022497,others,5000,2022-12-08 05:30:34+00:00,2022-12-08 05:30:34+00:00,128.7846983,35.02658167,161.8,9.0,-12.899999999999977,-3.5999999999999996,감속 이동/통과
3907,SS-066 이종무,36,636022497,others,5000,2022-12-08 05:37:55+00:00,2022-12-08 05:50:15+00:00,128.7907117,35.01099333,163.8,11.583333333333334,2.0,0.6999999999999993,이동/통과
3908,SS-066 이종무,37,636022497,others,5000,2022-12-08 05:55:33+00:00,2022-12-08 05:55:33+00:00,128.8146833,34.95670333,141.0,11.8,-22.099999999999994,-0.3999999999999986,좌선회(22.1°) 이동/통과
3909,SS-066 이종무,38,636022497,others,5000,2022-12-08 06:00:35+00:00,2022-12-08 06:00:35+00:00,128.8318867,34.94917667,91.7,11.8,-49.3,0.0,좌선회(49.3°) 이동/통과
3910,SS-066 이종무,39,636022497,others,5000,2022-12-08 06:03:51+00:00,2022-12-08 08:34:35+00:00,128.84056,34.94955833,84.0,12.53,-7.700000000000003,0.5,이동/통과
3911,SS-066 이종무,40,636022497,others,5000,2022-12-08 09:25:27+00:00,2022-12-08 09:25:27+00:00,129.5733333,35.25833333,23.0,12.0,-20.299999999999997,-0.6999999999999993,좌선회(20.3°) 이동/통과
3912,SS-066 이종무,41,636022497,others,5000,2022-12-08 10:44:45+00:00,2022-12-08 12:34:28+00:00,129.6645167,35.53942833,10.4,13.15,-12.6,1.0,이동/통과
3913,SS-066 이종무,42,636022497,others,5000,2022-12-14 23:52:52+00:00,2022-12-14 23:52:52+00:00,129.688145,35.50637333,191.5,13.0,178.5,0.0,우선회(178.5°) 이동/통과
3914,SS-066 이종무,43,636022497,others,5000,2022-12-14 23:54:22+00:00,2022-12-14 23:54:22+00:00,129.6869433,35.50106833,190.7,12.9,-0.8000000000000114,-0.09999999999999964,이동/통과
3915,SS-067 정운,0,341988000,others,5000,2022-12-01 00:02:28+00:00,2022-12-01 01:26:09+00:00,126.33385,32.89856667,272.0,14.636363636363637,0.0,0.0,이동/통과
3916,SS-067 정운,1,341988000,others,5000,2022-12-01 01:47:34+00:00,2022-12-01 01:51:04+00:00,125.8474167,32.94701667,318.0,14.05,43.0,-0.1999999999999993,우선회(43.0°) 이동/통과
3917,SS-067 정운,2,341988000,others,5000,2022-12-01 01:59:45+00:00,2022-12-01 02:46:56+00:00,125.8264,32.97565,331.0,14.05,8.0,-0.1999999999999993,이동/통과
3918,SS-068 이순신,0,538003822,others,5000,2022-12-01 15:12:19+00:00,2022-12-02 05:18:59+00:00,131.0794833,35.9737,236.0,9.838167938931297,0.0,0.0,이동/통과
3919,SS-068 이순신,1,538003822,others,5000,2022-12-02 05:20:20+00:00,2022-12-02 05:20:20+00:00,128.4471,34.47045,279.0,10.3,24.0,-0.1999999999999993,우선회(24.0°) 이동/통과
3920,SS-068 이순신,2,538003822,others,5000,2022-12-02 05:24:58+00:00,2022-12-02 06:48:58+00:00,128.4173333,34.47368333,279.0,10.430434782608696,0.0,-0.10000000000000142,이동/통과
3921,SS-068 이순신,3,538003822,others,5000,2022-12-02 06:50:39+00:00,2022-12-02 06:55:00+00:00,128.0926667,34.45565,303.0,10.1,29.0,-0.40000000000000036,우선회(29.0°) 이동/통과
3922,SS-068 이순신,4,538003822,others,5000,2022-12-02 06:55:48+00:00,2022-12-02 08:05:10+00:00,128.0762333,34.46501667,303.0,8.921052631578947,0.0,0.0,이동/통과
3923,SS-068 이순신,5,538003822,others,5000,2022-12-02 08:10:41+00:00,2022-12-02 08:10:41+00:00,127.9377833,34.62625,304.0,5.5,-30.0,-0.7000000000000002,좌선회(30.0°) 이동/통과
3924,SS-068 이순신,6,538003822,others,5000,2022-12-02 08:12:59+00:00,2022-12-02 08:25:11+00:00,127.9357167,34.62746667,305.0,5.9799999999999995,1.0,0.2999999999999998,이동/통과
3925,SS-068 이순신,7,538003822,others,5000,2022-12-02 08:30:27+00:00,2022-12-02 08:31:00+00:00,127.9072833,34.65015,348.0,4.7,22.0,-1.0999999999999996,우선회(22.0°) 저속 운항
3926,SS-068 이순신,8,538003822,others,5000,2022-12-02 08:35:28+00:00,2022-12-02 08:35:28+00:00,127.9065333,34.65566667,9.0,2.2,21.0,-2.5,우선회(21.0°) 감속 저속 운항
3927,SS-068 이순신,9,538003822,others,5000,2022-12-02 08:36:57+00:00,2022-12-02 08:40:39+00:00,127.9073667,34.65673333,9.0,2.5,0.0,0.0,저속 운항
3928,SS-068 이순신,10,538003822,others,5000,2022-12-02 08:45:08+00:00,2022-12-02 08:48:58+00:00,127.9084,34.66278333,330.0,1.9,-42.0,-0.8999999999999999,좌선회(42.0°) 저속 운항
3929,SS-068 이순신,11,538003822,others,5000,2022-12-02 08:50:18+00:00,2022-12-02 18:15:33+00:00,127.9061,34.66471667,305.0,0.05038961038961039,-25.0,-0.7999999999999998,정박/대기
3930,SS-068 이순신,12,538003822,others,5000,2022-12-02 18:24:55+00:00,2022-12-02 18:25:15+00:00,127.9088,34.66421667,112.0,3.033333333333333,96.0,2.9,우선회(96.0°) 가속 저속 운항
3931,SS-068 이순신,13,538003822,others,5000,2022-12-02 18:30:14+00:00,2022-12-02 18:30:57+00:00,127.9156167,34.66126667,121.0,4.0,8.0,0.8999999999999999,저속 운항
3932,SS-068 이순신,14,538003822,others,5000,2022-12-02 18:35:03+00:00,2022-12-02 18:35:03+00:00,127.9209,34.65546667,154.0,5.6,33.0,1.5999999999999996,우선회(33.0°) 이동/통과
3933,SS-068 이순신,15,538003822,others,5000,2022-12-02 18:36:58+00:00,2022-12-02 21:52:13+00:00,127.9220333,34.65241667,165.0,9.831428571428571,11.0,0.6000000000000005,이동/통과
3934,SS-068 이순신,16,538003822,others,5000,2022-12-03 06:41:11+00:00,2022-12-03 06:41:11+00:00,126.0029833,33.7818,281.0,10.1,71.0,-0.09999999999999964,우선회(71.0°) 이동/통과
3935,SS-068 이순신,17,538003822,others,5000,2022-12-03 06:48:22+00:00,2022-12-03 07:30:32+00:00,125.9761167,33.78635,282.0,10.1,1.0,-0.09999999999999964,이동/통과
3936,SS-068 이순신,18,538003822,others,5000,2022-12-13 14:28:39+00:00,2022-12-13 14:28:39+00:00,125.9653167,33.78,104.0,10.9,-178.0,0.7000000000000011,좌선회(178.0°) 이동/통과
3937,SS-068 이순신,19,538003822,others,5000,2022-12-13 15:02:20+00:00,2022-12-13 19:39:47+00:00,126.1073433,33.76588333,94.1,11.95,-9.900000000000006,1.5999999999999996,이동/통과
3938,SS-068 이순신,20,538003822,others,5000,2022-12-13 21:42:22+00:00,2022-12-13 21:42:22+00:00,127.8189833,33.91431667,58.0,10.8,-27.0,-0.5999999999999996,좌선회(27.0°) 이동/통과
3939,SS-068 이순신,21,538003822,others,5000,2022-12-13 22:18:03+00:00,2022-12-13 22:20:05+00:00,127.94945,33.97941667,45.0,11.55,-13.0,-0.20000000000000107,이동/통과
3940,SS-068 이순신,22,538003822,others,5000,2022-12-13 22:39:33+00:00,2022-12-13 22:39:33+00:00,128.0117,34.03081667,42.0,10.2,-5.5,-2.3000000000000007,감속 이동/통과
3941,SS-068 이순신,23,538003822,others,5000,2022-12-13 22:41:02+00:00,2022-12-14 02:42:30+00:00,128.0157167,34.03451667,42.0,10.305555555555555,0.0,0.0,이동/통과
3942,SS-068 이순신,24,538003822,others,5000,2022-12-14 02:45:14+00:00,2022-12-14 02:45:14+00:00,128.8388167,34.49185,92.0,10.4,27.0,0.0,우선회(27.0°) 이동/통과
3943,SS-068 이순신,25,538003822,others,5000,2022-12-14 02:50:13+00:00,2022-12-14 02:52:01+00:00,128.85955,34.49178333,85.0,10.4,-7.0,0.0,이동/통과
3944,SS-068 이순신,26,538003822,others,5000,2022-12-14 02:55:02+00:00,2022-12-14 02:55:02+00:00,128.8777333,34.49703333,58.0,10.1,-27.0,-0.3000000000000007,좌선회(27.0°) 이동/통과
3945,SS-068 이순신,27,538003822,others,5000,2022-12-14 03:00:03+00:00,2022-12-14 03:10:03+00:00,128.8955667,34.50578333,59.0,10.375,1.0,0.20000000000000107,이동/통과
3946,SS-068 이순신,28,538003822,others,5000,2022-12-14 03:15:06+00:00,2022-12-14 03:15:06+00:00,128.9467767,34.53657,53.8,12.7,1.7999999999999972,2.1999999999999993,가속 이동/통과
3947,SS-068 이순신,29,538003822,others,5000,2022-12-14 03:16:01+00:00,2022-12-14 03:16:01+00:00,128.9602833,34.54468333,53.8,12.7,0.0,0.0,이동/통과
3948,SS-068 이순신,30,538003822,others,5000,2022-12-14 03:20:12+00:00,2022-12-14 03:20:12+00:00,128.96435,34.54708333,55.0,10.6,1.2000000000000028,-2.0999999999999996,감속 이동/통과
3949,SS-068 이순신,31,538003822,others,5000,2022-12-14 03:25:03+00:00,2022-12-14 03:46:00+00:00,128.9815833,34.55698333,55.0,10.879999999999999,0.0,0.09999999999999964,이동/통과
3950,SS-068 이순신,32,538003822,others,5000,2022-12-14 03:51:36+00:00,2022-12-14 03:51:36+00:00,129.07475,34.614475,52.4,13.0,-1.6000000000000014,2.0999999999999996,가속 이동/통과
3951,SS-068 이순신,33,538003822,others,5000,2022-12-14 03:56:53+00:00,2022-12-14 03:56:53+00:00,129.0928167,34.62608333,52.0,10.8,-0.3999999999999986,-2.1999999999999993,감속 이동/통과
3952,SS-068 이순신,34,538003822,others,5000,2022-12-14 04:00:33+00:00,2022-12-14 04:00:33+00:00,129.1054833,34.63413333,53.0,10.8,1.0,0.0,이동/통과
3953,SS-068 이순신,35,538003822,others,5000,2022-12-14 04:07:05+00:00,2022-12-14 04:07:05+00:00,129.1280133,34.64877833,50.6,12.9,-2.3999999999999986,2.0999999999999996,가속 이동/통과
3954,SS-068 이순신,36,538003822,others,5000,2022-12-14 04:10:05+00:00,2022-12-14 04:10:05+00:00,129.1380017,34.655675,49.6,12.9,-1.0,0.0,이동/통과
3955,SS-068 이순신,37,538003822,others,5000,2022-12-14 04:15:32+00:00,2022-12-14 04:15:32+00:00,129.1562333,34.66821667,51.0,10.7,1.3999999999999986,-2.200000000000001,감속 이동/통과
3956,SS-068 이순신,38,538003822,others,5000,2022-12-14 04:20:04+00:00,2022-12-14 11:49:55+00:00,129.1713,34.67863333,47.0,10.815384615384614,-4.0,-0.1999999999999993,이동/통과
3957,SS-069 나대용,0,354197000,others,5000,2022-12-01 00:07:00+00:00,2022-12-01 00:24:29+00:00,129.805095,35.38429833,223.3,11.375,0.0,0.0,이동/통과
3958,SS-069 나대용,1,354197000,others,5000,2022-12-01 00:34:40+00:00,2022-12-01 00:34:40+00:00,129.722105,35.33831333,199.1,11.7,-57.599999999999994,0.0,좌선회(57.6°) 이동/통과
3959,SS-069 나대용,2,354197000,others,5000,2022-12-01 00:36:11+00:00,2022-12-01 21:31:30+00:00,129.72,35.33333333,200.0,11.394573643410853,0.9000000000000057,-0.6999999999999993,이동/통과
3960,SS-071 이억기,0,219259000,others,5000,2022-12-01 00:05:43+00:00,2022-12-01 02:15:07+00:00,128.8303783,35.07113833,78.5,0.40588235294117647,0.0,0.0,정박/대기
3961,SS-071 이억기,1,219259000,others,5000,2022-12-01 02:20:02+00:00,2022-12-01 02:20:02+00:00,128.828875,35.07228833,284.0,2.2,-35.60000000000002,1.4000000000000001,좌선회(35.6°) 저속 운항
3962,SS-071 이억기,2,219259000,others,5000,2022-12-01 02:20:07+00:00,2022-12-01 02:20:07+00:00,128.826745,35.07265,281.3,3.1,-2.6999999999999886,0.8999999999999999,저속 운항
3963,SS-071 이억기,3,219259000,others,5000,2022-12-01 02:25:21+00:00,2022-12-01 02:30:11+00:00,128.8220633,35.07333333,282.4,0.5,1.099999999999966,-2.4000000000000004,정박/대기
3964,SS-071 이억기,4,219259000,others,5000,2022-12-01 02:35:08+00:00,2022-12-01 02:35:08+00:00,128.8199567,35.07375333,259.8,3.1,-69.89999999999998,2.8000000000000003,좌선회(69.9°) 가속 저속 운항
3965,SS-071 이억기,5,219259000,others,5000,2022-12-01 02:38:02+00:00,2022-12-01 02:38:02+00:00,128.799985,35.07078167,260.0,4.1,0.19999999999998863,0.9999999999999996,저속 운항
3966,SS-071 이억기,6,219259000,others,5000,2022-12-01 02:41:08+00:00,2022-12-01 02:41:08+00:00,128.806685,35.071785,260.9,8.8,0.8999999999999773,4.700000000000001,가속 이동/통과
3967,SS-071 이억기,7,219259000,others,5000,2022-12-01 02:45:31+00:00,2022-12-01 02:45:31+00:00,128.7929567,35.06907833,239.2,9.7,-21.69999999999999,0.8999999999999986,좌선회(21.7°) 이동/통과
3968,SS-071 이억기,8,219259000,others,5000,2022-12-01 02:50:04+00:00,2022-12-01 02:50:04+00:00,128.7844083,35.02835667,239.2,9.7,0.0,0.0,이동/통과
3969,SS-071 이억기,9,219259000,others,5000,2022-12-01 02:50:21+00:00,2022-12-01 02:50:21+00:00,128.7844783,35.05846833,198.3,10.0,-40.89999999999998,0.3000000000000007,좌선회(40.9°) 이동/통과
3970,SS-071 이억기,10,219259000,others,5000,2022-12-01 02:55:27+00:00,2022-12-01 03:02:08+00:00,128.782135,35.04404333,181.5,9.899999999999999,-16.80000000000001,0.09999999999999964,이동/통과
3971,SS-071 이억기,11,219259000,others,5000,2022-12-01 03:05:58+00:00,2022-12-01 03:05:58+00:00,128.7871717,35.01768833,164.3,7.4,-6.799999999999983,-2.299999999999999,감속 이동/통과
3972,SS-071 이억기,12,219259000,others,5000,2022-12-01 03:10:58+00:00,2022-12-01 12:25:38+00:00,128.7906033,35.007375,163.0,11.245673076923076,-1.3000000000000114,1.4000000000000004,이동/통과
3973,SS-071 이억기,13,219259000,others,5000,2022-12-01 12:40:48+00:00,2022-12-01 12:40:48+00:00,127.54791,33.86607333,265.0,10.2,22.0,-0.3000000000000007,우선회(22.0°) 이동/통과
3974,SS-071 이억기,14,219259000,others,5000,2022-12-01 13:11:07+00:00,2022-12-01 21:59:43+00:00,127.4438067,33.86152167,268.1,10.686842105263159,3.1000000000000227,0.10000000000000142,이동/통과
3975,SS-075 안중근,0,538009816,others,5000,2022-12-01 01:37:11+00:00,2022-12-01 04:38:15+00:00,125.7705,32.44569167,69.7,7.944444444444445,0.0,0.0,이동/통과
3976,SS-075 안중근,1,538009816,others,5000,2022-12-01 07:04:44+00:00,2022-12-01 09:22:24+00:00,126.48095,32.61941,158.4,0.5333333333333333,81.5,-7.7,정박/대기
3977,SS-075 안중근,2,538009816,others,5000,2022-12-01 09:26:24+00:00,2022-12-01 09:26:24+00:00,126.5003333,32.60873167,126.4,1.1,5.0,0.20000000000000007,저속 운항
3978,SS-075 안중근,3,538009816,others,5000,2022-12-01 09:52:33+00:00,2022-12-01 09:52:33+00:00,126.5087183,32.60641167,102.8,1.1,-23.60000000000001,0.0,좌선회(23.6°) 저속 운항
3979,SS-075 안중근,4,538009816,others,5000,2022-12-01 10:07:44+00:00,2022-12-01 10:57:05+00:00,126.514435,32.60521,106.5,1.25,3.700000000000003,0.19999999999999996,저속 운항
3980,SS-075 안중근,5,538009816,others,5000,2022-12-01 11:08:14+00:00,2022-12-01 11:08:14+00:00,126.5382517,32.59872667,83.6,2.2,-28.30000000000001,0.8000000000000003,좌선회(28.3°) 저속 운항
3981,SS-075 안중근,6,538009816,others,5000,2022-12-01 11:12:15+00:00,2022-12-01 11:12:15+00:00,126.542755,32.60084667,55.3,6.4,-28.299999999999997,4.2,좌선회(28.3°) 가속 이동/통과
3982,SS-075 안중근,7,538009816,others,5000,2022-12-01 11:28:49+00:00,2022-12-01 11:28:49+00:00,126.620695,32.625825,55.0,6.4,-0.29999999999999716,0.0,이동/통과
3983,SS-075 안중근,8,538009816,others,5000,2022-12-01 11:31:17+00:00,2022-12-01 11:31:17+00:00,126.620695,32.625825,71.6,14.7,16.599999999999994,8.299999999999999,가속 이동/통과
3984,SS-075 안중근,9,538009816,others,5000,2022-12-01 11:42:22+00:00,2022-12-01 14:35:15+00:00,126.6718317,32.63983667,72.1,14.51,0.5,-0.09999999999999964,이동/통과
3985,SS-075 안중근,10,538009816,others,5000,2022-12-01 14:50:17+00:00,2022-12-01 14:50:17+00:00,127.42058,33.04047,31.0,14.3,-35.900000000000006,-0.5,좌선회(35.9°) 이동/통과
3986,SS-075 안중근,11,538009816,others,5000,2022-12-01 15:05:24+00:00,2022-12-01 18:14:36+00:00,127.44951,33.09603167,22.3,14.825,-8.7,0.09999999999999964,이동/통과
3987,SS-075 안중근,12,538009816,others,5000,2022-12-01 18:39:50+00:00,2022-12-01 18:39:50+00:00,127.8451183,33.90244833,21.4,11.5,-1.1000000000000014,-3.4000000000000004,감속 이동/통과
3988,SS-075 안중근,13,538009816,others,5000,2022-12-01 18:44:50+00:00,2022-12-01 21:24:23+00:00,127.8524167,33.91734333,21.9,11.546153846153846,0.5,0.0,이동/통과
3989,SS-075 안중근,14,538009816,others,5000,2022-12-01 21:25:58+00:00,2022-12-01 21:30:21+00:00,127.9820317,34.40942333,6.7,6.35,12.199999999999989,-3.8000000000000007,감속 이동/통과
3990,SS-075 안중근,15,538009816,others,5000,2022-12-01 21:30:49+00:00,2022-12-01 21:36:17+00:00,127.9833983,34.41740167,9.2,4.45,0.1999999999999993,-0.5,저속 운항
3991,SS-075 안중근,16,538009816,others,5000,2022-12-01 21:40:00+00:00,2022-12-01 21:48:12+00:00,127.9854683,34.43081667,1.5,9.450000000000001,-8.2,3.6999999999999993,가속 이동/통과
3992,SS-075 안중근,17,538009816,others,5000,2022-12-01 21:48:14+00:00,2022-12-01 22:05:19+00:00,127.9865683,34.45843,1.1,10.66,0.0,0.0,이동/통과
3993,SS-075 안중근,18,538009816,others,5000,2022-12-01 22:10:57+00:00,2022-12-01 22:12:02+00:00,127.99014,34.51750167,349.4,6.6,-5.300000000000011,-2.5,감속 이동/통과
3994,SS-075 안중근,19,538009816,others,5000,2022-12-01 22:15:08+00:00,2022-12-01 22:55:29+00:00,127.9890033,34.52640833,352.7,8.145238095238096,3.3000000000000114,1.8000000000000007,이동/통과
3995,SS-075 안중근,20,538009816,others,5000,2022-12-01 23:00:48+00:00,2022-12-01 23:00:48+00:00,127.9562583,34.62513333,14.9,5.8,24.899999999999977,-0.5,우선회(24.9°) 이동/통과
3996,SS-075 안중근,21,538009816,others,5000,2022-12-01 23:05:38+00:00,2022-12-01 23:11:38+00:00,127.96212,34.63080833,31.0,5.466666666666667,16.1,-0.20000000000000018,이동/통과
3997,SS-075 안중근,22,538009816,others,5000,2022-12-01 23:15:59+00:00,2022-12-01 23:15:59+00:00,127.9751517,34.63963,47.4,3.0,-3.8999999999999986,-2.3,감속 저속 운항
3998,SS-075 안중근,23,538009816,others,5000,2022-12-01 23:17:32+00:00,2022-12-01 23:17:32+00:00,127.976,34.640245,50.0,2.7,2.6000000000000014,-0.2999999999999998,저속 운항
3999,SS-075 안중근,24,538009816,others,5000,2022-12-01 23:20:10+00:00,2022-12-02 20:27:01+00:00,127.977195,34.641085,121.0,0.09955043054150303,71.0,-2.6,정박/대기
4000,SS-075 안중근,25,538009816,others,5000,2022-12-02 20:30:34+00:00,2022-12-02 20:30:44+00:00,127.9781917,34.64113833,45.6,1.7000000000000002,-85.30000000000001,1.3,좌선회(85.3°) 저속 운항
4001,SS-075 안중근,26,538009816,others,5000,2022-12-02 20:33:49+00:00,2022-12-02 20:33:49+00:00,127.97892,34.641725,50.0,2.6,7.700000000000003,0.8,저속 운항
4002,SS-075 안중근,27,538009816,others,5000,2022-12-02 20:35:03+00:00,2022-12-02 20:35:03+00:00,127.982055,34.64160833,140.5,3.8,90.5,1.1999999999999997,우선회(90.5°) 저속 운항
4003,SS-075 안중근,28,538009816,others,5000,2022-12-02 20:35:14+00:00,2022-12-02 20:39:49+00:00,127.9821917,34.641445,146.0,3.7999999999999994,5.5,0.0,저속 운항
4004,SS-075 안중근,29,538009816,others,5000,2022-12-02 20:41:02+00:00,2022-12-02 20:41:02+00:00,127.9838667,34.62939167,176.0,10.5,30.0,6.7,우선회(30.0°) 가속 이동/통과
4005,SS-075 안중근,30,538009816,others,5000,2022-12-02 20:45:43+00:00,2022-12-03 08:00:50+00:00,127.986285,34.61344,176.0,13.928125,0.0,0.0,이동/통과
4006,SS-076 김좌진,0,351854000,others,5000,2022-12-08 14:10:47+00:00,2022-12-09 01:52:23+00:00,126.25443,33.76139167,84.2,12.643661971830987,0.0,0.0,이동/통과
4007,SS-076 김좌진,1,351854000,others,5000,2022-12-09 01:55:19+00:00,2022-12-09 01:55:24+00:00,129.2520517,34.008745,142.1,6.7,61.0,-5.8,우선회(61.0°) 감속 이동/통과
4008,SS-076 김좌진,2,351854000,others,5000,2022-12-09 02:00:00+00:00,2022-12-09 02:00:00+00:00,129.2588733,34.00158167,141.3,7.8,-0.799999999999983,1.0999999999999996,이동/통과
4009,SS-076 김좌진,3,351854000,others,5000,2022-12-09 02:05:00+00:00,2022-12-09 02:07:24+00:00,129.27028,34.00168833,57.8,8.0,-83.50000000000001,0.20000000000000018,좌선회(83.5°) 이동/통과
4010,SS-076 김좌진,4,351854000,others,5000,2022-12-09 02:10:10+00:00,2022-12-09 03:25:00+00:00,129.2829083,34.009925,51.3,11.7,-6.700000000000003,1.9000000000000004,이동/통과
4011,SS-076 김좌진,5,351854000,others,5000,2022-12-09 03:30:09+00:00,2022-12-09 03:30:09+00:00,129.5335967,34.16372167,59.5,7.9,4.399999999999999,-2.6999999999999993,감속 이동/통과
4012,SS-076 김좌진,6,351854000,others,5000,2022-12-09 03:35:09+00:00,2022-12-09 03:37:23+00:00,129.543395,34.16851667,59.8,5.95,0.29999999999999716,-1.9000000000000004,이동/통과
4013,SS-076 김좌진,7,351854000,others,5000,2022-12-09 03:40:00+00:00,2022-12-09 07:19:57+00:00,129.5501067,34.172995,39.6,1.788095238095238,-19.4,-1.1000000000000005,저속 운항
4014,SS-076 김좌진,8,351854000,others,5000,2022-12-09 07:22:57+00:00,2022-12-09 07:25:21+00:00,129.59824,34.27315167,19.0,0.9,2.8999999999999986,-0.20000000000000007,정박/대기
4015,SS-076 김좌진,9,351854000,others,5000,2022-12-09 07:25:58+00:00,2022-12-09 07:40:56+00:00,129.5985417,34.27396,21.3,1.0,2.3000000000000007,0.09999999999999998,저속 운항
4016,SS-076 김좌진,10,351854000,others,5000,2022-12-09 07:46:55+00:00,2022-12-09 14:19:23+00:00,129.600465,34.279125,16.6,0.5672847985347985,1.9000000000000021,-0.19999999999999996,정박/대기
4017,SS-076 김좌진,11,351854000,others,5000,2022-12-09 14:22:59+00:00,2022-12-09 15:07:57+00:00,129.6466833,34.32389667,47.6,1.04,-6.399999999999999,0.09999999999999998,저속 운항
4018,SS-076 김좌진,12,351854000,others,5000,2022-12-09 15:10:58+00:00,2022-12-09 20:43:23+00:00,129.6578767,34.33469667,36.3,0.6541666666666667,3.0,-0.09999999999999998,정박/대기
4019,SS-076 김좌진,13,351854000,others,5000,2022-12-09 20:46:59+00:00,2022-12-09 22:25:57+00:00,129.65648,34.31621,207.6,1.092982456140351,0.4000000000000057,0.09999999999999998,저속 운항
4020,SS-076 김좌진,14,351854000,others,5000,2022-12-09 22:34:56+00:00,2022-12-09 22:34:56+00:00,129.637105,34.28814833,215.3,0.9,0.4000000000000057,-0.09999999999999998,정박/대기
4021,SS-076 김좌진,15,351854000,others,5000,2022-12-09 22:37:57+00:00,2022-12-09 23:25:58+00:00,129.6365317,34.28749,215.7,1.01,0.39999999999997726,0.09999999999999998,저속 운항
4022,SS-076 김좌진,16,351854000,others,5000,2022-12-09 23:34:56+00:00,2022-12-10 08:55:58+00:00,129.625145,34.27536,216.4,0.6595582329317269,-3.5999999999999943,-0.09999999999999998,정박/대기
4023,SS-076 김좌진,17,351854000,others,5000,2022-12-10 09:04:56+00:00,2022-12-10 09:07:23+00:00,129.6969817,34.28292833,105.5,2.2,-2.9000000000000057,0.7,저속 운항
4024,SS-076 김좌진,18,351854000,others,5000,2022-12-10 09:10:06+00:00,2022-12-10 09:13:24+00:00,129.7019983,34.283325,48.7,4.3,-55.599999999999994,1.2999999999999998,좌선회(55.6°) 저속 운항
4025,SS-076 김좌진,19,351854000,others,5000,2022-12-10 09:15:06+00:00,2022-12-10 09:15:06+00:00,129.700005,34.28749833,287.3,4.7,-121.39999999999998,0.40000000000000036,좌선회(121.4°) 저속 운항
4026,SS-076 김좌진,20,351854000,others,5000,2022-12-10 09:19:21+00:00,2022-12-10 09:19:21+00:00,129.6932817,34.28616167,236.0,6.9,-51.30000000000001,2.2,좌선회(51.3°) 가속 이동/통과
4027,SS-076 김좌진,21,351854000,others,5000,2022-12-10 09:20:05+00:00,2022-12-10 09:55:04+00:00,129.6905833,34.28466667,238.9,10.677777777777777,2.9000000000000057,0.8999999999999995,이동/통과
4028,SS-076 김좌진,22,351854000,others,5000,2022-12-10 10:00:06+00:00,2022-12-10 10:05:06+00:00,129.570555,34.22233167,238.2,6.550000000000001,2.0999999999999943,-3.1000000000000005,감속 이동/통과
4029,SS-076 김좌진,23,351854000,others,5000,2022-12-10 10:10:15+00:00,2022-12-10 10:25:51+00:00,129.5543817,34.2149,233.6,2.925,-11.099999999999994,-1.4000000000000004,저속 운항
4030,SS-076 김좌진,24,351854000,others,5000,2022-12-10 10:34:50+00:00,2022-12-10 10:37:25+00:00,129.54187,34.202555,184.2,1.5,-52.70000000000002,-0.3999999999999999,좌선회(52.7°) 저속 운항
4031,SS-076 김좌진,25,351854000,others,5000,2022-12-10 10:37:50+00:00,2022-12-10 10:43:24+00:00,129.5419367,34.20131333,175.7,1.45,-8.5,0.0,저속 운항
4032,SS-076 김좌진,26,351854000,others,5000,2022-12-10 10:46:53+00:00,2022-12-10 11:16:54+00:00,129.542465,34.19815,176.6,0.6399999999999999,5.299999999999983,-0.4999999999999999,정박/대기
4033,SS-076 김좌진,27,351854000,others,5000,2022-12-10 11:22:51+00:00,2022-12-10 15:19:52+00:00,129.549085,34.19866833,75.9,1.358695652173913,0.10000000000000853,0.09999999999999998,저속 운항
4034,SS-076 김좌진,28,351854000,others,5000,2022-12-10 15:22:50+00:00,2022-12-10 16:55:21+00:00,129.6578467,34.18289333,113.1,0.875,0.3999999999999915,-0.09999999999999998,정박/대기
4035,SS-076 김좌진,29,351854000,others,5000,2022-12-10 16:55:52+00:00,2022-12-11 03:07:22+00:00,129.6838883,34.17978667,103.8,1.537719298245614,6.200000000000003,0.09999999999999998,저속 운항
4036,SS-076 김좌진,30,351854000,others,5000,2022-12-11 03:07:51+00:00,2022-12-11 03:19:21+00:00,129.5925733,33.97838833,230.5,0.9,0.09999999999999432,-0.29999999999999993,정박/대기
4037,SS-076 김좌진,31,351854000,others,5000,2022-12-11 03:19:50+00:00,2022-12-11 03:19:50+00:00,129.58972,33.97642833,228.4,1.0,0.5,0.09999999999999998,저속 운항
4038,SS-076 김좌진,32,351854000,others,5000,2022-12-11 03:22:51+00:00,2022-12-11 05:00:06+00:00,129.588935,33.97596,231.3,0.5958333333333333,2.9000000000000057,-0.09999999999999998,정박/대기
4039,SS-076 김좌진,33,351854000,others,5000,2022-12-11 05:05:06+00:00,2022-12-11 05:07:24+00:00,129.5766717,33.96574,324.3,2.4,77.20000000000002,1.7999999999999998,우선회(77.2°) 저속 운항
4040,SS-076 김좌진,34,351854000,others,5000,2022-12-11 05:10:06+00:00,2022-12-11 05:13:23+00:00,129.577895,33.96957833,63.2,3.5,98.89999999999998,1.1,우선회(98.9°) 저속 운항
4041,SS-076 김좌진,35,351854000,others,5000,2022-12-11 05:15:07+00:00,2022-12-11 05:20:07+00:00,129.586865,33.97087833,77.9,8.15,14.700000000000003,3.5,가속 이동/통과
4042,SS-076 김좌진,36,351854000,others,5000,2022-12-11 05:25:08+00:00,2022-12-11 10:05:04+00:00,129.6166717,33.97657667,78.4,10.882456140350877,1.0,1.3999999999999986,이동/통과
4043,SS-076 김좌진,37,351854000,others,5000,2022-12-11 10:07:21+00:00,2022-12-11 10:07:21+00:00,130.635935,34.07268833,34.0,5.8,-47.2,-1.5,좌선회(47.2°) 이동/통과
4044,SS-076 김좌진,38,351854000,others,5000,2022-12-11 10:10:06+00:00,2022-12-11 10:19:21+00:00,130.639265,34.07642,32.8,6.35,-1.2000000000000028,0.40000000000000036,이동/통과
4045,SS-076 김좌진,39,351854000,others,5000,2022-12-11 10:20:00+00:00,2022-12-11 10:20:00+00:00,130.651805,34.090435,65.5,6.2,29.4,-0.2999999999999998,우선회(29.4°) 이동/통과
4046,SS-076 김좌진,40,351854000,others,5000,2022-12-11 10:25:08+00:00,2022-12-11 10:25:24+00:00,130.6625383,34.08888667,101.3,6.7,35.8,0.5,우선회(35.8°) 이동/통과
4047,SS-076 김좌진,41,351854000,others,5000,2022-12-11 10:30:07+00:00,2022-12-11 12:01:21+00:00,130.6736533,34.08658833,104.3,7.189473684210526,3.0,-0.2999999999999998,이동/통과
4048,SS-076 김좌진,42,351854000,others,5000,2022-12-11 12:05:17+00:00,2022-12-11 12:07:24+00:00,130.8702267,33.99867667,156.9,9.1,20.200000000000017,1.1999999999999993,우선회(20.2°) 이동/통과
4049,SS-076 김좌진,43,351854000,others,5000,2022-12-11 12:10:08+00:00,2022-12-11 12:13:22+00:00,130.8747067,33.98623,169.3,9.8,12.400000000000006,0.7000000000000011,이동/통과
4050,SS-076 김좌진,44,351854000,others,5000,2022-12-11 12:15:07+00:00,2022-12-11 12:19:24+00:00,130.8756233,33.97240333,190.8,10.2,21.5,0.3999999999999986,우선회(21.5°) 이동/통과
4051,SS-076 김좌진,45,351854000,others,5000,2022-12-11 12:20:07+00:00,2022-12-11 12:25:26+00:00,130.8673817,33.95969833,209.1,10.7,18.299999999999983,0.5,이동/통과
4052,SS-076 김좌진,46,351854000,others,5000,2022-12-11 12:25:37+00:00,2022-12-11 12:28:21+00:00,130.864935,33.94433167,160.6,10.2,-48.5,-0.5,좌선회(48.5°) 이동/통과
4053,SS-076 김좌진,47,351854000,others,5000,2022-12-11 12:30:18+00:00,2022-12-11 12:43:24+00:00,130.873205,33.932635,144.2,10.833333333333334,-16.400000000000006,0.40000000000000036,이동/통과
4054,SS-076 김좌진,48,351854000,others,5000,2022-12-11 12:45:06+00:00,2022-12-11 12:49:24+00:00,130.90993,33.90289,90.4,10.0,-52.19999999999999,-1.0,좌선회(52.2°) 이동/통과
4055,SS-076 김좌진,49,351854000,others,5000,2022-12-11 12:50:07+00:00,2022-12-11 12:50:07+00:00,130.9246417,33.90788833,50.4,9.6,-40.00000000000001,-0.40000000000000036,좌선회(40.0°) 이동/통과
4056,SS-076 김좌진,50,351854000,others,5000,2022-12-11 12:55:06+00:00,2022-12-11 12:55:29+00:00,130.9315967,33.918815,18.8,8.9,-31.599999999999998,-0.6999999999999993,좌선회(31.6°) 이동/통과
4057,SS-076 김좌진,51,351854000,others,5000,2022-12-11 13:00:17+00:00,2022-12-11 13:37:23+00:00,130.936535,33.931255,18.1,7.75,-0.6999999999999993,0.29999999999999893,이동/통과
4058,SS-076 김좌진,52,351854000,others,5000,2022-12-11 13:40:17+00:00,2022-12-11 13:40:17+00:00,131.0124917,33.97184,115.5,6.0,26.799999999999997,0.09999999999999964,우선회(26.8°) 이동/통과
4059,SS-076 김좌진,53,351854000,others,5000,2022-12-11 13:43:21+00:00,2022-12-11 13:49:21+00:00,131.01607,33.97048167,115.0,7.600000000000001,-0.5,0.9000000000000004,이동/통과
4060,SS-076 김좌진,54,351854000,others,5000,2022-12-11 13:50:07+00:00,2022-12-11 13:50:07+00:00,131.0350017,33.961055,144.8,9.2,31.10000000000001,0.8999999999999986,우선회(31.1°) 이동/통과
4061,SS-076 김좌진,55,351854000,others,5000,2022-12-11 13:55:08+00:00,2022-12-11 13:55:25+00:00,131.0446883,33.95003667,144.3,10.3,-0.5,1.1000000000000014,이동/통과
4062,SS-076 김좌진,56,351854000,others,5000,2022-12-11 14:00:08+00:00,2022-12-11 14:01:24+00:00,131.056895,33.93985,123.4,10.5,-20.900000000000006,0.1999999999999993,좌선회(20.9°) 이동/통과
4063,SS-076 김좌진,57,351854000,others,5000,2022-12-11 14:05:08+00:00,2022-12-11 14:43:23+00:00,131.07192,33.93124333,124.6,11.936363636363637,1.1999999999999886,0.6999999999999993,이동/통과
4064,SS-076 김좌진,58,351854000,others,5000,2022-12-11 14:45:07+00:00,2022-12-11 14:49:25+00:00,131.203555,33.856435,103.6,11.7,-20.400000000000006,-0.6000000000000014,좌선회(20.4°) 이동/통과
4065,SS-076 김좌진,59,351854000,others,5000,2022-12-11 14:50:07+00:00,2022-12-11 14:50:07+00:00,131.2227417,33.85252167,105.4,12.0,1.8000000000000114,0.3000000000000007,이동/통과
4066,SS-077 윤봉길,0,538002418,others,5000,2022-12-01 03:28:13+00:00,2022-12-01 05:29:05+00:00,127.2312333,31.81298333,348.0,7.266666666666667,0.0,0.0,이동/통과
4067,SS-077 윤봉길,1,538002418,others,5000,2022-12-01 05:52:05+00:00,2022-12-01 05:52:05+00:00,127.1337667,32.08856667,301.0,8.4,-32.0,0.6000000000000005,좌선회(32.0°) 이동/통과
4068,SS-077 윤봉길,2,538002418,others,5000,2022-12-01 05:59:15+00:00,2022-12-01 07:18:16+00:00,127.1166,32.09748333,302.0,8.242857142857144,1.0,0.09999999999999964,이동/통과
4069,SS-077 윤봉길,3,538002418,others,5000,2022-12-01 07:45:14+00:00,2022-12-01 07:45:14+00:00,126.9062333,32.2639,295.0,8.5,-23.0,0.40000000000000036,좌선회(23.0°) 이동/통과
4070,SS-077 윤봉길,4,538002418,others,5000,2022-12-01 08:01:13+00:00,2022-12-01 08:30:54+00:00,126.8652833,32.2803,295.0,8.666666666666666,0.0,0.1999999999999993,이동/통과
4071,SS-077 윤봉길,5,538002418,others,5000,2022-12-01 08:46:05+00:00,2022-12-01 08:46:05+00:00,126.74795,32.33095,298.0,10.8,2.0,2.0,가속 이동/통과
4072,SS-077 윤봉길,6,538002418,others,5000,2022-12-01 09:09:24+00:00,2022-12-01 14:47:34+00:00,126.6741667,32.36938333,306.0,10.620000000000001,8.0,0.5999999999999996,이동/통과
4073,SS-078 유관순,0,441963000,others,5000,2022-12-01 04:03:22+00:00,2022-12-01 08:03:20+00:00,126.5540017,33.52439167,159.7,0.005555555555555556,0.0,0.0,정박/대기
4074,SS-078 유관순,1,441963000,others,5000,2022-12-01 08:11:09+00:00,2022-12-01 08:11:09+00:00,126.5597883,33.532955,41.0,14.4,26.5,14.4,우선회(26.5°) 가속 이동/통과
4075,SS-078 유관순,2,441963000,others,5000,2022-12-01 08:24:49+00:00,2022-12-01 08:24:49+00:00,126.5365717,33.59868667,347.3,19.0,-53.69999999999999,4.6,좌선회(53.7°) 가속 이동/통과
4076,SS-078 유관순,3,441963000,others,5000,2022-12-01 08:26:13+00:00,2022-12-01 10:49:13+00:00,126.53471,33.60598,348.3,21.293333333333333,1.0,0.3000000000000007,이동/통과
4077,SS-078 유관순,4,441963000,others,5000,2022-12-01 11:04:48+00:00,2022-12-01 11:04:48+00:00,126.078085,34.44831833,9.8,21.9,40.900000000000034,0.8999999999999986,우선회(40.9°) 이동/통과
4078,SS-078 유관순,5,441963000,others,5000,2022-12-01 11:08:47+00:00,2022-12-01 11:08:47+00:00,126.0876783,34.47019833,50.9,21.2,41.099999999999994,-0.6999999999999993,우선회(41.1°) 이동/통과
4079,SS-078 유관순,6,441963000,others,5000,2022-12-01 11:46:13+00:00,2022-12-01 11:46:13+00:00,126.23152,34.64690333,0.6,21.6,-50.3,0.40000000000000213,좌선회(50.3°) 이동/통과
4080,SS-078 유관순,7,441963000,others,5000,2022-12-01 12:14:33+00:00,2022-12-01 12:14:33+00:00,126.3137083,34.75638833,116.3,20.0,115.7,-1.6000000000000014,우선회(115.7°) 이동/통과
4081,SS-078 유관순,8,441963000,others,5000,2022-12-01 12:15:12+00:00,2022-12-01 12:15:12+00:00,126.31787,34.75557333,92.4,19.3,-23.89999999999999,-0.6999999999999993,좌선회(23.9°) 이동/통과
4082,SS-078 유관순,9,441963000,others,5000,2022-12-01 12:24:17+00:00,2022-12-01 12:24:17+00:00,126.348235,34.787265,46.6,11.3,-45.800000000000004,-8.0,좌선회(45.8°) 감속 이동/통과
4083,SS-078 유관순,10,441963000,others,5000,2022-12-01 12:29:51+00:00,2022-12-01 12:29:51+00:00,126.3638117,34.78039833,143.5,12.3,96.9,1.0,우선회(96.9°) 이동/통과
4084,SS-078 유관순,11,441963000,others,5000,2022-12-01 12:30:40+00:00,2022-12-01 12:30:40+00:00,126.3661467,34.77841,126.3,12.0,-17.200000000000003,-0.3000000000000007,이동/통과
4085,SS-078 유관순,12,441963000,others,5000,2022-12-01 12:35:20+00:00,2022-12-01 12:37:59+00:00,126.3840667,34.775625,90.4,11.8,-35.89999999999999,-0.1999999999999993,좌선회(35.9°) 이동/통과
4086,SS-078 유관순,13,441963000,others,5000,2022-12-01 12:40:00+00:00,2022-12-01 12:40:00+00:00,126.3974183,34.77922167,22.8,5.0,-67.60000000000001,-6.800000000000001,좌선회(67.6°) 감속 이동/통과
4087,SS-078 유관순,14,441963000,others,5000,2022-12-01 12:45:21+00:00,2022-12-01 15:40:09+00:00,126.3943467,34.78170833,260.7,0.05365853658536586,-122.10000000000002,-3.7,정박/대기
4088,SS-078 유관순,15,441963000,others,5000,2022-12-01 15:45:09+00:00,2022-12-01 15:45:09+00:00,126.3912817,34.780155,238.8,10.2,73.60000000000002,10.1,우선회(73.6°) 가속 이동/통과
4089,SS-078 유관순,16,441963000,others,5000,2022-12-01 15:50:48+00:00,2022-12-01 15:50:48+00:00,126.369155,34.77795667,304.7,11.6,65.89999999999998,1.4000000000000004,우선회(65.9°) 이동/통과
4090,SS-078 유관순,17,441963000,others,5000,2022-12-01 15:55:42+00:00,2022-12-01 15:55:42+00:00,126.3556933,34.78904833,278.5,11.6,-26.19999999999999,0.0,좌선회(26.2°) 이동/통과
4091,SS-078 유관순,18,441963000,others,5000,2022-12-01 16:01:05+00:00,2022-12-01 16:01:05+00:00,126.3386633,34.778435,213.7,15.4,-64.80000000000001,3.8000000000000007,좌선회(64.8°) 가속 이동/통과
4092,SS-078 유관순,19,441963000,others,5000,2022-12-01 16:05:05+00:00,2022-12-01 16:05:05+00:00,126.3243617,34.76186333,215.9,19.0,2.200000000000017,3.5999999999999996,가속 이동/통과
4093,SS-078 유관순,20,441963000,others,5000,2022-12-01 16:11:42+00:00,2022-12-01 16:11:42+00:00,126.2872517,34.767035,249.1,19.1,33.19999999999999,0.10000000000000142,우선회(33.2°) 이동/통과
4094,SS-078 유관순,21,441963000,others,5000,2022-12-01 16:50:41+00:00,2022-12-01 16:50:41+00:00,126.1966833,34.56034333,228.4,21.5,-20.69999999999999,2.3999999999999986,좌선회(20.7°) 가속 이동/통과
4095,SS-078 유관순,22,441963000,others,5000,2022-12-01 16:56:00+00:00,2022-12-01 16:56:00+00:00,126.1559267,34.54048,228.4,21.5,0.0,0.0,이동/통과
4096,SS-078 유관순,23,441963000,others,5000,2022-12-01 16:57:54+00:00,2022-12-01 16:57:54+00:00,126.1559267,34.54048,200.6,21.4,-27.80000000000001,-0.10000000000000142,좌선회(27.8°) 이동/통과
4097,SS-078 유관순,24,441963000,others,5000,2022-12-01 17:16:30+00:00,2022-12-01 17:16:30+00:00,126.076755,34.45346667,184.1,21.9,-16.5,0.5,이동/통과
4098,SS-078 유관순,25,441963000,others,5000,2022-12-01 17:24:54+00:00,2022-12-01 17:24:54+00:00,126.0837633,34.40527,152.7,21.6,-31.400000000000006,-0.29999999999999716,좌선회(31.4°) 이동/통과
4099,SS-078 유관순,26,441963000,others,5000,2022-12-01 17:27:18+00:00,2022-12-01 19:49:42+00:00,126.091435,34.39245833,153.7,21.255555555555556,1.0,-0.3000000000000007,이동/통과
4100,SS-078 유관순,27,441963000,others,5000,2022-12-01 20:04:48+00:00,2022-12-01 20:04:48+00:00,126.5549817,33.56826167,166.1,16.1,3.9000000000000057,-4.899999999999999,감속 이동/통과
4101,SS-078 유관순,28,441963000,others,5000,2022-12-01 20:19:50+00:00,2022-12-01 20:19:50+00:00,126.5510133,33.52687,188.1,4.8,22.0,-11.3,우선회(22.0°) 감속 저속 운항
4102,SS-078 유관순,29,441963000,others,5000,2022-12-01 22:37:59+00:00,2022-12-01 22:37:59+00:00,126.7671583,33.58304333,84.7,20.8,-103.39999999999999,16.0,좌선회(103.4°) 가속 이동/통과
4103,SS-078 유관순,30,441963000,others,5000,2022-12-01 22:53:08+00:00,2022-12-01 22:53:08+00:00,126.8627183,33.55889667,122.7,21.0,38.0,0.1999999999999993,우선회(38.0°) 이동/통과
4104,SS-078 유관순,31,441963000,others,5000,2022-12-01 23:08:18+00:00,2022-12-01 23:08:18+00:00,126.9314733,33.49657,159.3,20.2,36.60000000000001,-0.8000000000000007,우선회(36.6°) 이동/통과
4105,SS-078 유관순,32,441963000,others,5000,2022-12-01 23:14:08+00:00,2022-12-01 23:14:08+00:00,126.9523883,33.46683833,145.5,21.8,-13.800000000000011,1.6000000000000014,이동/통과
4106,SS-078 유관순,33,441963000,others,5000,2022-12-02 00:34:52+00:00,2022-12-02 00:34:52+00:00,126.5709967,33.22752833,315.3,9.8,169.8,-12.0,우선회(169.8°) 감속 이동/통과
4107,SS-078 유관순,34,441963000,others,5000,2022-12-02 00:38:11+00:00,2022-12-02 00:38:11+00:00,126.566365,33.23288,332.2,5.6,16.899999999999977,-4.200000000000001,감속 이동/통과
4108,SS-078 유관순,35,441963000,others,5000,2022-12-02 06:01:59+00:00,2022-12-02 06:01:59+00:00,126.568205,33.23576667,29.6,0.0,57.400000000000034,-5.6,정박/대기
4109,SS-078 유관순,36,441963000,others,5000,2022-12-02 06:23:08+00:00,2022-12-02 06:23:08+00:00,126.5194183,33.2117,247.5,18.9,-142.1,18.9,좌선회(142.1°) 가속 이동/통과
4110,SS-078 유관순,37,441963000,others,5000,2022-12-02 06:41:27+00:00,2022-12-02 06:41:27+00:00,126.3980817,33.19381833,260.9,21.4,13.399999999999977,2.5,가속 이동/통과
4111,SS-078 유관순,38,441963000,others,5000,2022-12-02 06:50:21+00:00,2022-12-02 06:50:21+00:00,126.3361083,33.18505167,259.4,21.6,-1.5,0.20000000000000284,이동/통과
4112,SS-078 유관순,39,441963000,others,5000,2022-12-02 07:09:32+00:00,2022-12-02 07:09:32+00:00,126.2067,33.21322833,309.5,21.6,50.10000000000002,0.0,우선회(50.1°) 이동/통과
4113,SS-078 유관순,40,441963000,others,5000,2022-12-02 07:16:21+00:00,2022-12-02 07:49:59+00:00,126.17282,33.24275833,323.4,21.8,13.899999999999977,0.5,이동/통과
4114,SS-078 유관순,41,441963000,others,5000,2022-12-02 08:03:38+00:00,2022-12-02 08:03:38+00:00,126.1439933,33.51340833,3.2,20.9,26.19999999999999,-0.6000000000000014,우선회(26.2°) 이동/통과
4115,SS-078 유관순,42,441963000,others,5000,2022-12-02 08:41:51+00:00,2022-12-02 09:58:57+00:00,126.162275,33.73471667,0.9,21.216666666666665,-2.3000000000000003,0.3000000000000007,이동/통과
4116,SS-078 유관순,43,441963000,others,5000,2022-12-02 10:23:15+00:00,2022-12-02 10:23:15+00:00,126.12704,34.30904,308.4,22.8,-53.80000000000001,1.6000000000000014,좌선회(53.8°) 이동/통과
4117,SS-078 유관순,44,441963000,others,5000,2022-12-02 10:27:01+00:00,2022-12-02 10:27:01+00:00,126.1057083,34.325565,321.0,23.3,12.600000000000023,0.5,이동/통과
4118,SS-078 유관순,45,441963000,others,5000,2022-12-02 10:41:59+00:00,2022-12-02 10:41:59+00:00,126.0771733,34.41212333,348.6,22.5,27.600000000000023,-0.8000000000000007,우선회(27.6°) 이동/통과
4119,SS-078 유관순,46,441963000,others,5000,2022-12-02 10:49:05+00:00,2022-12-02 10:49:05+00:00,126.0796083,34.456245,10.0,22.3,21.399999999999977,-0.1999999999999993,우선회(21.4°) 이동/통과
4120,SS-078 유관순,47,441963000,others,5000,2022-12-02 10:50:45+00:00,2022-12-02 10:50:45+00:00,126.0847167,34.46535667,46.7,21.5,36.7,-0.8000000000000007,우선회(36.7°) 이동/통과
4121,SS-078 유관순,48,441963000,others,5000,2022-12-02 11:04:47+00:00,2022-12-02 11:04:47+00:00,126.15867,34.526325,20.3,21.9,-26.400000000000002,0.3999999999999986,좌선회(26.4°) 이동/통과
4122,SS-078 유관순,49,441963000,others,5000,2022-12-02 11:11:05+00:00,2022-12-02 11:11:05+00:00,126.1872917,34.552855,61.4,21.3,41.099999999999994,-0.5999999999999979,우선회(41.1°) 이동/통과
4123,SS-078 유관순,50,441963000,others,5000,2022-12-02 11:37:52+00:00,2022-12-02 11:37:52+00:00,126.232605,34.70416833,358.1,22.2,-63.299999999999955,0.8999999999999986,좌선회(63.3°) 이동/통과
4124,SS-078 유관순,51,441963000,others,5000,2022-12-02 11:47:29+00:00,2022-12-02 11:47:29+00:00,126.2596217,34.75321833,50.0,21.0,51.89999999999998,-1.1999999999999993,우선회(51.9°) 이동/통과
4125,SS-078 유관순,52,441963000,others,5000,2022-12-02 11:56:35+00:00,2022-12-02 11:56:35+00:00,126.3151167,34.75731167,91.3,19.9,41.3,-1.1000000000000014,우선회(41.3°) 이동/통과
4126,SS-078 유관순,53,441963000,others,5000,2022-12-02 12:00:29+00:00,2022-12-02 12:00:29+00:00,126.3331933,34.77009167,36.8,19.4,-54.5,-0.5,좌선회(54.5°) 이동/통과
4127,SS-078 유관순,54,441963000,others,5000,2022-12-02 12:05:23+00:00,2022-12-02 12:05:23+00:00,126.34663,34.7868,44.5,11.5,7.700000000000003,-7.899999999999999,감속 이동/통과
4128,SS-078 유관순,55,441963000,others,5000,2022-12-02 12:11:12+00:00,2022-12-02 12:11:12+00:00,126.3637783,34.780235,137.4,12.0,92.9,0.5,우선회(92.9°) 이동/통과
4129,SS-078 유관순,56,441963000,others,5000,2022-12-02 12:15:22+00:00,2022-12-02 12:15:22+00:00,126.3795667,34.77666167,99.1,12.1,-38.30000000000001,0.09999999999999964,좌선회(38.3°) 이동/통과
4130,SS-078 유관순,57,441963000,others,5000,2022-12-02 12:20:12+00:00,2022-12-02 12:20:12+00:00,126.3964583,34.77824,53.4,6.3,-45.699999999999996,-5.8,좌선회(45.7°) 감속 이동/통과
4131,SS-078 유관순,58,441963000,others,5000,2022-12-02 12:25:02+00:00,2022-12-02 12:25:02+00:00,126.3949,34.78166667,280.9,1.8,-132.50000000000003,-4.5,좌선회(132.5°) 감속 저속 운항
4132,SS-078 유관순,59,441963000,others,5000,2022-12-02 12:30:21+00:00,2022-12-02 16:05:32+00:00,126.39397,34.78169667,188.7,0.033962264150943396,-92.19999999999999,-1.8,정박/대기
4133,SS-078 유관순,60,441963000,others,5000,2022-12-02 16:10:23+00:00,2022-12-02 16:14:01+00:00,126.389485,34.77899167,236.5,11.5,79.0,11.4,우선회(79.0°) 가속 이동/통과
4134,SS-078 유관순,61,441963000,others,5000,2022-12-02 16:15:49+00:00,2022-12-02 16:15:49+00:00,126.3681083,34.77832667,302.1,11.7,65.60000000000002,0.1999999999999993,우선회(65.6°) 이동/통과
4135,SS-078 유관순,62,441963000,others,5000,2022-12-02 16:21:56+00:00,2022-12-02 16:21:56+00:00,126.35032,34.78983667,255.7,11.3,-46.400000000000034,-0.3999999999999986,좌선회(46.4°) 이동/통과
4136,SS-078 유관순,63,441963000,others,5000,2022-12-02 16:25:41+00:00,2022-12-02 16:25:41+00:00,126.3406,34.78054,214.1,15.9,-41.599999999999994,4.6,좌선회(41.6°) 가속 이동/통과
4137,SS-078 유관순,64,441963000,others,5000,2022-12-02 16:30:05+00:00,2022-12-02 16:30:05+00:00,126.3246067,34.76192833,215.5,19.1,1.4000000000000057,3.200000000000001,가속 이동/통과
4138,SS-078 유관순,65,441963000,others,5000,2022-12-02 16:51:05+00:00,2022-12-02 16:51:05+00:00,126.2317933,34.69823667,184.7,22.7,-30.80000000000001,3.599999999999998,좌선회(30.8°) 가속 이동/통과
4139,SS-078 유관순,66,441963000,others,5000,2022-12-02 17:09:13+00:00,2022-12-02 17:09:13+00:00,126.2169867,34.58566333,200.7,22.6,16.0,-0.09999999999999787,이동/통과
4140,SS-078 유관순,67,441963000,others,5000,2022-12-02 17:15:24+00:00,2022-12-02 17:15:24+00:00,126.1916033,34.55520667,236.8,22.7,36.10000000000002,0.09999999999999787,우선회(36.1°) 이동/통과
4141,SS-078 유관순,68,441963000,others,5000,2022-12-02 17:22:46+00:00,2022-12-02 17:22:46+00:00,126.1530333,34.52606833,209.1,21.7,-27.700000000000017,-1.0,좌선회(27.7°) 이동/통과
4142,SS-078 유관순,69,441963000,others,5000,2022-12-02 17:28:04+00:00,2022-12-02 17:28:04+00:00,126.1316217,34.49919167,219.2,22.0,10.099999999999994,0.3000000000000007,이동/통과
4143,SS-078 유관순,70,441963000,others,5000,2022-12-02 18:04:47+00:00,2022-12-02 18:04:47+00:00,126.1511517,34.30963333,145.6,21.2,-73.6,-0.8000000000000007,좌선회(73.6°) 이동/통과
4144,SS-078 유관순,71,441963000,others,5000,2022-12-02 18:45:29+00:00,2022-12-02 18:45:29+00:00,126.3109633,34.10933,142.8,21.4,-2.799999999999983,0.1999999999999993,이동/통과
4145,SS-078 유관순,72,441963000,others,5000,2022-12-05 10:23:28+00:00,2022-12-05 10:23:28+00:00,126.2714417,34.168675,330.2,20.8,-172.60000000000002,-0.5999999999999979,좌선회(172.6°) 이동/통과
4146,SS-078 유관순,73,441963000,others,5000,2022-12-05 10:26:09+00:00,2022-12-05 11:12:22+00:00,126.2619183,34.18194167,330.7,21.7,0.5,-0.10000000000000142,이동/통과
4147,SS-078 유관순,74,441963000,others,5000,2022-12-05 11:28:39+00:00,2022-12-05 11:28:39+00:00,126.1292833,34.496935,50.3,21.4,76.40000000000003,-1.2000000000000028,우선회(76.4°) 이동/통과
4148,SS-078 유관순,75,441963000,others,5000,2022-12-05 11:35:10+00:00,2022-12-05 11:35:10+00:00,126.1598833,34.52555667,25.0,21.1,-25.299999999999997,-0.29999999999999716,좌선회(25.3°) 이동/통과
4149,SS-078 유관순,76,441963000,others,5000,2022-12-05 12:27:37+00:00,2022-12-05 12:27:37+00:00,126.3142917,34.755725,110.2,20.1,85.2,-1.0,우선회(85.2°) 이동/통과
4150,SS-078 유관순,77,441963000,others,5000,2022-12-05 12:30:03+00:00,2022-12-05 12:30:03+00:00,126.32645,34.76065667,39.5,17.0,-70.7,-3.1000000000000014,좌선회(70.7°) 감속 이동/통과
4151,SS-078 유관순,78,441963000,others,5000,2022-12-05 12:38:15+00:00,2022-12-05 12:38:15+00:00,126.349585,34.78811333,74.4,10.4,34.900000000000006,-6.6,우선회(34.9°) 감속 이동/통과
4152,SS-078 유관순,79,441963000,others,5000,2022-12-05 12:40:03+00:00,2022-12-05 12:43:59+00:00,126.3562767,34.78796333,108.3,11.5,33.89999999999999,1.0999999999999996,우선회(33.9°) 이동/통과
4153,SS-078 유관순,80,441963000,others,5000,2022-12-05 12:45:06+00:00,2022-12-05 12:45:06+00:00,126.370555,34.77730833,100.7,11.5,-7.599999999999994,0.0,이동/통과
4154,SS-078 유관순,81,441963000,others,5000,2022-12-05 12:50:08+00:00,2022-12-05 12:50:08+00:00,126.3902267,34.77695833,77.7,11.0,-23.0,-0.5,좌선회(23.0°) 이동/통과
4155,SS-078 유관순,82,441963000,others,5000,2022-12-05 12:55:10+00:00,2022-12-05 12:55:10+00:00,126.396505,34.78140667,300.4,3.6,-137.3,-7.4,좌선회(137.3°) 감속 저속 운항
4156,SS-078 유관순,83,441963000,others,5000,2022-12-05 13:00:29+00:00,2022-12-05 16:25:23+00:00,126.3939533,34.78170333,80.1,0.04423076923076923,139.70000000000002,-3.5,정박/대기
4157,SS-078 유관순,84,441963000,others,5000,2022-12-05 16:30:13+00:00,2022-12-05 16:30:13+00:00,126.3865733,34.778245,258.1,11.7,65.50000000000003,11.7,우선회(65.5°) 가속 이동/통과
4158,SS-078 유관순,85,441963000,others,5000,2022-12-05 16:35:02+00:00,2022-12-05 16:35:02+00:00,126.3676417,34.77874333,303.5,11.4,45.39999999999998,-0.29999999999999893,우선회(45.4°) 이동/통과
4159,SS-078 유관순,86,441963000,others,5000,2022-12-05 16:40:56+00:00,2022-12-05 16:40:56+00:00,126.34994,34.78879,251.6,11.7,-51.900000000000006,0.29999999999999893,좌선회(51.9°) 이동/통과
4160,SS-078 유관순,87,441963000,others,5000,2022-12-05 16:45:31+00:00,2022-12-05 16:45:31+00:00,126.3366667,34.77565667,215.5,18.0,-36.099999999999994,6.300000000000001,좌선회(36.1°) 가속 이동/통과
4161,SS-078 유관순,88,441963000,others,5000,2022-12-05 17:42:25+00:00,2022-12-05 17:42:25+00:00,126.15723,34.52813,215.0,22.1,-0.5,4.100000000000001,가속 이동/통과
4162,SS-078 유관순,89,441963000,others,5000,2022-12-05 18:20:08+00:00,2022-12-05 18:20:08+00:00,126.1395483,34.32197333,152.6,24.3,-62.400000000000006,2.1999999999999993,좌선회(62.4°) 가속 이동/통과
4163,SS-078 유관순,90,441963000,others,5000,2022-12-05 18:26:40+00:00,2022-12-05 18:26:40+00:00,126.1692933,34.28804667,133.2,23.5,-19.400000000000006,-0.8000000000000007,이동/통과
4164,SS-078 유관순,91,441963000,others,5000,2022-12-06 10:14:09+00:00,2022-12-06 10:14:09+00:00,126.2948533,34.14752333,327.1,20.6,-166.09999999999997,-2.8999999999999986,좌선회(166.1°) 감속 이동/통과
4165,SS-078 유관순,92,441963000,others,5000,2022-12-06 10:26:51+00:00,2022-12-06 11:07:45+00:00,126.2475617,34.20972167,328.0,21.666666666666668,0.8999999999999773,0.5,이동/통과
4166,SS-078 유관순,93,441963000,others,5000,2022-12-06 11:11:39+00:00,2022-12-06 11:11:39+00:00,126.076505,34.437565,9.8,22.4,31.5,-0.10000000000000142,우선회(31.5°) 이동/통과
4167,SS-078 유관순,94,441963000,others,5000,2022-12-06 11:28:44+00:00,2022-12-06 11:43:32+00:00,126.1490233,34.51993,25.0,21.75,15.2,-1.0,이동/통과
4168,SS-078 유관순,95,441963000,others,5000,2022-12-06 12:16:22+00:00,2022-12-06 12:16:22+00:00,126.2824033,34.76433333,74.6,20.6,53.699999999999996,-1.5,우선회(53.7°) 이동/통과
4169,SS-078 유관순,96,441963000,others,5000,2022-12-06 12:21:25+00:00,2022-12-06 12:21:25+00:00,126.3139017,34.75622667,111.3,20.7,36.7,0.09999999999999787,우선회(36.7°) 이동/통과
4170,SS-078 유관순,97,441963000,others,5000,2022-12-06 12:25:39+00:00,2022-12-06 12:25:39+00:00,126.3343117,34.76840667,36.4,19.2,-74.9,-1.5,좌선회(74.9°) 이동/통과
4171,SS-078 유관순,98,441963000,others,5000,2022-12-06 12:30:58+00:00,2022-12-06 12:30:58+00:00,126.348385,34.78781167,49.2,11.0,12.800000000000004,-8.2,감속 이동/통과
4172,SS-078 유관순,99,441963000,others,5000,2022-12-06 12:36:39+00:00,2022-12-06 12:37:59+00:00,126.3643933,34.779455,137.5,11.7,88.3,0.6999999999999993,우선회(88.3°) 이동/통과
4173,SS-078 유관순,100,441963000,others,5000,2022-12-06 12:40:30+00:00,2022-12-06 12:44:01+00:00,126.3784433,34.77633833,95.0,11.7,-42.5,0.0,좌선회(42.5°) 이동/통과
4174,SS-078 유관순,101,441963000,others,5000,2022-12-06 12:45:19+00:00,2022-12-06 12:45:19+00:00,126.3952333,34.77772833,72.8,7.3,-22.200000000000003,-4.3999999999999995,좌선회(22.2°) 감속 이동/통과
4175,SS-078 유관순,102,441963000,others,5000,2022-12-06 12:50:19+00:00,2022-12-06 12:50:19+00:00,126.3954967,34.78167333,280.5,2.5,-152.3,-4.8,좌선회(152.3°) 감속 저속 운항
4176,SS-078 유관순,103,441963000,others,5000,2022-12-06 12:55:00+00:00,2022-12-06 15:55:01+00:00,126.393955,34.78172333,317.4,0.035,36.89999999999998,-2.3,정박/대기
4177,SS-078 유관순,104,441963000,others,5000,2022-12-06 16:00:03+00:00,2022-12-06 16:00:03+00:00,126.391095,34.77981,237.6,8.0,83.1,7.9,우선회(83.1°) 가속 이동/통과
4178,SS-078 유관순,105,441963000,others,5000,2022-12-06 16:05:31+00:00,2022-12-06 16:05:31+00:00,126.37419,34.777325,269.4,9.9,31.799999999999983,1.9000000000000004,우선회(31.8°) 이동/통과
4179,SS-078 유관순,106,441963000,others,5000,2022-12-06 16:10:02+00:00,2022-12-06 16:10:02+00:00,126.3625667,34.78454333,324.5,11.8,55.10000000000002,1.9000000000000004,우선회(55.1°) 이동/통과
4180,SS-078 유관순,107,441963000,others,5000,2022-12-06 16:15:15+00:00,2022-12-06 16:15:15+00:00,126.345835,34.7871,223.0,11.0,-101.5,-0.8000000000000007,좌선회(101.5°) 이동/통과
4181,SS-078 유관순,108,441963000,others,5000,2022-12-06 16:20:32+00:00,2022-12-06 17:18:20+00:00,126.3314367,34.769905,214.6,19.7,-8.400000000000006,7.199999999999999,가속 이동/통과
4182,SS-078 유관순,109,441963000,others,5000,2022-12-06 17:52:42+00:00,2022-12-06 17:52:42+00:00,126.099045,34.34221833,163.7,23.8,-44.20000000000002,2.6000000000000014,좌선회(44.2°) 가속 이동/통과
4183,SS-078 유관순,110,441963000,others,5000,2022-12-06 18:14:46+00:00,2022-12-06 18:31:01+00:00,126.2225617,34.23807167,145.6,22.566666666666666,-18.099999999999994,-1.0,이동/통과
4184,SS-078 유관순,111,441963000,others,5000,2022-12-07 00:30:44+00:00,2022-12-07 00:30:44+00:00,126.7355617,33.236675,238.5,21.4,86.80000000000001,-1.2000000000000028,우선회(86.8°) 이동/통과
4185,SS-078 유관순,112,441963000,others,5000,2022-12-07 00:40:01+00:00,2022-12-07 00:40:01+00:00,126.6784483,33.21026333,246.4,21.1,7.900000000000006,-0.29999999999999716,이동/통과
4186,SS-078 유관순,113,441963000,others,5000,2022-12-07 00:45:19+00:00,2022-12-07 00:45:19+00:00,126.6419733,33.20986,278.3,21.5,31.900000000000006,0.3999999999999986,우선회(31.9°) 이동/통과
4187,SS-078 유관순,114,441963000,others,5000,2022-12-07 01:03:06+00:00,2022-12-07 01:03:06+00:00,126.5658583,33.234125,31.7,0.6,113.39999999999998,-20.9,정박/대기
4188,SS-078 유관순,115,441963000,others,5000,2022-12-07 06:21:09+00:00,2022-12-07 06:21:09+00:00,126.56551,33.23039,222.7,6.3,-169.0,5.7,좌선회(169.0°) 가속 이동/통과
4189,SS-078 유관순,116,441963000,others,5000,2022-12-07 06:35:40+00:00,2022-12-07 06:35:40+00:00,126.493585,33.20550833,260.9,17.1,38.19999999999999,10.8,우선회(38.2°) 가속 이동/통과
4190,SS-078 유관순,117,441963000,others,5000,2022-12-07 06:40:27+00:00,2022-12-07 07:00:16+00:00,126.46612,33.20210667,263.3,19.46,2.400000000000034,1.0,이동/통과
4191,SS-078 유관순,118,441963000,others,5000,2022-12-07 07:11:28+00:00,2022-12-07 07:11:28+00:00,126.26885,33.18470333,286.4,17.7,22.099999999999966,-2.1000000000000014,우선회(22.1°) 감속 이동/통과
4192,SS-078 유관순,119,441963000,others,5000,2022-12-07 07:27:03+00:00,2022-12-07 07:27:03+00:00,126.193595,33.235025,314.4,19.3,28.0,1.6000000000000014,우선회(28.0°) 이동/통과
4193,SS-078 유관순,120,441963000,others,5000,2022-12-07 08:00:28+00:00,2022-12-07 08:00:28+00:00,126.1337633,33.39324333,5.1,20.0,50.700000000000045,0.6999999999999993,우선회(50.7°) 이동/통과
4194,SS-078 유관순,121,441963000,others,5000,2022-12-07 08:13:57+00:00,2022-12-07 08:55:03+00:00,126.1418167,33.46726833,5.3,19.849999999999998,0.20000000000000018,-0.3000000000000007,이동/통과
4195,SS-078 유관순,122,441963000,others,5000,2022-12-07 10:41:51+00:00,2022-12-07 10:41:51+00:00,126.1742917,34.28519833,326.2,20.5,-33.0,0.6000000000000014,좌선회(33.0°) 이동/통과
4196,SS-078 유관순,123,441963000,others,5000,2022-12-07 10:55:39+00:00,2022-12-07 11:03:04+00:00,126.118765,34.34918167,324.8,21.6,-1.3999999999999773,1.1999999999999993,이동/통과
4197,SS-078 유관순,124,441963000,others,5000,2022-12-07 11:24:51+00:00,2022-12-07 11:24:51+00:00,126.133115,34.499505,48.0,21.5,72.80000000000001,0.0,우선회(72.8°) 이동/통과
4198,SS-078 유관순,125,441963000,others,5000,2022-12-07 12:23:07+00:00,2022-12-07 12:23:07+00:00,126.3141233,34.75709667,117.8,20.4,69.8,-1.1000000000000014,우선회(69.8°) 이동/통과
4199,SS-078 유관순,126,441963000,others,5000,2022-12-07 12:25:33+00:00,2022-12-07 12:25:33+00:00,126.3267383,34.76087167,38.0,17.2,-79.8,-3.1999999999999993,좌선회(79.8°) 감속 이동/통과
4200,SS-078 유관순,127,441963000,others,5000,2022-12-07 12:33:27+00:00,2022-12-07 12:33:27+00:00,126.3483567,34.78780667,57.8,11.2,19.799999999999997,-6.0,감속 이동/통과
4201,SS-078 유관순,128,441963000,others,5000,2022-12-07 12:37:36+00:00,2022-12-07 12:37:36+00:00,126.3609433,34.78336833,147.1,11.7,89.3,0.5,우선회(89.3°) 이동/통과
4202,SS-078 유관순,129,441963000,others,5000,2022-12-07 12:40:23+00:00,2022-12-07 12:44:01+00:00,126.3687133,34.77771833,103.4,11.0,-43.69999999999999,-0.6999999999999993,좌선회(43.7°) 이동/통과
4203,SS-078 유관순,130,441963000,others,5000,2022-12-07 12:45:20+00:00,2022-12-07 12:45:20+00:00,126.3870217,34.775945,77.4,11.0,-26.0,0.0,좌선회(26.0°) 이동/통과
4204,SS-078 유관순,131,441963000,others,5000,2022-12-07 12:50:04+00:00,2022-12-07 12:50:04+00:00,126.397605,34.78033,348.6,4.1,-88.79999999999995,-6.9,좌선회(88.8°) 감속 저속 운항
4205,SS-078 유관순,132,441963000,others,5000,2022-12-07 12:55:27+00:00,2022-12-07 16:20:14+00:00,126.3940383,34.78165167,281.3,0.04489795918367347,-67.30000000000001,-3.8,정박/대기
4206,SS-078 유관순,133,441963000,others,5000,2022-12-07 16:25:28+00:00,2022-12-07 16:25:28+00:00,126.3876583,34.77815333,247.4,11.6,109.70000000000002,11.6,우선회(109.7°) 가속 이동/통과
4207,SS-078 유관순,134,441963000,others,5000,2022-12-07 16:30:28+00:00,2022-12-07 16:30:28+00:00,126.3682667,34.77866667,305.1,11.4,57.70000000000002,-0.1999999999999993,우선회(57.7°) 이동/통과
4208,SS-078 유관순,135,441963000,others,5000,2022-12-07 16:36:45+00:00,2022-12-07 16:36:45+00:00,126.3486083,34.78856167,245.2,11.5,-59.900000000000034,0.09999999999999964,좌선회(59.9°) 이동/통과
4209,SS-078 유관순,136,441963000,others,5000,2022-12-07 16:41:30+00:00,2022-12-07 16:42:55+00:00,126.3351133,34.77455,215.4,17.7,-29.799999999999983,6.199999999999999,좌선회(29.8°) 가속 이동/통과
4210,SS-078 유관순,137,441963000,others,5000,2022-12-07 16:45:18+00:00,2022-12-07 16:45:18+00:00,126.3215617,34.75883333,221.7,18.9,6.299999999999983,1.1999999999999993,이동/통과
4211,SS-078 유관순,138,441963000,others,5000,2022-12-07 17:41:11+00:00,2022-12-07 17:41:11+00:00,126.1561383,34.52858,207.9,21.0,-13.799999999999983,2.1000000000000014,가속 이동/통과
4212,SS-078 유관순,139,441963000,others,5000,2022-12-07 17:49:24+00:00,2022-12-07 17:49:24+00:00,126.12155,34.48891167,220.8,22.0,12.900000000000006,1.0,이동/통과
4213,SS-078 유관순,140,441963000,others,5000,2022-12-07 17:58:11+00:00,2022-12-07 17:58:11+00:00,126.0806783,34.44979167,186.2,22.7,-34.60000000000002,0.6999999999999993,좌선회(34.6°) 이동/통과
4214,SS-078 유관순,141,441963000,others,5000,2022-12-07 18:14:26+00:00,2022-12-07 18:14:26+00:00,126.11789,34.35089833,149.4,24.4,-36.79999999999998,1.6999999999999993,좌선회(36.8°) 이동/통과
4215,SS-078 유관순,142,441963000,others,5000,2022-12-07 18:40:53+00:00,2022-12-07 18:45:59+00:00,126.2428683,34.212415,145.9,22.75,-3.5,-1.7999999999999972,이동/통과
4216,SS-078 유관순,143,441963000,others,5000,2022-12-08 09:29:23+00:00,2022-12-08 09:29:23+00:00,126.428925,33.92928667,345.1,20.4,-156.99999999999997,-2.5,좌선회(157.0°) 감속 이동/통과
4217,SS-078 유관순,144,441963000,others,5000,2022-12-08 09:52:42+00:00,2022-12-08 09:52:42+00:00,126.3727233,34.04593167,331.0,19.5,-14.100000000000023,-0.8999999999999986,이동/통과
4218,SS-078 유관순,145,441963000,others,5000,2022-12-08 11:14:42+00:00,2022-12-08 11:14:42+00:00,126.0768467,34.42892,8.1,20.9,37.10000000000002,1.3999999999999986,우선회(37.1°) 이동/통과
4219,SS-078 유관순,146,441963000,others,5000,2022-12-08 11:17:36+00:00,2022-12-08 11:17:36+00:00,126.079425,34.44614833,7.0,21.8,-1.0999999999999996,0.9000000000000021,이동/통과
4220,SS-078 유관순,147,441963000,others,5000,2022-12-08 11:27:29+00:00,2022-12-08 11:27:29+00:00,126.1201883,34.48917833,48.8,20.8,41.8,-1.0,우선회(41.8°) 이동/통과
4221,SS-078 유관순,148,441963000,others,5000,2022-12-08 11:32:53+00:00,2022-12-08 12:22:29+00:00,126.144755,34.51254833,35.8,20.299999999999997,-13.0,0.09999999999999787,이동/통과
4222,SS-078 유관순,149,441963000,others,5000,2022-12-08 12:30:11+00:00,2022-12-08 12:30:11+00:00,126.3156917,34.75514333,98.4,19.2,43.10000000000001,-0.5,우선회(43.1°) 이동/통과
4223,SS-078 유관순,150,441963000,others,5000,2022-12-08 12:35:18+00:00,2022-12-08 12:35:18+00:00,126.3367667,34.772775,34.7,18.3,-63.7,-0.8999999999999986,좌선회(63.7°) 이동/통과
4224,SS-078 유관순,151,441963000,others,5000,2022-12-08 12:41:13+00:00,2022-12-08 12:41:13+00:00,126.3523783,34.78909333,88.8,10.6,54.099999999999994,-7.700000000000001,우선회(54.1°) 감속 이동/통과
4225,SS-078 유관순,152,441963000,others,5000,2022-12-08 12:45:17+00:00,2022-12-08 12:45:17+00:00,126.36282,34.78071833,143.9,11.7,55.10000000000001,1.0999999999999996,우선회(55.1°) 이동/통과
4226,SS-078 유관순,153,441963000,others,5000,2022-12-08 12:50:17+00:00,2022-12-08 12:50:17+00:00,126.3807717,34.77602167,99.2,11.8,-44.7,0.10000000000000142,좌선회(44.7°) 이동/통과
4227,SS-078 유관순,154,441963000,others,5000,2022-12-08 12:55:27+00:00,2022-12-08 12:55:27+00:00,126.3972117,34.778905,36.6,5.6,-62.6,-6.200000000000001,좌선회(62.6°) 감속 이동/통과
4228,SS-078 유관순,155,441963000,others,5000,2022-12-08 13:00:06+00:00,2022-12-08 13:00:06+00:00,126.3946817,34.78173167,270.7,1.9,-125.9,-3.6999999999999997,좌선회(125.9°) 감속 저속 운항
4229,SS-078 유관순,156,441963000,others,5000,2022-12-08 13:05:36+00:00,2022-12-08 15:50:01+00:00,126.3939717,34.78169167,233.9,0.06666666666666667,-36.79999999999998,-1.7999999999999998,정박/대기
4230,SS-078 유관순,157,441963000,others,5000,2022-12-08 15:50:07+00:00,2022-12-08 15:50:07+00:00,126.3816883,34.77742167,260.3,12.3,84.60000000000002,11.700000000000001,우선회(84.6°) 가속 이동/통과
4231,SS-078 유관순,158,441963000,others,5000,2022-12-08 15:57:23+00:00,2022-12-08 15:57:23+00:00,126.3585467,34.788395,300.6,11.7,40.30000000000001,-0.6000000000000014,우선회(40.3°) 이동/통과
4232,SS-078 유관순,159,441963000,others,5000,2022-12-08 16:00:13+00:00,2022-12-08 16:00:13+00:00,126.3479617,34.78797833,238.3,11.7,-62.30000000000001,0.0,좌선회(62.3°) 이동/통과
4233,SS-078 유관순,160,441963000,others,5000,2022-12-08 16:05:35+00:00,2022-12-08 16:08:00+00:00,126.33256,34.77107667,214.6,18.2,-23.700000000000017,6.5,좌선회(23.7°) 가속 이동/통과
4234,SS-078 유관순,161,441963000,others,5000,2022-12-08 16:20:17+00:00,2022-12-08 16:20:17+00:00,126.2598517,34.75675833,242.7,19.5,28.099999999999994,1.3000000000000007,우선회(28.1°) 이동/통과
4235,SS-078 유관순,162,441963000,others,5000,2022-12-08 16:48:17+00:00,2022-12-08 16:48:17+00:00,126.228945,34.615355,196.6,18.9,-46.099999999999994,-0.6000000000000014,좌선회(46.1°) 이동/통과
4236,SS-078 유관순,163,441963000,others,5000,2022-12-08 17:04:48+00:00,2022-12-08 17:04:48+00:00,126.1684317,34.54303667,222.0,20.1,25.400000000000006,1.2000000000000028,우선회(25.4°) 이동/통과
4237,SS-078 유관순,164,441963000,others,5000,2022-12-08 17:10:17+00:00,2022-12-08 17:10:17+00:00,126.1465883,34.51822667,217.6,20.3,-4.400000000000006,0.1999999999999993,이동/통과
4238,SS-078 유관순,165,441963000,others,5000,2022-12-08 17:32:00+00:00,2022-12-08 17:32:00+00:00,126.0771583,34.41425167,170.3,22.4,-47.29999999999998,2.099999999999998,좌선회(47.3°) 가속 이동/통과
4239,SS-078 유관순,166,441963000,others,5000,2022-12-08 17:38:59+00:00,2022-12-08 17:38:59+00:00,126.08842,34.37176833,166.7,22.9,-3.6000000000000227,0.5,이동/통과
4240,SS-078 유관순,167,441963000,others,5000,2022-12-08 17:58:17+00:00,2022-12-08 17:58:17+00:00,126.17736,34.28131,129.7,21.9,-37.0,-1.0,좌선회(37.0°) 이동/통과
4241,SS-078 유관순,168,441963000,others,5000,2022-12-08 18:04:47+00:00,2022-12-08 18:04:47+00:00,126.2100183,34.25167833,138.1,22.2,8.400000000000006,0.3000000000000007,이동/통과
4242,SS-078 유관순,169,441963000,others,5000,2022-12-08 18:55:23+00:00,2022-12-08 18:55:23+00:00,126.4120483,33.986395,161.0,22.8,22.900000000000006,0.6000000000000014,우선회(22.9°) 이동/통과
4243,SS-078 유관순,170,441963000,others,5000,2022-12-09 09:54:09+00:00,2022-12-09 09:54:09+00:00,126.3167433,34.11505833,332.3,19.8,171.3,-3.0,우선회(171.3°) 감속 이동/통과
4244,SS-078 유관순,171,441963000,others,5000,2022-12-09 10:04:51+00:00,2022-12-09 10:04:51+00:00,126.2827167,34.166855,327.1,19.9,-5.199999999999989,0.09999999999999787,이동/통과
4245,SS-078 유관순,172,441963000,others,5000,2022-12-09 10:34:51+00:00,2022-12-09 10:34:51+00:00,126.1575267,34.29290833,306.5,18.5,-20.600000000000023,-1.3999999999999986,좌선회(20.6°) 이동/통과
4246,SS-078 유관순,173,441963000,others,5000,2022-12-09 10:42:21+00:00,2022-12-09 10:42:21+00:00,126.1203083,34.31560833,309.4,18.4,2.8999999999999773,-0.10000000000000142,이동/통과
4247,SS-078 유관순,174,441963000,others,5000,2022-12-09 10:48:56+00:00,2022-12-09 10:48:56+00:00,126.09732,34.343,344.9,19.5,35.5,1.1000000000000014,우선회(35.5°) 이동/통과
4248,SS-078 유관순,175,441963000,others,5000,2022-12-09 11:11:26+00:00,2022-12-09 11:11:26+00:00,126.08263,34.46447667,32.6,19.4,47.700000000000045,-0.10000000000000142,우선회(47.7°) 이동/통과
4249,SS-078 유관순,176,441963000,others,5000,2022-12-09 11:18:26+00:00,2022-12-09 11:28:21+00:00,126.1189017,34.48809167,40.6,20.333333333333332,8.0,0.5,이동/통과
4250,SS-078 유관순,177,441963000,others,5000,2022-12-09 12:22:21+00:00,2022-12-09 12:22:21+00:00,126.3133167,34.75649167,117.8,20.2,87.9,-0.40000000000000213,우선회(87.9°) 이동/통과
4251,SS-078 유관순,178,441963000,others,5000,2022-12-09 12:25:21+00:00,2022-12-09 12:25:21+00:00,126.328885,34.76239667,38.2,17.4,-79.6,-2.8000000000000007,좌선회(79.6°) 감속 이동/통과
4252,SS-078 유관순,179,441963000,others,5000,2022-12-09 12:31:21+00:00,2022-12-09 12:31:21+00:00,126.3456233,34.785085,29.7,12.4,-8.500000000000004,-4.999999999999998,감속 이동/통과
4253,SS-078 유관순,180,441963000,others,5000,2022-12-09 12:37:48+00:00,2022-12-09 12:37:48+00:00,126.3640633,34.780155,142.8,11.9,113.10000000000001,-0.5,우선회(113.1°) 이동/통과
4254,SS-078 유관순,181,441963000,others,5000,2022-12-09 12:40:27+00:00,2022-12-09 12:40:27+00:00,126.3728867,34.77682167,96.8,11.2,-46.000000000000014,-0.7000000000000011,좌선회(46.0°) 이동/통과
4255,SS-078 유관순,182,441963000,others,5000,2022-12-09 12:45:18+00:00,2022-12-09 12:45:18+00:00,126.3914317,34.77684833,75.1,10.4,-21.700000000000003,-0.7999999999999989,좌선회(21.7°) 이동/통과
4256,SS-078 유관순,183,441963000,others,5000,2022-12-09 12:50:31+00:00,2022-12-09 12:56:01+00:00,126.3963883,34.78151667,292.2,3.9,-142.9,-6.5,좌선회(142.9°) 감속 저속 운항
4257,SS-078 유관순,184,441963000,others,5000,2022-12-09 12:56:08+00:00,2022-12-09 15:50:00+00:00,126.39396,34.781725,12.7,0.03488372093023256,80.5,-3.9,정박/대기
4258,SS-078 유관순,185,441963000,others,5000,2022-12-09 15:50:28+00:00,2022-12-09 15:50:28+00:00,126.39055,34.779735,236.8,10.6,84.4,10.5,우선회(84.4°) 가속 이동/통과
4259,SS-078 유관순,186,441963000,others,5000,2022-12-09 15:55:18+00:00,2022-12-09 15:55:18+00:00,126.3718667,34.77720167,292.1,11.7,55.30000000000001,1.0999999999999996,우선회(55.3°) 이동/통과
4260,SS-078 유관순,187,441963000,others,5000,2022-12-09 16:00:31+00:00,2022-12-09 16:00:31+00:00,126.3573533,34.78902833,291.1,11.5,-1.0,-0.1999999999999993,이동/통과
4261,SS-078 유관순,188,441963000,others,5000,2022-12-09 16:05:28+00:00,2022-12-09 16:05:28+00:00,126.3413217,34.78148667,214.7,13.3,-76.40000000000003,1.8000000000000007,좌선회(76.4°) 이동/통과
4262,SS-078 유관순,189,441963000,others,5000,2022-12-09 16:10:32+00:00,2022-12-09 16:10:32+00:00,126.3246567,34.76194,214.1,18.2,-0.5999999999999943,4.899999999999999,가속 이동/통과
4263,SS-078 유관순,190,441963000,others,5000,2022-12-09 17:21:19+00:00,2022-12-09 17:21:19+00:00,126.1085983,34.481885,234.8,20.1,20.700000000000017,1.9000000000000021,우선회(20.7°) 이동/통과
4264,SS-078 유관순,191,441963000,others,5000,2022-12-09 17:30:49+00:00,2022-12-09 17:30:49+00:00,126.0711667,34.44697833,158.3,20.4,-76.5,0.29999999999999716,좌선회(76.5°) 이동/통과
4265,SS-078 유관순,192,441963000,others,5000,2022-12-09 17:40:50+00:00,2022-12-09 18:35:06+00:00,126.0915633,34.39205,156.2,21.933333333333334,-2.1000000000000227,1.6000000000000014,이동/통과
4266,SS-078 유관순,193,441963000,others,5000,2022-12-12 10:29:04+00:00,2022-12-12 10:29:04+00:00,126.250415,34.21916,319.6,18.8,172.70000000000002,-3.3999999999999986,우선회(172.7°) 감속 이동/통과
4267,SS-078 유관순,194,441963000,others,5000,2022-12-12 10:33:27+00:00,2022-12-12 10:37:21+00:00,126.232145,34.23662667,318.2,18.65,-1.400000000000034,0.1999999999999993,이동/통과
4268,SS-078 유관순,195,441963000,others,5000,2022-12-12 11:25:34+00:00,2022-12-12 11:25:34+00:00,126.0805117,34.45207333,4.4,20.6,48.89999999999998,2.3000000000000007,우선회(48.9°) 가속 이동/통과
4269,SS-078 유관순,196,441963000,others,5000,2022-12-12 11:33:57+00:00,2022-12-12 11:33:57+00:00,126.1125317,34.48334167,49.2,18.5,44.800000000000004,-2.1000000000000014,우선회(44.8°) 감속 이동/통과
4270,SS-078 유관순,197,441963000,others,5000,2022-12-12 11:45:09+00:00,2022-12-12 12:00:03+00:00,126.1567567,34.53004,31.8,19.0,-17.400000000000002,0.8000000000000007,이동/통과
4271,SS-078 유관순,198,441963000,others,5000,2022-12-12 12:44:14+00:00,2022-12-12 12:44:14+00:00,126.3133083,34.756555,125.7,19.0,101.0,0.3000000000000007,우선회(101.0°) 이동/통과
4272,SS-078 유관순,199,441963000,others,5000,2022-12-12 12:45:03+00:00,2022-12-12 12:45:03+00:00,126.31799,34.75506167,91.6,17.7,-34.10000000000001,-1.3000000000000007,좌선회(34.1°) 이동/통과
4273,SS-078 유관순,200,441963000,others,5000,2022-12-12 12:55:08+00:00,2022-12-12 12:55:08+00:00,126.34991,34.78815167,70.5,10.0,-21.099999999999994,-7.699999999999999,좌선회(21.1°) 감속 이동/통과
4274,SS-078 유관순,201,441963000,others,5000,2022-12-12 13:00:37+00:00,2022-12-12 13:02:02+00:00,126.3652667,34.77901667,132.8,11.3,62.30000000000001,1.3000000000000007,우선회(62.3°) 이동/통과
4275,SS-078 유관순,202,441963000,others,5000,2022-12-12 13:07:37+00:00,2022-12-12 13:07:37+00:00,126.3917683,34.77659333,75.7,11.3,-57.10000000000001,0.0,좌선회(57.1°) 이동/통과
4276,SS-078 유관순,203,441963000,others,5000,2022-12-12 13:10:24+00:00,2022-12-12 13:10:24+00:00,126.3980667,34.77928333,17.6,5.1,-58.1,-6.200000000000001,좌선회(58.1°) 감속 이동/통과
4277,SS-078 유관순,204,441963000,others,5000,2022-12-12 13:17:17+00:00,2022-12-12 16:10:07+00:00,126.3940133,34.78167667,253.0,0.065,-124.6,-4.699999999999999,정박/대기
4278,SS-078 유관순,205,441963000,others,5000,2022-12-12 16:16:08+00:00,2022-12-12 16:16:08+00:00,126.3768217,34.77718167,263.7,12.1,115.39999999999998,11.7,우선회(115.4°) 가속 이동/통과
4279,SS-078 유관순,206,441963000,others,5000,2022-12-12 16:20:08+00:00,2022-12-12 16:20:08+00:00,126.3638567,34.78269667,323.7,11.7,60.0,-0.40000000000000036,우선회(60.0°) 이동/통과
4280,SS-078 유관순,207,441963000,others,5000,2022-12-12 16:25:31+00:00,2022-12-12 16:25:31+00:00,126.34776,34.78754333,217.5,11.7,-106.19999999999999,0.0,좌선회(106.2°) 이동/통과
4281,SS-078 유관순,208,441963000,others,5000,2022-12-12 16:30:26+00:00,2022-12-12 16:30:26+00:00,126.3340333,34.772275,216.8,17.5,-0.6999999999999886,5.800000000000001,가속 이동/통과
4282,SS-078 유관순,209,441963000,others,5000,2022-12-12 17:30:43+00:00,2022-12-12 17:30:43+00:00,126.1734567,34.54647833,237.8,19.0,21.0,1.5,우선회(21.0°) 이동/통과
4283,SS-078 유관순,210,441963000,others,5000,2022-12-12 18:50:55+00:00,2022-12-12 18:50:55+00:00,126.2639717,34.18651667,146.8,20.9,-91.0,1.8999999999999986,좌선회(91.0°) 이동/통과
4284,SS-078 유관순,211,441963000,others,5000,2022-12-12 19:00:56+00:00,2022-12-12 20:41:02+00:00,126.3020783,34.13735833,147.1,20.799999999999997,0.29999999999998295,0.3000000000000007,이동/통과
4285,SS-078 유관순,212,441963000,others,5000,2022-12-12 20:45:37+00:00,2022-12-12 20:45:37+00:00,126.5696683,33.58144167,179.7,19.2,25.0,-1.1999999999999993,우선회(25.0°) 이동/통과
4286,SS-078 유관순,213,441963000,others,5000,2022-12-12 20:50:01+00:00,2022-12-12 20:50:01+00:00,126.5673633,33.55787167,187.2,19.2,7.5,0.0,이동/통과
4287,SS-078 유관순,214,441963000,others,5000,2022-12-13 08:05:34+00:00,2022-12-13 08:05:34+00:00,126.5616,33.53939333,348.8,15.7,161.60000000000002,-3.5,우선회(161.6°) 감속 이동/통과
4288,SS-078 유관순,215,441963000,others,5000,2022-12-13 08:10:34+00:00,2022-12-13 10:50:58+00:00,126.5552483,33.563335,346.5,18.58888888888889,-2.3000000000000114,1.6000000000000014,이동/통과
4289,SS-078 유관순,216,441963000,others,5000,2022-12-13 12:47:44+00:00,2022-12-13 12:49:59+00:00,126.3192683,34.75703167,75.9,18.3,111.1,0.5,우선회(111.1°) 이동/통과
4290,SS-078 유관순,217,441963000,others,5000,2022-12-13 12:51:22+00:00,2022-12-13 12:51:22+00:00,126.3342167,34.76909667,40.6,17.2,-35.300000000000004,-1.1000000000000014,좌선회(35.3°) 이동/통과
4291,SS-078 유관순,218,441963000,others,5000,2022-12-13 12:57:05+00:00,2022-12-13 12:57:05+00:00,126.3484183,34.78722167,35.9,11.6,-4.700000000000003,-5.6,감속 이동/통과
4292,SS-078 유관순,219,441963000,others,5000,2022-12-13 13:00:26+00:00,2022-12-13 13:00:26+00:00,126.3597483,34.78565167,142.9,11.8,107.0,0.20000000000000107,우선회(107.0°) 이동/통과
4293,SS-078 유관순,220,441963000,others,5000,2022-12-13 13:05:13+00:00,2022-12-13 13:08:01+00:00,126.3743317,34.77643,95.1,12.1,-47.80000000000001,0.29999999999999893,좌선회(47.8°) 이동/통과
4294,SS-078 유관순,221,441963000,others,5000,2022-12-13 13:10:32+00:00,2022-12-13 13:10:32+00:00,126.3947983,34.77741,76.0,8.7,-19.099999999999994,-3.4000000000000004,감속 이동/통과
4295,SS-078 유관순,222,441963000,others,5000,2022-12-13 13:16:32+00:00,2022-12-13 13:16:32+00:00,126.3955667,34.78155667,275.1,2.0,-160.89999999999998,-6.699999999999999,좌선회(160.9°) 감속 저속 운항
4296,SS-078 유관순,223,441963000,others,5000,2022-12-13 13:20:52+00:00,2022-12-13 17:00:23+00:00,126.39404,34.78168667,233.1,0.032,-42.00000000000003,-1.6,정박/대기
4297,SS-078 유관순,224,441963000,others,5000,2022-12-13 17:05:33+00:00,2022-12-13 17:05:33+00:00,126.39349,34.78125,239.2,5.2,-173.0,5.2,좌선회(173.0°) 가속 이동/통과
4298,SS-078 유관순,225,441963000,others,5000,2022-12-13 17:10:13+00:00,2022-12-13 17:10:13+00:00,126.377465,34.777075,264.7,12.6,25.5,7.3999999999999995,우선회(25.5°) 가속 이동/통과
4299,SS-078 유관순,226,441963000,others,5000,2022-12-13 17:18:06+00:00,2022-12-13 17:18:06+00:00,126.3522167,34.7897,254.4,10.4,-10.299999999999983,-2.1999999999999993,감속 이동/통과
4300,SS-078 유관순,227,441963000,others,5000,2022-12-13 17:20:13+00:00,2022-12-13 17:20:13+00:00,126.3459583,34.78556167,213.8,12.1,-40.599999999999994,1.6999999999999993,좌선회(40.6°) 이동/통과
4301,SS-078 유관순,228,441963000,others,5000,2022-12-13 17:25:29+00:00,2022-12-13 17:25:29+00:00,126.3303883,34.76772167,216.5,17.2,2.6999999999999886,5.1,가속 이동/통과
4302,SS-078 유관순,229,441963000,others,5000,2022-12-13 18:52:01+00:00,2022-12-13 18:52:01+00:00,126.0748767,34.425685,162.6,19.0,-53.900000000000006,1.8000000000000007,좌선회(53.9°) 이동/통과
4303,SS-078 유관순,230,441963000,others,5000,2022-12-13 19:09:06+00:00,2022-12-13 19:09:06+00:00,126.1267167,34.33977833,143.7,21.0,-18.900000000000006,2.0,가속 이동/통과
4304,SS-078 유관순,231,441963000,others,5000,2022-12-13 19:13:41+00:00,2022-12-13 19:45:52+00:00,126.145845,34.31826667,144.3,20.95,0.6000000000000227,-0.10000000000000142,이동/통과
4305,SS-078 유관순,232,441963000,others,5000,2022-12-14 10:50:47+00:00,2022-12-14 10:50:47+00:00,126.166375,34.29520167,323.2,19.5,177.39999999999998,-1.6999999999999993,우선회(177.4°) 이동/통과
4306,SS-078 유관순,233,441963000,others,5000,2022-12-14 11:07:35+00:00,2022-12-14 11:07:35+00:00,126.1089433,34.36567833,333.9,18.5,10.699999999999989,-1.0,이동/통과
4307,SS-078 유관순,234,441963000,others,5000,2022-12-14 11:36:47+00:00,2022-12-14 11:36:47+00:00,126.1220283,34.49083,43.3,19.1,69.40000000000003,0.6000000000000014,우선회(69.4°) 이동/통과
4308,SS-078 유관순,235,441963000,others,5000,2022-12-14 11:47:06+00:00,2022-12-14 12:04:47+00:00,126.1600817,34.53581667,33.9,18.4,-9.399999999999999,0.09999999999999787,이동/통과
4309,SS-078 유관순,236,441963000,others,5000,2022-12-14 12:37:05+00:00,2022-12-14 12:37:05+00:00,126.27088,34.75927,50.7,18.4,33.800000000000004,0.7999999999999972,우선회(33.8°) 이동/통과
4310,SS-078 유관순,237,441963000,others,5000,2022-12-14 12:44:55+00:00,2022-12-14 12:44:55+00:00,126.3134267,34.75601167,112.2,17.9,61.5,-0.5,우선회(61.5°) 이동/통과
4311,SS-078 유관순,238,441963000,others,5000,2022-12-14 12:45:25+00:00,2022-12-14 12:45:25+00:00,126.316345,34.75552667,92.5,17.5,-19.700000000000003,-0.3999999999999986,이동/통과
4312,SS-078 유관순,239,441963000,others,5000,2022-12-14 12:50:23+00:00,2022-12-14 12:50:23+00:00,126.3364967,34.77182167,32.7,17.1,-59.8,-0.3999999999999986,좌선회(59.8°) 이동/통과
4313,SS-078 유관순,240,441963000,others,5000,2022-12-14 12:55:36+00:00,2022-12-14 12:55:36+00:00,126.3478133,34.78709833,39.4,11.2,6.699999999999996,-5.900000000000002,감속 이동/통과
4314,SS-078 유관순,241,441963000,others,5000,2022-12-14 13:00:59+00:00,2022-12-14 13:00:59+00:00,126.3632483,34.78099167,144.8,12.0,105.4,0.8000000000000007,우선회(105.4°) 이동/통과
4315,SS-078 유관순,242,441963000,others,5000,2022-12-14 13:05:50+00:00,2022-12-14 13:08:02+00:00,126.38079,34.77610167,95.1,11.9,-49.70000000000002,-0.09999999999999964,좌선회(49.7°) 이동/통과
4316,SS-078 유관순,243,441963000,others,5000,2022-12-14 13:10:10+00:00,2022-12-14 13:10:10+00:00,126.3956683,34.77789667,68.4,6.7,-26.69999999999999,-5.2,좌선회(26.7°) 감속 이동/통과
4317,SS-078 유관순,244,441963000,others,5000,2022-12-14 13:15:20+00:00,2022-12-14 13:15:20+00:00,126.3947817,34.78160167,287.0,1.2,-141.4,-5.5,좌선회(141.4°) 감속 저속 운항
4318,SS-078 유관순,245,441963000,others,5000,2022-12-14 13:20:00+00:00,2022-12-14 16:35:29+00:00,126.3939767,34.78167333,288.9,0.05217391304347827,1.8999999999999773,-1.0999999999999999,정박/대기
4319,SS-078 유관순,246,441963000,others,5000,2022-12-14 16:40:19+00:00,2022-12-14 16:40:19+00:00,126.38091,34.77777667,264.5,12.5,117.6,12.2,우선회(117.6°) 가속 이동/통과
4320,SS-078 유관순,247,441963000,others,5000,2022-12-14 16:48:13+00:00,2022-12-14 16:48:13+00:00,126.35404,34.78982667,280.1,11.3,15.600000000000023,-1.1999999999999993,이동/통과
4321,SS-078 유관순,248,441963000,others,5000,2022-12-14 16:51:29+00:00,2022-12-14 16:51:29+00:00,126.3441033,34.78492833,216.3,12.0,-63.80000000000001,0.6999999999999993,좌선회(63.8°) 이동/통과
4322,SS-078 유관순,249,441963000,others,5000,2022-12-14 16:56:00+00:00,2022-12-14 16:56:00+00:00,126.3302917,34.769095,215.5,17.7,-0.8000000000000114,5.699999999999999,가속 이동/통과
4323,SS-078 유관순,250,441963000,others,5000,2022-12-14 18:10:13+00:00,2022-12-14 18:10:13+00:00,126.1035183,34.48037,236.4,19.0,20.900000000000006,1.3000000000000007,우선회(20.9°) 이동/통과
4324,SS-078 유관순,251,441963000,others,5000,2022-12-14 18:34:55+00:00,2022-12-14 18:34:55+00:00,126.108705,34.36490167,161.2,20.2,-75.20000000000002,1.1999999999999993,좌선회(75.2°) 이동/통과
4325,SS-078 유관순,252,441963000,others,5000,2022-12-14 18:36:01+00:00,2022-12-14 19:30:31+00:00,126.11181,34.35943167,148.9,20.116666666666667,-12.299999999999983,-0.5999999999999979,이동/통과
4326,SS-079 홍범도,0,636021595,others,5000,2022-12-01 02:24:05+00:00,2022-12-01 02:59:52+00:00,125.6953867,35.81195667,13.3,16.119999999999997,0.0,0.0,이동/통과
4327,SSM-051,0,636093035,others,5000,2022-12-01 06:42:38+00:00,2022-12-01 07:12:58+00:00,129.3583567,35.44255333,334.0,0.02,0.0,0.0,정박/대기
4328,SSM-051,1,636093035,others,5000,2022-12-01 07:28:07+00:00,2022-12-01 07:28:07+00:00,129.3635567,35.44563,8.1,4.8,125.1,4.8,우선회(125.1°) 가속 저속 운항
4329,SSM-051,2,636093035,others,5000,2022-12-01 07:43:08+00:00,2022-12-02 11:00:01+00:00,129.3556183,35.45325833,304.4,2.2,-63.700000000000045,-2.5999999999999996,좌선회(63.7°) 감속 저속 운항
4330,SSM-051,3,636093035,others,5000,2022-12-02 11:19:37+00:00,2022-12-02 11:19:37+00:00,129.3518083,35.45414,100.0,0.1,155.0,-2.1,정박/대기
4331,SSM-051,4,636093035,others,5000,2022-12-02 11:34:28+00:00,2022-12-02 11:34:28+00:00,129.35559,35.453455,97.1,5.0,-2.9000000000000057,4.9,가속 이동/통과
4332,SSM-051,5,636093035,others,5000,2022-12-02 11:50:07+00:00,2022-12-02 11:55:39+00:00,129.4000733,35.44338833,129.2,7.1,32.099999999999994,2.0999999999999996,우선회(32.1°) 가속 이동/통과
4333,SSM-051,6,636093035,others,5000,2022-12-02 12:05:07+00:00,2022-12-02 12:05:07+00:00,129.4148083,35.41325667,160.2,12.6,31.19999999999999,5.5,우선회(31.2°) 가속 이동/통과
4334,SSM-051,7,636093035,others,5000,2022-12-02 12:29:26+00:00,2022-12-02 13:27:46+00:00,129.4426167,35.32449333,174.7,12.95,14.5,0.40000000000000036,이동/통과
4335,SSM-051,8,636093035,others,5000,2022-12-02 14:01:07+00:00,2022-12-02 14:01:07+00:00,129.4357617,35.00513333,198.1,12.5,22.299999999999983,-0.40000000000000036,우선회(22.3°) 이동/통과
4336,SSM-051,9,636093035,others,5000,2022-12-02 14:36:37+00:00,2022-12-02 19:22:18+00:00,129.3570717,34.89487,208.4,14.233333333333334,10.300000000000011,1.0999999999999996,이동/통과
4337,SSM-051,10,636093035,others,5000,2022-12-08 18:03:08+00:00,2022-12-08 18:03:08+00:00,128.2899867,33.90204,82.4,11.8,-167.1,-2.299999999999999,좌선회(167.1°) 감속 이동/통과
4338,SSM-051,11,636093035,others,5000,2022-12-08 18:05:08+00:00,2022-12-08 19:20:06+00:00,128.2977133,33.90283333,83.4,11.42,1.0,-0.20000000000000107,이동/통과
4339,SSM-051,12,636093035,others,5000,2022-12-08 19:25:29+00:00,2022-12-08 19:25:29+00:00,128.5998633,33.932675,46.6,10.1,-31.699999999999996,-0.3000000000000007,좌선회(31.7°) 이동/통과
4340,SSM-051,13,636093035,others,5000,2022-12-08 19:30:28+00:00,2022-12-09 00:47:06+00:00,128.6114767,33.94303667,43.4,10.86505376344086,-3.200000000000003,-0.09999999999999964,이동/통과
4341,SSM-051,14,636093035,others,5000,2022-12-09 02:49:20+00:00,2022-12-09 02:49:20+00:00,129.4889167,35.08996167,358.4,13.4,-36.60000000000002,2.3000000000000007,좌선회(36.6°) 가속 이동/통과
4342,SSM-051,15,636093035,others,5000,2022-12-09 02:57:05+00:00,2022-12-09 02:57:05+00:00,129.486125,35.11825,354.5,13.2,-3.8999999999999773,-0.20000000000000107,이동/통과
4343,SSM-051,16,636093035,others,5000,2022-12-09 04:37:57+00:00,2022-12-09 04:37:57+00:00,129.4303217,35.398195,345.1,6.8,-9.399999999999977,-6.3999999999999995,감속 이동/통과
4344,SSM-051,17,636093035,others,5000,2022-12-09 04:43:08+00:00,2022-12-09 04:43:08+00:00,129.4261083,35.41095667,344.0,12.5,-1.1000000000000227,5.7,가속 이동/통과
4345,SSM-051,18,636093035,others,5000,2022-12-09 04:57:39+00:00,2022-12-09 04:57:39+00:00,129.3940633,35.448925,274.0,9.8,-70.0,-2.6999999999999993,좌선회(70.0°) 감속 이동/통과
4346,SSM-051,19,636093035,others,5000,2022-12-09 05:00:40+00:00,2022-12-09 05:00:40+00:00,129.3852033,35.44926167,270.2,8.1,-3.8000000000000114,-1.700000000000001,이동/통과
4347,SSM-051,20,636093035,others,5000,2022-12-09 05:24:31+00:00,2022-12-09 05:24:31+00:00,129.352215,35.453805,288.9,1.2,18.69999999999999,-6.8999999999999995,감속 저속 운항
4348,SSM-051,21,636093035,others,5000,2022-12-10 08:10:24+00:00,2022-12-10 08:10:24+00:00,129.3588733,35.45290333,96.9,5.9,168.00000000000003,4.7,우선회(168.0°) 가속 이동/통과
4349,SSM-051,22,636093035,others,5000,2022-12-10 08:16:34+00:00,2022-12-10 08:16:34+00:00,129.373495,35.449555,107.9,8.9,11.0,3.0,가속 이동/통과
4350,SSM-051,23,636093035,others,5000,2022-12-10 09:07:09+00:00,2022-12-10 09:07:09+00:00,129.4312567,35.32148833,163.7,14.0,55.79999999999998,5.1,우선회(55.8°) 가속 이동/통과
4351,SSM-051,24,636093035,others,5000,2022-12-10 09:10:15+00:00,2022-12-10 09:10:15+00:00,129.4351783,35.309845,165.0,14.0,1.3000000000000114,0.0,이동/통과
4352,SSM-051,25,636093035,others,5000,2022-12-10 10:59:30+00:00,2022-12-10 10:59:30+00:00,129.3582867,34.91675,214.6,13.7,49.599999999999994,-0.3000000000000007,우선회(49.6°) 이동/통과
4353,SSM-051,26,636093035,others,5000,2022-12-10 11:17:19+00:00,2022-12-10 15:56:33+00:00,129.3123333,34.86284167,212.2,13.77246376811594,-2.4000000000000057,-0.6999999999999993,이동/통과
4354,SSM-052,0,563872000,others,5000,2022-12-01 00:05:53+00:00,2022-12-09 20:53:52+00:00,128.1773633,34.14176667,310.8,0.050355616605616604,0.0,0.0,정박/대기
4355,SSM-052,1,563872000,others,5000,2022-12-09 22:22:45+00:00,2022-12-09 22:22:45+00:00,128.1208267,34.205355,327.7,11.2,-94.40000000000003,11.2,좌선회(94.4°) 가속 이동/통과
4356,SSM-052,2,563872000,others,5000,2022-12-09 22:30:24+00:00,2022-12-09 22:41:44+00:00,128.1044667,34.22553667,329.9,10.5,2.1999999999999886,0.20000000000000107,이동/통과
4357,SSM-052,3,563872000,others,5000,2022-12-09 22:48:14+00:00,2022-12-09 22:48:14+00:00,128.0705433,34.25692833,240.8,4.8,-90.30000000000001,-4.8,좌선회(90.3°) 감속 저속 운항
4358,SSM-052,4,563872000,others,5000,2022-12-09 23:01:45+00:00,2022-12-09 23:01:45+00:00,128.0630217,34.24871333,201.3,1.8,-39.5,-3.0,좌선회(39.5°) 감속 저속 운항
4359,SSM-052,5,563872000,others,5000,2022-12-09 23:06:34+00:00,2022-12-09 23:20:54+00:00,128.06237,34.24689,195.8,1.475,-5.5,-0.5,저속 운항
4360,SSM-052,6,563872000,others,5000,2022-12-09 23:27:04+00:00,2022-12-09 23:29:31+00:00,128.0638317,34.23886167,134.3,1.6,-48.39999999999998,0.40000000000000013,좌선회(48.4°) 저속 운항
4361,SSM-052,7,563872000,others,5000,2022-12-09 23:31:25+00:00,2022-12-09 23:31:25+00:00,128.0663667,34.23732167,137.7,2.3,3.3999999999999773,0.6999999999999997,저속 운항
4362,SSM-052,8,563872000,others,5000,2022-12-09 23:44:14+00:00,2022-12-09 23:44:14+00:00,128.0669883,34.22636167,189.9,3.8,52.20000000000002,1.5,우선회(52.2°) 저속 운항
4363,SSM-052,9,563872000,others,5000,2022-12-09 23:45:14+00:00,2022-12-10 00:00:45+00:00,128.0667883,34.22525333,189.3,3.5500000000000003,-0.5999999999999943,0.10000000000000009,저속 운항
4364,SSM-052,10,563872000,others,5000,2022-12-10 00:07:24+00:00,2022-12-10 02:17:56+00:00,128.068085,34.20714333,143.4,0.23333333333333334,-18.599999999999994,-2.1,정박/대기
4365,SSM-052,11,563872000,others,5000,2022-12-10 03:21:08+00:00,2022-12-10 03:21:08+00:00,128.0635633,34.22980833,341.3,9.1,-137.6,8.9,좌선회(137.6°) 가속 이동/통과
4366,SSM-052,12,563872000,others,5000,2022-12-10 03:34:49+00:00,2022-12-10 06:00:15+00:00,128.0464683,34.26675,342.2,10.294285714285715,0.8999999999999773,1.5999999999999996,이동/통과
4367,SSM-052,13,563872000,others,5000,2022-12-10 06:05:19+00:00,2022-12-10 06:05:19+00:00,127.9222217,34.68287167,306.7,8.0,-49.400000000000034,0.0,좌선회(49.4°) 이동/통과
4368,SSM-052,14,563872000,others,5000,2022-12-10 06:10:29+00:00,2022-12-10 07:18:24+00:00,127.9091367,34.69037333,306.3,10.257142857142858,-0.39999999999997726,1.4000000000000004,이동/통과
4369,SSM-052,15,563872000,others,5000,2022-12-10 07:20:38+00:00,2022-12-10 07:24:26+00:00,127.7997783,34.85631167,17.4,9.8,24.19999999999999,-0.29999999999999893,우선회(24.2°) 이동/통과
4370,SSM-052,16,563872000,others,5000,2022-12-10 07:25:28+00:00,2022-12-10 07:55:19+00:00,127.805205,34.86868833,20.2,7.739999999999999,2.8000000000000007,-0.10000000000000142,이동/통과
4371,SSM-052,17,563872000,others,5000,2022-12-10 08:00:09+00:00,2022-12-10 08:00:09+00:00,127.823645,34.93670167,23.8,4.7,-8.3,-1.2999999999999998,저속 운항
4372,SSM-052,18,563872000,others,5000,2022-12-10 08:05:32+00:00,2022-12-10 08:06:28+00:00,127.8257283,34.94025167,33.8,1.5,9.999999999999996,-3.2,감속 저속 운항
4373,SSM-052,19,563872000,others,5000,2022-12-10 08:10:29+00:00,2022-12-10 08:12:28+00:00,127.8260667,34.94262,5.1,1.35,-28.699999999999996,0.0,좌선회(28.7°) 저속 운항
4374,SSM-052,20,563872000,others,5000,2022-12-10 08:15:08+00:00,2022-12-14 14:02:53+00:00,127.825475,34.94390667,345.0,0.1503448275862069,-6.0,-0.3999999999999999,정박/대기
4375,SSM-052,21,563872000,others,5000,2022-12-14 14:05:52+00:00,2022-12-14 14:08:17+00:00,127.826825,34.94366333,102.0,1.3,-12.5,1.0,저속 운항
4376,SSM-052,22,563872000,others,5000,2022-12-14 14:12:10+00:00,2022-12-14 14:12:10+00:00,127.8264267,34.94118667,211.9,4.1,109.9,2.8,우선회(109.9°) 가속 저속 운항
4377,SSM-052,23,563872000,others,5000,2022-12-14 14:14:19+00:00,2022-12-14 14:14:19+00:00,127.82451,34.93651167,211.9,4.1,0.0,0.0,저속 운항
4378,SSM-052,24,563872000,others,5000,2022-12-14 14:15:01+00:00,2022-12-14 14:20:20+00:00,127.8239633,34.93529667,203.3,9.85,-8.599999999999994,4.0,가속 이동/통과
4379,SSM-052,25,563872000,others,5000,2022-12-14 14:25:20+00:00,2022-12-14 14:25:46+00:00,127.80768,34.90639833,183.6,11.6,-30.5,0.0,좌선회(30.5°) 이동/통과
4380,SSM-052,26,563872000,others,5000,2022-12-14 14:26:23+00:00,2022-12-14 14:44:23+00:00,127.8081133,34.90021333,183.6,12.35,0.0,0.0,이동/통과
4381,SSM-052,27,563872000,others,5000,2022-12-14 14:45:11+00:00,2022-12-14 14:45:11+00:00,127.7930117,34.83937833,175.8,12.0,-30.69999999999999,-0.6999999999999993,좌선회(30.7°) 이동/통과
4382,SSM-052,28,563872000,others,5000,2022-12-14 14:50:00+00:00,2022-12-14 15:00:39+00:00,127.797505,34.82272333,169.9,13.1,-5.900000000000006,0.9000000000000004,이동/통과
4383,SSM-052,29,563872000,others,5000,2022-12-14 15:05:30+00:00,2022-12-14 15:10:11+00:00,127.8136383,34.76814,167.0,9.6,3.0,-2.1999999999999993,감속 이동/통과
4384,SSM-052,30,563872000,others,5000,2022-12-14 15:14:27+00:00,2022-12-14 15:14:27+00:00,127.8193867,34.74718333,167.0,8.2,0.0,0.0,이동/통과
4385,SSM-052,31,563872000,others,5000,2022-12-14 15:15:11+00:00,2022-12-14 15:15:11+00:00,127.8196867,34.74601,140.2,8.1,-26.80000000000001,-0.09999999999999964,좌선회(26.8°) 이동/통과
4386,SSM-052,32,563872000,others,5000,2022-12-14 15:20:00+00:00,2022-12-14 15:20:29+00:00,127.8231283,34.73278667,132.8,10.6,-7.399999999999977,2.5,가속 이동/통과
4387,SSM-052,33,563872000,others,5000,2022-12-14 15:26:11+00:00,2022-12-14 15:45:00+00:00,127.8360583,34.71601833,127.7,12.685714285714285,-5.1000000000000085,1.3000000000000007,이동/통과
4388,SSM-052,34,563872000,others,5000,2022-12-14 15:51:40+00:00,2022-12-14 15:51:40+00:00,127.9203033,34.66204833,170.2,12.4,47.999999999999986,-0.6999999999999993,우선회(48.0°) 이동/통과
4389,SSM-052,35,563872000,others,5000,2022-12-14 15:55:41+00:00,2022-12-14 16:14:38+00:00,127.9232867,34.64781333,170.1,13.040000000000001,-0.09999999999999432,0.5999999999999996,이동/통과
4390,SSM-052,36,563872000,others,5000,2022-12-14 16:16:40+00:00,2022-12-14 16:16:40+00:00,127.9403567,34.575545,170.1,9.6,-0.4000000000000057,-3.3000000000000007,감속 이동/통과
4391,SSM-052,37,563872000,others,5000,2022-12-14 16:20:19+00:00,2022-12-14 23:39:40+00:00,127.9426683,34.56713833,169.5,11.653749999999999,-0.5999999999999943,-1.4000000000000004,이동/통과
